VANID,Signup Date,Status,Role,Event Name,Event Type,Event Date,Shift Start Time,Shift End Time,Location Name
114820792,2/28/24,Completed,Volunteer,OCCC Volunteer Day ,Group Volunteer,2/16/24,2024-02-16 10:00:00.0000000 -06:00,2024-02-16 12:00:00.0000000 -06:00,
114820794,7/7/23,Completed,Volunteer,Volunteer Paint Party at NEW Sisu HQ,Group Volunteer,7/15/23,2023-07-15 09:00:00.0000000 -05:00,2023-07-15 15:00:00.0000000 -05:00,Sisu Youth Services
114820877,5/3/23,Completed,Volunteer,April Meal Train ,Meal Train,4/9/23,2023-04-09 17:00:00.0000000 -04:00,2023-04-09 18:00:00.0000000 -04:00,Sisu Youth Services
114820877,4/4/23,Completed,Volunteer,Meal Train,Meal Train,3/12/23,2023-03-12 17:00:00.0000000 -04:00,2023-03-12 18:00:00.0000000 -04:00,Sisu Youth Services
114820877,8/16/23,Completed,Volunteer,August Meal Train ,Meal Train,8/13/23,2023-08-13 16:30:00.0000000 -04:00,2023-08-13 18:00:00.0000000 -04:00,Sisu Youth Services
114820877,10/25/23,Completed,Volunteer,Sept Meal Train ,Meal Train,9/10/23,2023-09-10 16:30:00.0000000 -05:00,2023-09-10 18:30:00.0000000 -05:00,Sisu Youth Services
114820877,10/25/23,Completed,Volunteer,Oct Meal Train ,Meal Train,10/8/23,2023-10-08 16:30:00.0000000 -05:00,2023-10-08 18:00:00.0000000 -05:00,Sisu Youth Services
114820877,3/5/25,Completed,Volunteer,Meal Train,Meal Train,2/9/25,2025-02-09 16:00:00.0000000 -06:00,2025-02-09 19:00:00.0000000 -06:00,
114820877,2/15/23,Completed,Volunteer,Meal Train,Meal Train,1/8/23,2023-01-08 17:00:00.0000000 -05:00,2023-01-08 18:00:00.0000000 -05:00,Sisu Youth Services
114820877,3/10/23,Completed,Volunteer,Meal Train,Meal Train,2/6/23,2023-02-06 17:00:00.0000000 -05:00,2023-02-06 18:00:00.0000000 -05:00,Sisu Youth Services
114820877,12/5/23,Completed,Volunteer,Dec Meal Train,Meal Train,12/9/23,2023-12-09 16:00:00.0000000 -06:00,2023-12-09 17:30:00.0000000 -06:00,Sisu Youth Services
114820877,1/2/24,Completed,Volunteer,January Meal Train,Meal Train,1/14/24,2024-01-14 16:30:00.0000000 -06:00,2024-01-14 18:00:00.0000000 -06:00,Sisu Youth Services
114820877,2/27/24,Completed,Volunteer,March Meal Train,Meal Train,3/9/24,2024-03-09 16:30:00.0000000 -06:00,2024-03-09 18:00:00.0000000 -06:00,Sisu Youth Services
114820877,5/3/24,Completed,Volunteer,April Meal Train,Meal Train,4/14/24,2024-04-14 16:00:00.0000000 -05:00,2024-04-14 18:30:00.0000000 -05:00,Sisu Youth Services
114820877,5/7/24,Completed,Volunteer,May Meal Train,Meal Train,5/12/24,2024-05-12 16:00:00.0000000 -05:00,2024-05-12 19:00:00.0000000 -05:00,Sisu Youth Services
114820877,6/7/24,Completed,Volunteer,June Meal Train,Meal Train,6/9/24,2024-06-09 17:00:00.0000000 -05:00,2024-06-09 19:30:00.0000000 -05:00,Sisu Youth Services
114820877,7/2/24,Completed,Volunteer,Meal Train,Meal Train,7/14/24,2024-07-14 16:30:00.0000000 -05:00,2024-07-14 19:30:00.0000000 -05:00,Sisu Youth Services
114820877,8/19/24,Completed,Volunteer,Meal Train,Meal Train,8/11/24,2024-08-11 16:30:00.0000000 -05:00,2024-08-11 19:30:00.0000000 -05:00,Sisu Youth Services
114820877,9/2/24,Completed,Volunteer,Meal Train,Meal Train,9/15/24,2024-09-15 16:30:00.0000000 -05:00,2024-09-15 19:30:00.0000000 -05:00,Sisu Youth Services
114820877,1/1/25,Completed,Volunteer,Meal Train,Meal Train,10/12/24,2024-10-12 16:30:00.0000000 -05:00,2024-10-12 19:30:00.0000000 -05:00,Sisu Youth Services
114820877,1/1/25,Completed,Volunteer,Meal Train,Meal Train,11/10/24,2024-11-10 16:30:00.0000000 -06:00,2024-11-10 19:30:00.0000000 -06:00,Sisu Youth Services
114820877,1/1/25,Completed,Volunteer,Meal Train,Meal Train,12/8/24,2024-12-08 16:30:00.0000000 -06:00,2024-12-08 19:30:00.0000000 -06:00,Sisu Youth Services
114820877,1/20/25,Completed,Volunteer,Meal Train,Meal Train,1/12/25,2025-01-12 16:00:00.0000000 -06:00,2025-01-12 19:00:00.0000000 -06:00,Sisu Youth Services
114820877,2/13/25,Completed,Volunteer,Meal Train,Meal Train,2/8/25,2025-02-08 16:00:00.0000000 -06:00,2025-02-08 19:00:00.0000000 -06:00,Sisu Youth Services
114820877,3/10/25,Completed,Volunteer,Meal Train,Meal Train,3/9/25,2025-03-09 16:00:00.0000000 -05:00,2025-03-09 19:00:00.0000000 -05:00,Sisu Youth Services
114820877,4/17/25,Completed,Volunteer,Meal Train,Meal Train,4/13/25,2025-04-13 16:00:00.0000000 -05:00,2025-04-13 19:00:00.0000000 -05:00,Sisu Youth Services
114820877,6/26/25,Completed,Volunteer,Meal Train,Meal Train,6/8/25,2025-06-08 16:00:00.0000000 -05:00,2025-06-08 19:00:00.0000000 -05:00,Sisu Youth Services
114820877,8/18/25,Completed,Volunteer,Meal Train,Meal Train,7/13/25,2025-07-13 16:00:00.0000000 -05:00,2025-07-13 19:00:00.0000000 -05:00,Sisu Youth Services
114820877,8/18/25,Completed,Volunteer,Meal Train,Meal Train,8/10/25,2025-08-10 16:00:00.0000000 -05:00,2025-08-10 19:00:00.0000000 -05:00,Sisu Youth Services
114820877,10/22/25,Completed,Volunteer,Meal Train,Meal Train,9/14/25,2025-09-14 16:00:00.0000000 -05:00,2025-09-14 19:00:00.0000000 -05:00,Sisu Youth Services
114820877,10/22/25,Completed,Volunteer,Meal Train,Meal Train,10/12/25,2025-10-12 16:00:00.0000000 -05:00,2025-10-12 19:00:00.0000000 -05:00,Sisu Youth Services
114820877,10/22/25,Sched-Web,Volunteer,Meal Train,Meal Train,11/9/25,2025-11-09 16:00:00.0000000 -06:00,2025-11-09 19:00:00.0000000 -06:00,Sisu Youth Services
114820909,2/27/25,Completed,Volunteer,Shelter Shift ,Shelter Shift,1/30/25,2025-01-30 16:00:00.0000000 -06:00,2025-01-30 19:00:00.0000000 -06:00,Sisu Youth Services
114820909,2/27/25,Completed,Volunteer,Shelter Shift ,Shelter Shift,2/16/25,2025-02-16 16:00:00.0000000 -06:00,2025-02-16 19:00:00.0000000 -06:00,Sisu Youth Services
114820909,4/16/25,Completed,Volunteer,Shelter Shift ,Shelter Shift,3/9/25,2025-03-09 19:00:00.0000000 -05:00,2025-03-09 22:00:00.0000000 -05:00,Sisu Youth Services
114820909,4/16/25,Completed,Volunteer,Shelter Shift ,Shelter Shift,3/16/25,2025-03-16 19:00:00.0000000 -05:00,2025-03-16 22:00:00.0000000 -05:00,Sisu Youth Services
114820909,4/29/25,Completed,Volunteer,Shelter Shift ,Shelter Shift,4/20/25,2025-04-20 17:30:00.0000000 -05:00,2025-04-20 19:30:00.0000000 -05:00,Sisu Youth Services
114820909,7/29/24,Completed,Volunteer,Shelter Shifts,Shelter Shift,7/5/24,2024-07-05 16:00:00.0000000 -04:00,2024-07-05 19:00:00.0000000 -04:00,Sisu Youth Services
114820909,7/29/24,Completed,Volunteer,Shelter Shifts,Shelter Shift,7/14/24,2024-07-14 16:00:00.0000000 -04:00,2024-07-14 19:00:00.0000000 -04:00,Sisu Youth Services
114820909,8/19/24,Completed,Volunteer,Shelter Shifts,Shelter Shift,8/4/24,2024-08-04 16:00:00.0000000 -04:00,2024-08-04 19:00:00.0000000 -04:00,Sisu Youth Services
114820909,8/19/24,Completed,Volunteer,Shelter Shifts,Shelter Shift,8/11/24,2024-08-11 16:00:00.0000000 -04:00,2024-08-11 19:00:00.0000000 -04:00,Sisu Youth Services
114820909,10/21/24,Completed,Volunteer,Shelter Shifts,Shelter Shift,9/8/24,2024-09-08 16:00:00.0000000 -04:00,2024-09-08 19:00:00.0000000 -04:00,Sisu Youth Services
114820909,10/21/24,Completed,Volunteer,Shelter Shifts,Shelter Shift,9/15/24,2024-09-15 16:00:00.0000000 -04:00,2024-09-15 19:00:00.0000000 -04:00,Sisu Youth Services
114820909,10/21/24,Completed,Volunteer,Shelter Shifts,Shelter Shift,10/6/24,2024-10-06 16:00:00.0000000 -04:00,2024-10-06 19:00:00.0000000 -04:00,Sisu Youth Services
114820909,10/21/24,Completed,Volunteer,Shelter Shifts,Shelter Shift,10/13/24,2024-10-13 17:30:00.0000000 -04:00,2024-10-13 19:30:00.0000000 -04:00,Sisu Youth Services
114820909,11/19/24,Completed,Volunteer,Shelter Shifts,Shelter Shift,11/10/24,2024-11-10 16:00:00.0000000 -05:00,2024-11-10 19:00:00.0000000 -05:00,Sisu Youth Services
114820909,11/19/24,Completed,Volunteer,Shelter Shifts,Shelter Shift,11/17/24,2024-11-17 16:00:00.0000000 -05:00,2024-11-17 19:00:00.0000000 -05:00,Sisu Youth Services
114820909,2/27/25,Completed,Volunteer,Shelter Shifts,Shelter Shift,12/29/24,2024-12-29 16:00:00.0000000 -05:00,2024-12-29 19:00:00.0000000 -05:00,Sisu Youth Services
114820909,5/29/25,Completed,Volunteer,Shelter Shift ,Shelter Shift,5/11/25,2025-05-11 16:00:00.0000000 -05:00,2025-05-11 19:00:00.0000000 -05:00,Sisu Youth Services
114820909,5/29/25,Completed,Volunteer,Shelter Shift ,Shelter Shift,5/25/25,2025-05-25 17:30:00.0000000 -05:00,2025-05-25 19:30:00.0000000 -05:00,Sisu Youth Services
114820909,6/26/25,Completed,Volunteer,Shelter Shift ,Shelter Shift,6/1/25,2025-06-01 17:30:00.0000000 -05:00,2025-06-01 19:30:00.0000000 -05:00,Sisu Youth Services
114820909,6/26/25,Completed,Volunteer,Shelter Shift ,Shelter Shift,6/29/25,2025-06-29 17:30:00.0000000 -05:00,2025-06-29 19:30:00.0000000 -05:00,Sisu Youth Services
114820909,11/17/25,Completed,Volunteer,Shelter Shift ,Shelter Shift,7/13/25,2025-07-13 17:30:00.0000000 -05:00,2025-07-13 19:30:00.0000000 -05:00,Sisu Youth Services
114820909,11/17/25,Completed,Volunteer,Shelter Shift ,Shelter Shift,8/17/25,2025-08-17 17:30:00.0000000 -05:00,2025-08-17 19:30:00.0000000 -05:00,Sisu Youth Services
114820909,11/17/25,Completed,Volunteer,Shelter Shift ,Shelter Shift,9/28/25,2025-09-28 17:30:00.0000000 -05:00,2025-09-28 19:30:00.0000000 -05:00,Sisu Youth Services
114820909,11/17/25,Completed,Volunteer,Shelter Shift ,Shelter Shift,11/9/25,2025-11-09 17:30:00.0000000 -06:00,2025-11-09 19:30:00.0000000 -06:00,Sisu Youth Services
114820909,7/29/24,Completed,Volunteer,June Shelter Shift,Shelter Shift,6/9/24,2024-06-09 16:00:00.0000000 -05:00,2024-06-09 19:00:00.0000000 -05:00,Sisu Youth Services
114820909,1/31/24,Completed,Volunteer,January Shelter Shift,Shelter Shift,1/7/24,2024-01-07 16:00:00.0000000 -06:00,2024-01-07 19:00:00.0000000 -06:00,Sisu Youth Services
114820909,3/10/23,Completed,Volunteer,Shelter Shift,Shelter Shift,2/19/23,2023-02-19 16:00:00.0000000 -05:00,2023-02-19 19:00:00.0000000 -05:00,Sisu Youth Services
114820909,3/10/23,Completed,Volunteer,Shelter Shift,Shelter Shift,2/26/23,2023-02-26 16:00:00.0000000 -05:00,2023-02-26 19:00:00.0000000 -05:00,Sisu Youth Services
114820909,4/3/23,Completed,Volunteer,Shelter Shift ,Shelter Shift,3/5/23,2023-03-05 16:00:00.0000000 -05:00,2023-03-05 19:00:00.0000000 -05:00,Sisu Youth Services
114820909,4/3/23,Completed,Volunteer,Shelter Shift ,Shelter Shift,3/12/23,2023-03-12 16:00:00.0000000 -04:00,2023-03-12 19:00:00.0000000 -04:00,Sisu Youth Services
114820909,2/13/23,Completed,Volunteer,Shelter Shift,Shelter Shift,1/29/23,2023-01-29 16:00:00.0000000 -06:00,2023-01-29 19:00:00.0000000 -06:00,Sisu Youth Services
114820909,2/13/23,Completed,Volunteer,Shelter Shift,Shelter Shift,1/22/23,2023-01-22 16:00:00.0000000 -06:00,2023-01-22 19:00:00.0000000 -06:00,Sisu Youth Services
114820909,9/19/23,Confirmed,Volunteer,September Shelter Shift ,Shelter Shift,9/1/23,2023-09-01 16:00:00.0000000 -05:00,2023-09-01 19:00:00.0000000 -05:00,Sisu Youth Services
114820909,8/23/23,Completed,Volunteer,August Shelter ,Shelter Shift,8/20/23,2023-08-20 16:00:00.0000000 -05:00,2023-08-20 19:00:00.0000000 -05:00,Sisu Youth Services
114820909,7/24/23,Completed,Volunteer,July Shelter Shift ,Shelter Shift,7/23/23,2023-07-23 16:00:00.0000000 -04:00,2023-07-23 19:00:00.0000000 -04:00,Sisu Youth Services
114820909,7/31/23,Completed,Volunteer,July Shelter Shift ,Shelter Shift,7/30/23,2023-07-30 10:00:00.0000000 -04:00,2023-07-30 13:00:00.0000000 -04:00,Sisu Youth Services
114820909,5/3/23,Completed,Volunteer,April Shelter Shift,Shelter Shift,4/23/23,2023-04-23 16:00:00.0000000 -04:00,2023-04-23 19:00:00.0000000 -04:00,Sisu Youth Services
114820909,5/8/23,Completed,Volunteer,May Shelter Shift ,Shelter Shift,5/7/23,2023-05-07 16:00:00.0000000 -04:00,2023-05-07 19:00:00.0000000 -04:00,Sisu Youth Services
114820923,7/21/23,Sched-Web,Volunteer,Volunteer Paint Party at NEW Sisu HQ,Group Volunteer,7/23/23,2023-07-23 11:30:00.0000000 -05:00,2023-07-23 14:30:00.0000000 -05:00,Sisu Youth Services
114820929,7/21/23,Sched-Web,Volunteer,Volunteer Paint Party at NEW Sisu HQ,Group Volunteer,7/23/23,2023-07-23 11:30:00.0000000 -05:00,2023-07-23 14:30:00.0000000 -05:00,Sisu Youth Services
114820957,9/6/24,Completed,Volunteer,Meal Train,Meal Train,9/13/24,2024-09-13 16:30:00.0000000 -05:00,2024-09-13 19:30:00.0000000 -05:00,Sisu Youth Services
114820982,5/12/23,Completed,Volunteer,May Meal Train,Meal Train,5/8/23,2023-05-08 17:00:00.0000000 -04:00,2023-05-08 18:00:00.0000000 -04:00,Sisu Youth Services
114820982,4/4/23,Completed,Volunteer,Meal Train,Meal Train,3/2/23,2023-03-02 17:00:00.0000000 -05:00,2023-03-02 18:00:00.0000000 -05:00,Sisu Youth Services
114820997,7/25/23,Sched-Web,Volunteer,Volunteer Paint Party at NEW Sisu HQ,Group Volunteer,7/29/23,2023-07-29 12:00:00.0000000 -05:00,2023-07-29 15:00:00.0000000 -05:00,Sisu Youth Services
114820998,4/4/23,Completed,Volunteer,Shelter Shift,Shelter Shift,3/23/23,2023-03-23 19:00:00.0000000 -04:00,2023-03-23 22:00:00.0000000 -04:00,Sisu Youth Services
114820998,4/4/23,Completed,Volunteer,Shelter Shift,Shelter Shift,3/9/23,2023-03-09 19:00:00.0000000 -05:00,2023-03-09 22:00:00.0000000 -05:00,Sisu Youth Services
114820998,4/4/23,Completed,Volunteer,Shelter Shift,Shelter Shift,3/30/23,2023-03-30 19:00:00.0000000 -04:00,2023-03-30 22:00:00.0000000 -04:00,Sisu Youth Services
114820998,11/21/23,Sched-Web,Attendee,Volunteer Refresher,Training,12/2/23,2023-12-02 14:00:00.0000000 -06:00,2023-12-02 16:00:00.0000000 -06:00,
114820998,2/17/23,Completed,Volunteer,Shelter Shift,Shelter Shift,2/2/23,2023-02-02 16:00:00.0000000 -05:00,2023-02-02 19:00:00.0000000 -05:00,Sisu Youth Services
114820998,3/10/23,Completed,Volunteer,Shelter Shift,Shelter Shift,2/23/23,2023-02-23 16:00:00.0000000 -05:00,2023-02-23 19:00:00.0000000 -05:00,Sisu Youth Services
114820998,4/10/24,Completed,Volunteer,April Shelter Shift,Shelter Shift,4/9/24,2024-04-09 17:30:00.0000000 -05:00,2024-04-09 19:30:00.0000000 -05:00,Sisu Youth Services
114820998,4/10/24,Completed,Volunteer,April Shelter Shift,Shelter Shift,4/11/24,2024-04-11 17:30:00.0000000 -05:00,2024-04-11 19:30:00.0000000 -05:00,Sisu Youth Services
114820998,5/3/24,Completed,Volunteer,April Shelter Shift,Shelter Shift,4/30/24,2024-04-30 17:30:00.0000000 -05:00,2024-04-30 19:30:00.0000000 -05:00,Sisu Youth Services
114820998,5/21/24,Completed,Volunteer,May Shelter Shift ,Shelter Shift,5/21/24,2024-05-21 17:00:00.0000000 -06:00,2024-05-21 20:00:00.0000000 -06:00,Sisu Youth Services
114820998,10/25/23,Sched-Web,Volunteer,Sisu Packing Party ,Group Volunteer,11/11/23,2023-11-11 10:30:00.0000000 -05:00,2023-11-11 12:30:00.0000000 -05:00,Sisu Youth Services
114820999,5/16/24,Completed,Volunteer,May Meal Train,Meal Train,5/25/24,2024-05-25 16:00:00.0000000 -05:00,2024-05-25 19:00:00.0000000 -05:00,Sisu Youth Services
114820999,7/24/23,Completed,Volunteer,July Meal Train ,Meal Train,7/23/23,2023-07-23 16:00:00.0000000 -04:00,2023-07-23 18:30:00.0000000 -04:00,Sisu Youth Services
114820999,10/6/23,Completed,Volunteer,August Meal Train ,Meal Train,8/20/23,2023-08-20 16:30:00.0000000 -04:00,2023-08-20 18:00:00.0000000 -04:00,Sisu Youth Services
114820999,10/6/23,Sched-Web,Volunteer,Oct Meal Train ,Meal Train,10/13/23,2023-10-13 16:30:00.0000000 -05:00,2023-10-13 18:00:00.0000000 -05:00,Sisu Youth Services
114820999,4/16/25,Completed,Volunteer,Shelter Shift ,Shelter Shift,3/31/25,2025-03-31 17:30:00.0000000 -05:00,2025-03-31 19:30:00.0000000 -05:00,Sisu Youth Services
114820999,4/16/25,Completed,Volunteer,Meal Train,Meal Train,3/31/25,2025-03-31 16:00:00.0000000 -05:00,2025-03-31 19:00:00.0000000 -05:00,Sisu Youth Services
114821015,5/29/25,Completed,Volunteer,Meal Train,Meal Train,5/18/25,2025-05-18 16:00:00.0000000 -05:00,2025-05-18 19:00:00.0000000 -05:00,Sisu Youth Services
114821015,10/23/25,Sched-Web,Volunteer,Meal Train,Meal Train,11/2/25,2025-11-02 16:00:00.0000000 -06:00,2025-11-02 19:00:00.0000000 -06:00,Sisu Youth Services
114821015,10/23/25,Completed,Volunteer,Meal Train,Meal Train,9/16/25,2025-09-16 16:00:00.0000000 -05:00,2025-09-16 19:00:00.0000000 -05:00,Sisu Youth Services
114821015,5/8/23,Completed,Volunteer,May Meal Train,Meal Train,5/7/23,2023-05-07 17:00:00.0000000 -04:00,2023-05-07 18:00:00.0000000 -04:00,Sisu Youth Services
114821015,5/12/23,Completed,Volunteer,May Meal Train,Meal Train,5/8/23,2023-05-08 17:00:00.0000000 -04:00,2023-05-08 18:00:00.0000000 -04:00,Sisu Youth Services
114821015,5/3/24,Completed,Volunteer,April Meal Train,Meal Train,4/28/24,2024-04-28 16:00:00.0000000 -05:00,2024-04-28 18:30:00.0000000 -05:00,Sisu Youth Services
114821015,9/2/24,Completed,Volunteer,Meal Train,Meal Train,9/16/24,2024-09-16 16:30:00.0000000 -05:00,2024-09-16 19:30:00.0000000 -05:00,Sisu Youth Services
114821015,7/16/24,Completed,Volunteer,Meal Train,Meal Train,7/21/24,2024-07-21 16:30:00.0000000 -05:00,2024-07-21 19:30:00.0000000 -05:00,Sisu Youth Services
114821015,2/27/24,Completed,Volunteer,March Meal Train,Meal Train,3/3/24,2024-03-03 16:30:00.0000000 -06:00,2024-03-03 18:00:00.0000000 -06:00,Sisu Youth Services
114821019,10/23/25,Completed,Volunteer,Meal Train,Meal Train,11/5/25,2025-11-05 16:00:00.0000000 -06:00,2025-11-05 19:00:00.0000000 -06:00,Sisu Youth Services
114821036,1/11/24,Completed,Volunteer,January Shelter Shift,Shelter Shift,1/10/24,2024-01-10 17:30:00.0000000 -06:00,2024-01-10 19:30:00.0000000 -06:00,Sisu Youth Services
114821036,2/17/23,Completed,Volunteer,Shelter Shift,Shelter Shift,2/1/23,2023-02-01 16:00:00.0000000 -05:00,2023-02-01 19:00:00.0000000 -05:00,Sisu Youth Services
114821036,2/17/23,Completed,Volunteer,Shelter Shift,Shelter Shift,2/8/23,2023-02-08 16:00:00.0000000 -05:00,2023-02-08 19:00:00.0000000 -05:00,Sisu Youth Services
114821036,3/10/23,Completed,Volunteer,Shelter Shift,Shelter Shift,2/12/23,2023-02-12 19:00:00.0000000 -05:00,2023-02-12 22:00:00.0000000 -05:00,Sisu Youth Services
114821036,2/17/23,Completed,Volunteer,Shelter Shift,Shelter Shift,2/13/23,2023-02-13 16:00:00.0000000 -05:00,2023-02-13 19:00:00.0000000 -05:00,Sisu Youth Services
114821036,2/13/23,Completed,Volunteer,Shelter Shift,Shelter Shift,1/18/23,2023-01-18 16:00:00.0000000 -06:00,2023-01-18 19:00:00.0000000 -06:00,Sisu Youth Services
114821036,2/13/23,Completed,Volunteer,Shelter Shift,Shelter Shift,1/4/23,2023-01-04 16:00:00.0000000 -06:00,2023-01-04 19:00:00.0000000 -06:00,Sisu Youth Services
114821045,5/3/23,Completed,Volunteer,April Meal Train ,Meal Train,4/16/23,2023-04-16 17:00:00.0000000 -04:00,2023-04-16 18:00:00.0000000 -04:00,Sisu Youth Services
114821045,7/2/24,Completed,Volunteer,Meal Train,Meal Train,7/28/24,2024-07-28 16:30:00.0000000 -05:00,2024-07-28 19:30:00.0000000 -05:00,Sisu Youth Services
114821045,8/19/24,Completed,Volunteer,Meal Train,Meal Train,8/16/24,2024-08-16 16:30:00.0000000 -05:00,2024-08-16 19:30:00.0000000 -05:00,Sisu Youth Services
114821045,6/7/24,Completed,Volunteer,June Meal Train,Meal Train,6/16/24,2024-06-16 17:00:00.0000000 -05:00,2024-06-16 19:30:00.0000000 -05:00,Sisu Youth Services
114821077,1/18/24,Completed,Volunteer,January Meal Train,Meal Train,1/19/24,2024-01-19 16:30:00.0000000 -06:00,2024-01-19 18:00:00.0000000 -06:00,Sisu Youth Services
114821077,4/8/24,Completed,Volunteer,April Meal Train,Meal Train,4/12/24,2024-04-12 16:00:00.0000000 -05:00,2024-04-12 18:30:00.0000000 -05:00,Sisu Youth Services
114821077,10/22/25,Completed,Volunteer,Meal Train,Meal Train,10/19/25,2025-10-19 16:00:00.0000000 -05:00,2025-10-19 19:00:00.0000000 -05:00,Sisu Youth Services
114821077,3/10/25,Completed,Volunteer,Meal Train,Meal Train,3/3/25,2025-03-03 16:00:00.0000000 -06:00,2025-03-03 19:00:00.0000000 -06:00,Sisu Youth Services
114821081,2/4/25,Completed,Volunteer,Meal Train,Meal Train,1/25/25,2025-01-25 16:00:00.0000000 -06:00,2025-01-25 19:00:00.0000000 -06:00,Sisu Youth Services
114821081,4/2/24,Completed,Volunteer,Birthday Party,PYD,3/29/24,2024-03-29 16:00:00.0000000 -05:00,2024-03-29 18:00:00.0000000 -05:00,Sisu Youth Services
114821081,5/3/23,Completed,Volunteer,April Meal Train ,Meal Train,4/29/23,2023-04-29 17:00:00.0000000 -04:00,2023-04-29 18:00:00.0000000 -04:00,Sisu Youth Services
114821081,8/8/23,Sched-Web,Volunteer,August Meal Train ,Meal Train,8/26/23,2023-08-26 16:30:00.0000000 -04:00,2023-08-26 18:00:00.0000000 -04:00,Sisu Youth Services
114821081,7/25/23,Confirmed,Volunteer,July Meal Train ,Meal Train,7/29/23,2023-07-29 16:00:00.0000000 -04:00,2023-07-29 18:30:00.0000000 -04:00,Sisu Youth Services
114821081,7/25/23,Completed,Attendee,July Volunteer Orientation,Training,7/30/23,2023-07-30 15:00:00.0000000 -05:00,2023-07-30 16:30:00.0000000 -05:00,Sisu Youth Services
114821081,2/15/23,Completed,Volunteer,Meal Train,Meal Train,1/28/23,2023-01-28 17:00:00.0000000 -05:00,2023-01-28 18:00:00.0000000 -05:00,Sisu Youth Services
114823212,2/15/23,Completed,Volunteer,Meal Train,Meal Train,1/21/23,2023-01-21 17:00:00.0000000 -05:00,2023-01-21 18:00:00.0000000 -05:00,Sisu Youth Services
114823212,8/10/23,Completed,Volunteer,August Meal Train ,Meal Train,8/12/23,2023-08-12 16:30:00.0000000 -04:00,2023-08-12 18:00:00.0000000 -04:00,Sisu Youth Services
114823212,5/3/23,Completed,Volunteer,April Meal Train ,Meal Train,4/28/23,2023-04-28 17:00:00.0000000 -04:00,2023-04-28 18:00:00.0000000 -04:00,Sisu Youth Services
114823226,6/26/25,Completed,Volunteer,Meal Train,Meal Train,6/27/25,2025-06-27 16:00:00.0000000 -05:00,2025-06-27 19:00:00.0000000 -05:00,Sisu Youth Services
115834649,4/9/24,Completed,Volunteer,March Meal Train,Meal Train,3/18/24,2024-03-18 16:30:00.0000000 -06:00,2024-03-18 18:00:00.0000000 -06:00,Sisu Youth Services
115834716,9/12/23,Sched-Web,Volunteer,Sept Meal Train ,Meal Train,9/29/23,2023-09-29 16:30:00.0000000 -05:00,2023-09-29 18:30:00.0000000 -05:00,Sisu Youth Services
115834736,5/29/25,Completed,Volunteer,Meal Train,Meal Train,5/19/25,2025-05-19 16:00:00.0000000 -05:00,2025-05-19 19:00:00.0000000 -05:00,Sisu Youth Services
115834736,2/25/25,Completed,Attendee,March Volunteer Orientation ,Vol Orientatio,3/1/25,2025-03-01 11:00:00.0000000 -06:00,2025-03-01 12:00:00.0000000 -06:00,Sisu Youth Services
115834795,9/19/23,Completed,Volunteer,Sept Meal Train ,Meal Train,9/18/23,2023-09-18 16:30:00.0000000 -05:00,2023-09-18 18:30:00.0000000 -05:00,Sisu Youth Services
115834801,11/19/25,Completed,Volunteer,Meal Train,Meal Train,11/24/25,2025-11-24 16:00:00.0000000 -06:00,2025-11-24 19:00:00.0000000 -06:00,Sisu Youth Services
115834812,7/9/24,Completed,Volunteer,Meal Train,Meal Train,7/10/24,2024-07-10 16:30:00.0000000 -05:00,2024-07-10 19:30:00.0000000 -05:00,Sisu Youth Services
115834817,2/15/23,Completed,Volunteer,Meal Train,Meal Train,1/6/23,2023-01-06 17:00:00.0000000 -05:00,2023-01-06 18:00:00.0000000 -05:00,Sisu Youth Services
115834818,2/7/23,Completed,Volunteer,Shelter Shift,Shelter Shift,1/31/23,2023-01-31 19:00:00.0000000 -06:00,2023-01-31 22:00:00.0000000 -06:00,Sisu Youth Services
115834818,2/7/23,Completed,Volunteer,Shelter Shift,Shelter Shift,1/3/23,2023-01-03 19:00:00.0000000 -06:00,2023-01-03 22:00:00.0000000 -06:00,Sisu Youth Services
115834818,2/7/23,Completed,Volunteer,Shelter Shift,Shelter Shift,1/17/23,2023-01-17 19:00:00.0000000 -06:00,2023-01-17 22:00:00.0000000 -06:00,Sisu Youth Services
115834818,7/17/23,Completed,Volunteer,Volunteer Paint Party at NEW Sisu HQ,Group Volunteer,7/15/23,2023-07-15 09:00:00.0000000 -05:00,2023-07-15 15:00:00.0000000 -05:00,Sisu Youth Services
115834826,12/6/23,No Show,Attendee,Volunteer Refresher ,Training,1/6/24,2024-01-06 14:00:00.0000000 -06:00,2024-01-06 16:00:00.0000000 -06:00,Sisu Youth Services
115834895,12/5/23,Sched-Web,Volunteer,Dec Meal Train,Meal Train,12/4/23,2023-12-04 16:00:00.0000000 -06:00,2023-12-04 17:30:00.0000000 -06:00,Sisu Youth Services
115834895,1/4/24,Completed,Volunteer,January Meal Train,Meal Train,1/7/24,2024-01-07 16:30:00.0000000 -06:00,2024-01-07 18:00:00.0000000 -06:00,Sisu Youth Services
115834895,10/6/23,Sched-Web,Volunteer,Oct Meal Train ,Meal Train,10/6/23,2023-10-06 16:30:00.0000000 -05:00,2023-10-06 18:00:00.0000000 -05:00,Sisu Youth Services
115834895,10/30/23,Sched-Web,Volunteer,November Meal Train ,Meal Train,11/4/23,2023-11-04 16:00:00.0000000 -05:00,2023-11-04 18:00:00.0000000 -05:00,Sisu Youth Services
115834895,3/7/24,Completed,Volunteer,March Meal Train,Meal Train,3/9/24,2024-03-09 16:30:00.0000000 -06:00,2024-03-09 18:00:00.0000000 -06:00,Sisu Youth Services
115834895,2/5/24,Completed,Volunteer,February Meal Train,Meal Train,2/2/24,2024-02-02 16:00:00.0000000 -06:00,2024-02-02 17:30:00.0000000 -06:00,Sisu Youth Services
115834895,8/19/24,Completed,Volunteer,Meal Train,Meal Train,8/18/24,2024-08-18 16:30:00.0000000 -05:00,2024-08-18 19:30:00.0000000 -05:00,Sisu Youth Services
115834895,9/2/24,Completed,Volunteer,Meal Train,Meal Train,9/2/24,2024-09-02 16:30:00.0000000 -05:00,2024-09-02 19:30:00.0000000 -05:00,Sisu Youth Services
115834895,8/19/24,Completed,Volunteer,Meal Train,Meal Train,8/3/24,2024-08-03 16:30:00.0000000 -05:00,2024-08-03 19:30:00.0000000 -05:00,Sisu Youth Services
115834895,1/1/25,Completed,Volunteer,Meal Train,Meal Train,10/6/24,2024-10-06 16:30:00.0000000 -05:00,2024-10-06 19:30:00.0000000 -05:00,Sisu Youth Services
115834895,10/29/24,Completed,Volunteer,Meal Train,Meal Train,10/20/24,2024-10-20 16:30:00.0000000 -05:00,2024-10-20 19:30:00.0000000 -05:00,Sisu Youth Services
115834895,1/1/25,Completed,Volunteer,Meal Train,Meal Train,12/22/24,2024-12-22 16:30:00.0000000 -06:00,2024-12-22 19:30:00.0000000 -06:00,Sisu Youth Services
115834895,1/1/25,Completed,Volunteer,Meal Train,Meal Train,12/15/24,2024-12-15 16:30:00.0000000 -06:00,2024-12-15 19:30:00.0000000 -06:00,Sisu Youth Services
115834895,1/1/25,Completed,Volunteer,Meal Train,Meal Train,11/17/24,2024-11-17 16:30:00.0000000 -06:00,2024-11-17 19:30:00.0000000 -06:00,Sisu Youth Services
115834895,6/12/24,Completed,Volunteer,June Meal Train,Meal Train,6/12/24,2024-06-12 17:00:00.0000000 -05:00,2024-06-12 19:30:00.0000000 -05:00,Sisu Youth Services
115834895,5/16/24,Completed,Volunteer,May Meal Train,Meal Train,5/27/24,2024-05-27 16:00:00.0000000 -05:00,2024-05-27 19:00:00.0000000 -05:00,Sisu Youth Services
115834895,5/3/24,Completed,Volunteer,April Meal Train,Meal Train,4/11/24,2024-04-11 16:00:00.0000000 -05:00,2024-04-11 18:30:00.0000000 -05:00,Sisu Youth Services
115834895,5/7/24,Completed,Volunteer,May Meal Train,Meal Train,5/4/24,2024-05-04 16:00:00.0000000 -05:00,2024-05-04 19:00:00.0000000 -05:00,Sisu Youth Services
115834895,5/8/23,Completed,Volunteer,May Meal Train,Meal Train,5/3/23,2023-05-03 17:00:00.0000000 -04:00,2023-05-03 18:00:00.0000000 -04:00,Sisu Youth Services
115834895,4/4/23,Completed,Volunteer,Meal Train,Meal Train,3/3/23,2023-03-03 17:00:00.0000000 -05:00,2023-03-03 18:00:00.0000000 -05:00,Sisu Youth Services
115834895,4/4/23,Completed,Volunteer,Meal Train,Meal Train,3/5/23,2023-03-05 17:00:00.0000000 -05:00,2023-03-05 18:00:00.0000000 -05:00,Sisu Youth Services
115834895,10/6/23,Completed,Volunteer,Sept Meal Train ,Meal Train,9/6/23,2023-09-06 16:30:00.0000000 -05:00,2023-09-06 18:30:00.0000000 -05:00,Sisu Youth Services
115834895,8/8/23,Confirmed,Volunteer,August Meal Train ,Meal Train,8/10/23,2023-08-10 16:30:00.0000000 -04:00,2023-08-10 18:00:00.0000000 -04:00,Sisu Youth Services
115834895,7/31/23,Completed,Volunteer,July Meal Train ,Meal Train,7/7/23,2023-07-07 16:00:00.0000000 -04:00,2023-07-07 18:30:00.0000000 -04:00,Sisu Youth Services
115834895,2/15/23,Completed,Volunteer,Meal Train,Meal Train,1/18/23,2023-01-18 17:00:00.0000000 -05:00,2023-01-18 18:00:00.0000000 -05:00,Sisu Youth Services
115834895,3/10/23,Completed,Volunteer,Meal Train,Meal Train,2/4/23,2023-02-04 17:00:00.0000000 -05:00,2023-02-04 18:00:00.0000000 -05:00,Sisu Youth Services
115834895,8/18/25,Completed,Volunteer,Meal Train,Meal Train,8/17/25,2025-08-17 16:00:00.0000000 -05:00,2025-08-17 19:00:00.0000000 -05:00,Sisu Youth Services
115834895,5/29/25,Completed,Volunteer,Meal Train,Meal Train,5/25/25,2025-05-25 16:00:00.0000000 -05:00,2025-05-25 19:00:00.0000000 -05:00,Sisu Youth Services
115834895,4/17/25,Completed,Volunteer,Meal Train,Meal Train,4/20/25,2025-04-20 16:00:00.0000000 -05:00,2025-04-20 19:00:00.0000000 -05:00,Sisu Youth Services
115834895,5/29/25,Completed,Volunteer,Meal Train,Meal Train,5/4/25,2025-05-04 16:00:00.0000000 -05:00,2025-05-04 19:00:00.0000000 -05:00,Sisu Youth Services
115834895,6/26/25,Completed,Volunteer,Meal Train,Meal Train,6/28/25,2025-06-28 16:00:00.0000000 -05:00,2025-06-28 19:00:00.0000000 -05:00,Sisu Youth Services
115834895,8/18/25,Completed,Volunteer,Meal Train,Meal Train,7/6/25,2025-07-06 16:00:00.0000000 -05:00,2025-07-06 19:00:00.0000000 -05:00,Sisu Youth Services
115834895,1/20/25,Completed,Volunteer,Meal Train,Meal Train,1/19/25,2025-01-19 16:00:00.0000000 -06:00,2025-01-19 19:00:00.0000000 -06:00,Sisu Youth Services
115834895,3/10/25,Completed,Volunteer,Meal Train,Meal Train,2/16/25,2025-02-16 16:00:00.0000000 -06:00,2025-02-16 19:00:00.0000000 -06:00,Sisu Youth Services
115834895,3/10/25,Completed,Volunteer,Meal Train,Meal Train,3/16/25,2025-03-16 16:00:00.0000000 -05:00,2025-03-16 19:00:00.0000000 -05:00,Sisu Youth Services
115834895,4/17/25,Completed,Volunteer,Meal Train,Meal Train,3/29/25,2025-03-29 16:00:00.0000000 -05:00,2025-03-29 19:00:00.0000000 -05:00,Sisu Youth Services
115834918,4/17/25,Completed,Volunteer,Meal Train,Meal Train,4/12/25,2025-04-12 16:00:00.0000000 -05:00,2025-04-12 19:00:00.0000000 -05:00,Sisu Youth Services
115834918,3/10/25,Completed,Volunteer,Meal Train,Meal Train,3/8/25,2025-03-08 16:00:00.0000000 -06:00,2025-03-08 19:00:00.0000000 -06:00,Sisu Youth Services
115834918,2/13/25,Completed,Volunteer,Meal Train,Meal Train,2/8/25,2025-02-08 16:00:00.0000000 -06:00,2025-02-08 19:00:00.0000000 -06:00,Sisu Youth Services
115834918,8/18/25,Completed,Volunteer,Meal Train,Meal Train,7/12/25,2025-07-12 16:00:00.0000000 -05:00,2025-07-12 19:00:00.0000000 -05:00,Sisu Youth Services
115834918,8/18/25,Completed,Volunteer,Meal Train,Meal Train,8/9/25,2025-08-09 16:00:00.0000000 -05:00,2025-08-09 19:00:00.0000000 -05:00,Sisu Youth Services
115834918,6/26/25,Completed,Volunteer,Meal Train,Meal Train,6/7/25,2025-06-07 16:00:00.0000000 -05:00,2025-06-07 19:00:00.0000000 -05:00,Sisu Youth Services
115834918,6/26/25,Completed,Volunteer,Meal Train,Meal Train,6/14/25,2025-06-14 16:00:00.0000000 -05:00,2025-06-14 19:00:00.0000000 -05:00,Sisu Youth Services
115834918,10/22/25,Completed,Volunteer,Meal Train,Meal Train,9/13/25,2025-09-13 16:00:00.0000000 -05:00,2025-09-13 19:00:00.0000000 -05:00,Sisu Youth Services
115834918,10/22/25,Sched-Web,Volunteer,Meal Train,Meal Train,11/8/25,2025-11-08 16:00:00.0000000 -06:00,2025-11-08 19:00:00.0000000 -06:00,Sisu Youth Services
115834918,10/22/25,Completed,Volunteer,Meal Train,Meal Train,10/11/25,2025-10-11 16:00:00.0000000 -05:00,2025-10-11 19:00:00.0000000 -05:00,Sisu Youth Services
115834918,1/20/25,Completed,Volunteer,Meal Train,Meal Train,1/11/25,2025-01-11 16:00:00.0000000 -06:00,2025-01-11 19:00:00.0000000 -06:00,Sisu Youth Services
115834918,3/10/23,Completed,Volunteer,Meal Train,Meal Train,1/7/23,2023-01-07 17:00:00.0000000 -05:00,2023-01-07 18:00:00.0000000 -05:00,Sisu Youth Services
115834918,2/15/23,Completed,Volunteer,Meal Train,Meal Train,1/14/23,2023-01-14 17:00:00.0000000 -05:00,2023-01-14 18:00:00.0000000 -05:00,Sisu Youth Services
115834918,10/4/23,Sched-Web,Volunteer,Sept Meal Train ,Meal Train,9/16/23,2023-09-16 16:30:00.0000000 -05:00,2023-09-16 18:30:00.0000000 -05:00,Sisu Youth Services
115834918,10/4/23,Sched-Web,Volunteer,Oct Meal Train ,Meal Train,10/14/23,2023-10-14 16:30:00.0000000 -05:00,2023-10-14 18:00:00.0000000 -05:00,Sisu Youth Services
115834918,5/7/24,Completed,Volunteer,May Meal Train,Meal Train,5/11/24,2024-05-11 16:00:00.0000000 -05:00,2024-05-11 19:00:00.0000000 -05:00,Sisu Youth Services
115834918,6/7/24,Completed,Volunteer,June Meal Train,Meal Train,6/8/24,2024-06-08 17:00:00.0000000 -05:00,2024-06-08 19:30:00.0000000 -05:00,Sisu Youth Services
115834918,1/1/25,Completed,Volunteer,Meal Train,Meal Train,11/9/24,2024-11-09 16:30:00.0000000 -06:00,2024-11-09 19:30:00.0000000 -06:00,Sisu Youth Services
115834918,1/1/25,Completed,Volunteer,Meal Train,Meal Train,10/12/24,2024-10-12 16:30:00.0000000 -05:00,2024-10-12 19:30:00.0000000 -05:00,Sisu Youth Services
115834918,1/1/25,Completed,Volunteer,Meal Train,Meal Train,12/14/24,2024-12-14 16:30:00.0000000 -06:00,2024-12-14 19:30:00.0000000 -06:00,Sisu Youth Services
115834918,9/2/24,Completed,Volunteer,Meal Train,Meal Train,9/14/24,2024-09-14 16:30:00.0000000 -05:00,2024-09-14 19:30:00.0000000 -05:00,Sisu Youth Services
115834918,8/19/24,Completed,Volunteer,Meal Train,Meal Train,8/10/24,2024-08-10 16:30:00.0000000 -05:00,2024-08-10 19:30:00.0000000 -05:00,Sisu Youth Services
115834918,7/2/24,Completed,Volunteer,Meal Train,Meal Train,7/13/24,2024-07-13 16:30:00.0000000 -05:00,2024-07-13 19:30:00.0000000 -05:00,Sisu Youth Services
115834918,1/2/24,Completed,Volunteer,January Meal Train,Meal Train,1/14/24,2024-01-14 16:30:00.0000000 -06:00,2024-01-14 18:00:00.0000000 -06:00,Sisu Youth Services
115834918,12/5/23,Completed,Volunteer,Dec Meal Train,Meal Train,12/9/23,2023-12-09 16:00:00.0000000 -06:00,2023-12-09 17:30:00.0000000 -06:00,Sisu Youth Services
116059059,4/17/25,Completed,Volunteer,Meal Train,Meal Train,4/24/25,2025-04-24 16:00:00.0000000 -05:00,2025-04-24 19:00:00.0000000 -05:00,Sisu Youth Services
116112575,7/18/23,Completed,Volunteer,July Meal Train ,Meal Train,7/15/23,2023-07-15 16:00:00.0000000 -04:00,2023-07-15 18:30:00.0000000 -04:00,Sisu Youth Services
116112640,12/19/24,Completed,Volunteer,Sisu Santa Squad,Group Volunteer,12/17/24,2024-12-17 17:00:00.0000000 -05:00,2024-12-17 19:00:00.0000000 -05:00,
117561620,4/4/23,Completed,Volunteer,Meal Train,Meal Train,3/18/23,2023-03-18 17:00:00.0000000 -04:00,2023-03-18 18:00:00.0000000 -04:00,Sisu Youth Services
117561620,12/5/23,Completed,Volunteer,Dec Meal Train,Meal Train,12/1/23,2023-12-01 16:00:00.0000000 -06:00,2023-12-01 17:30:00.0000000 -06:00,Sisu Youth Services
117561629,12/12/24,Completed,Volunteer,Sisu Santa Squad,Group Volunteer,12/17/24,2024-12-17 17:00:00.0000000 -05:00,2024-12-17 19:00:00.0000000 -05:00,
117561708,7/14/23,Sched-Web,Volunteer,Volunteer Paint Party at NEW Sisu HQ,Group Volunteer,7/23/23,2023-07-23 11:30:00.0000000 -05:00,2023-07-23 14:30:00.0000000 -05:00,Sisu Youth Services
117561730,8/16/23,Completed,Volunteer,August Meal Train ,Meal Train,8/23/23,2023-08-23 16:30:00.0000000 -04:00,2023-08-23 18:00:00.0000000 -04:00,Sisu Youth Services
117561730,4/4/23,Completed,Volunteer,Meal Train,Meal Train,3/9/23,2023-03-09 17:00:00.0000000 -05:00,2023-03-09 18:00:00.0000000 -05:00,Sisu Youth Services
117561730,5/3/23,Completed,Volunteer,April Meal Train ,Meal Train,4/5/23,2023-04-05 17:00:00.0000000 -04:00,2023-04-05 18:00:00.0000000 -04:00,Sisu Youth Services
117561730,8/16/23,Completed,Volunteer,June Meal Train ,Meal Train,6/1/23,2023-06-01 17:00:00.0000000 -04:00,2023-06-01 18:00:00.0000000 -04:00,Sisu Youth Services
117561730,3/10/23,Completed,Volunteer,Meal Train,Meal Train,2/3/23,2023-02-03 17:00:00.0000000 -05:00,2023-02-03 18:00:00.0000000 -05:00,Sisu Youth Services
117561730,8/28/24,Completed,Volunteer,Birthday Party,PYD,4/26/24,2024-04-26 16:00:00.0000000 -05:00,2024-04-26 18:00:00.0000000 -05:00,Sisu Youth Services
117561730,8/28/24,Completed,Volunteer,Birthday Party,PYD,6/28/24,2024-06-28 16:00:00.0000000 -05:00,2024-06-28 18:00:00.0000000 -05:00,Sisu Youth Services
117561730,8/28/24,Completed,Volunteer,Birthday Party,PYD,7/26/24,2024-07-26 16:00:00.0000000 -05:00,2024-07-26 18:00:00.0000000 -05:00,Sisu Youth Services
117561730,8/28/24,Completed,Volunteer,Birthday Party,PYD,8/30/24,2024-08-30 16:00:00.0000000 -05:00,2024-08-30 18:00:00.0000000 -05:00,Sisu Youth Services
117561730,9/30/24,Completed,Volunteer,Meal Train,Meal Train,9/28/24,2024-09-28 16:30:00.0000000 -05:00,2024-09-28 19:30:00.0000000 -05:00,Sisu Youth Services
117561730,10/29/24,Completed,Volunteer,Meal Train,Meal Train,10/26/24,2024-10-26 16:30:00.0000000 -05:00,2024-10-26 19:30:00.0000000 -05:00,Sisu Youth Services
117561750,4/3/23,Completed,Volunteer,Shelter Shift ,Shelter Shift,3/17/23,2023-03-17 16:00:00.0000000 -04:00,2023-03-17 19:00:00.0000000 -04:00,Sisu Youth Services
117561750,4/3/23,Completed,Volunteer,Shelter Shift ,Shelter Shift,3/24/23,2023-03-24 16:00:00.0000000 -04:00,2023-03-24 19:00:00.0000000 -04:00,Sisu Youth Services
117561750,4/3/23,Completed,Volunteer,Shelter Shift ,Shelter Shift,3/31/23,2023-03-31 16:00:00.0000000 -04:00,2023-03-31 19:00:00.0000000 -04:00,Sisu Youth Services
117561750,4/3/23,Completed,Volunteer,Shelter Shift ,Shelter Shift,3/3/23,2023-03-03 16:00:00.0000000 -05:00,2023-03-03 19:00:00.0000000 -05:00,Sisu Youth Services
117561750,4/3/23,Completed,Volunteer,Shelter Shift ,Shelter Shift,3/10/23,2023-03-10 16:00:00.0000000 -05:00,2023-03-10 19:00:00.0000000 -05:00,Sisu Youth Services
117561806,4/3/23,Completed,Volunteer,Shelter Shift ,Shelter Shift,3/4/23,2023-03-04 16:00:00.0000000 -05:00,2023-03-04 19:00:00.0000000 -05:00,Sisu Youth Services
117561806,4/3/23,Completed,Volunteer,Shelter Shift ,Shelter Shift,3/18/23,2023-03-18 16:00:00.0000000 -04:00,2023-03-18 19:00:00.0000000 -04:00,Sisu Youth Services
117561806,3/10/23,Completed,Volunteer,Shelter Shift,Shelter Shift,2/18/23,2023-02-18 16:00:00.0000000 -05:00,2023-02-18 19:00:00.0000000 -05:00,Sisu Youth Services
117561806,3/10/23,Completed,Volunteer,Shelter Shift,Shelter Shift,2/25/23,2023-02-25 16:00:00.0000000 -05:00,2023-02-25 19:00:00.0000000 -05:00,Sisu Youth Services
117561806,2/13/23,Completed,Volunteer,Shelter Shift,Shelter Shift,1/21/23,2023-01-21 16:00:00.0000000 -06:00,2023-01-21 19:00:00.0000000 -06:00,Sisu Youth Services
117561806,2/13/23,Completed,Volunteer,Shelter Shift,Shelter Shift,1/28/23,2023-01-28 16:00:00.0000000 -06:00,2023-01-28 19:00:00.0000000 -06:00,Sisu Youth Services
117561806,3/10/23,Completed,Volunteer,Shelter Shift,Shelter Shift,2/4/23,2023-02-04 16:00:00.0000000 -05:00,2023-02-04 19:00:00.0000000 -05:00,Sisu Youth Services
117561806,3/10/23,Completed,Volunteer,Shelter Shift,Shelter Shift,2/11/23,2023-02-11 16:00:00.0000000 -05:00,2023-02-11 19:00:00.0000000 -05:00,Sisu Youth Services
117561806,2/13/23,Completed,Volunteer,Shelter Shift,Shelter Shift,1/14/23,2023-01-14 16:00:00.0000000 -06:00,2023-01-14 19:00:00.0000000 -06:00,Sisu Youth Services
117561806,2/13/23,Completed,Volunteer,Shelter Shift,Shelter Shift,1/7/23,2023-01-07 16:00:00.0000000 -06:00,2023-01-07 19:00:00.0000000 -06:00,Sisu Youth Services
117561806,7/14/23,Completed,Volunteer,Volunteer Paint Party at NEW Sisu HQ,Group Volunteer,7/15/23,2023-07-15 12:00:00.0000000 -05:00,2023-07-15 15:00:00.0000000 -05:00,Sisu Youth Services
117561806,5/12/23,Completed,Volunteer,May Shelter Shift,Shelter Shift,5/3/23,2023-05-03 19:00:00.0000000 -04:00,2023-05-03 22:00:00.0000000 -04:00,Sisu Youth Services
117561806,5/3/23,Completed,Volunteer,April Shelter Shift,Shelter Shift,4/30/23,2023-04-30 16:00:00.0000000 -04:00,2023-04-30 19:00:00.0000000 -04:00,Sisu Youth Services
117561806,5/3/23,Completed,Volunteer,April Shelter Shift,Shelter Shift,4/1/23,2023-04-01 16:00:00.0000000 -04:00,2023-04-01 19:00:00.0000000 -04:00,Sisu Youth Services
117561806,5/3/23,Completed,Volunteer,April Shelter Shift,Shelter Shift,4/9/23,2023-04-09 16:00:00.0000000 -04:00,2023-04-09 19:00:00.0000000 -04:00,Sisu Youth Services
117561806,6/17/24,Completed,Volunteer,Pride Outreach Team,Shelter Shift,6/14/24,2024-06-14 17:30:00.0000000 -05:00,2024-06-14 19:30:00.0000000 -05:00,Sisu Youth Services
117561808,12/19/24,Completed,Volunteer,Sisu Santa Squad,Group Volunteer,12/17/24,2024-12-17 17:00:00.0000000 -05:00,2024-12-17 19:00:00.0000000 -05:00,
117561819,5/3/23,Completed,Volunteer,April Meal Train ,Meal Train,4/14/23,2023-04-14 17:00:00.0000000 -04:00,2023-04-14 18:00:00.0000000 -04:00,Sisu Youth Services
117561819,1/15/24,Completed,Volunteer,January Meal Train,Meal Train,1/17/24,2024-01-17 16:30:00.0000000 -06:00,2024-01-17 18:00:00.0000000 -06:00,Sisu Youth Services
117561819,4/17/25,Completed,Volunteer,Meal Train,Meal Train,3/30/25,2025-03-30 16:00:00.0000000 -05:00,2025-03-30 19:00:00.0000000 -05:00,Sisu Youth Services
117561828,1/20/25,Completed,Volunteer,Meal Train,Meal Train,1/20/25,2025-01-20 16:00:00.0000000 -06:00,2025-01-20 19:00:00.0000000 -06:00,Sisu Youth Services
117561828,5/29/25,Completed,Volunteer,Meal Train,Meal Train,5/31/25,2025-05-31 16:00:00.0000000 -05:00,2025-05-31 19:00:00.0000000 -05:00,Sisu Youth Services
117561828,5/29/25,Completed,Volunteer,Meal Train,Meal Train,5/21/25,2025-05-21 16:00:00.0000000 -05:00,2025-05-21 19:00:00.0000000 -05:00,Sisu Youth Services
117561828,5/29/25,Completed,Volunteer,Meal Train,Meal Train,5/23/25,2025-05-23 16:00:00.0000000 -05:00,2025-05-23 19:00:00.0000000 -05:00,Sisu Youth Services
117561828,5/29/25,Completed,Volunteer,Meal Train,Meal Train,5/7/25,2025-05-07 16:00:00.0000000 -05:00,2025-05-07 19:00:00.0000000 -05:00,Sisu Youth Services
117561828,5/29/25,Completed,Volunteer,Meal Train,Meal Train,5/14/25,2025-05-14 16:00:00.0000000 -05:00,2025-05-14 19:00:00.0000000 -05:00,Sisu Youth Services
117561828,4/16/25,Completed,Volunteer,Shelter Shift ,Shelter Shift,4/1/25,2025-04-01 17:30:00.0000000 -05:00,2025-04-01 19:30:00.0000000 -05:00,Sisu Youth Services
117561828,12/5/23,Sched-Web,Volunteer,Dec Meal Train,Meal Train,12/8/23,2023-12-08 16:00:00.0000000 -06:00,2023-12-08 17:30:00.0000000 -06:00,Sisu Youth Services
117561828,12/14/23,Completed,Volunteer,Dec Meal Train,Meal Train,12/19/23,2023-12-19 16:00:00.0000000 -06:00,2023-12-19 17:30:00.0000000 -06:00,Sisu Youth Services
117561828,6/5/24,Completed,Volunteer,Birthday Party,PYD,5/31/24,2024-05-31 16:00:00.0000000 -05:00,2024-05-31 18:00:00.0000000 -05:00,Sisu Youth Services
117561828,3/14/24,Completed,Volunteer,March Meal Train,Meal Train,3/15/24,2024-03-15 16:30:00.0000000 -06:00,2024-03-15 18:00:00.0000000 -06:00,Sisu Youth Services
117561828,5/3/23,Completed,Volunteer,April Meal Train ,Meal Train,4/6/23,2023-04-06 17:00:00.0000000 -04:00,2023-04-06 18:00:00.0000000 -04:00,Sisu Youth Services
117561828,5/3/23,Completed,Volunteer,April Meal Train ,Meal Train,4/7/23,2023-04-07 17:00:00.0000000 -04:00,2023-04-07 18:00:00.0000000 -04:00,Sisu Youth Services
117561828,3/5/25,Completed,Volunteer,Meal Train,Meal Train,2/12/25,2025-02-12 16:00:00.0000000 -06:00,2025-02-12 19:00:00.0000000 -06:00,
117561828,6/9/24,Completed,Volunteer,Emanuel Synagogue Volunteer Day,Group Volunteer,6/9/24,2024-06-09 11:00:00.0000000 -05:00,2024-06-09 13:00:00.0000000 -05:00,
117561828,3/10/23,Completed,Volunteer,Meal Train,Meal Train,2/4/23,2023-02-04 17:00:00.0000000 -05:00,2023-02-04 18:00:00.0000000 -05:00,Sisu Youth Services
117561828,3/10/23,Completed,Volunteer,Meal Train,Meal Train,2/22/23,2023-02-22 17:00:00.0000000 -05:00,2023-02-22 18:00:00.0000000 -05:00,Sisu Youth Services
117561830,3/16/24,Completed,Attendee,Welcome Home Team Volunteer Meeting,Training,3/20/24,2024-03-20 18:00:00.0000000 -05:00,2024-03-20 19:00:00.0000000 -05:00,
117561871,4/4/23,Completed,Volunteer,Meal Train,Meal Train,3/17/23,2023-03-17 17:00:00.0000000 -04:00,2023-03-17 18:00:00.0000000 -04:00,Sisu Youth Services
117561878,1/30/24,Completed,Volunteer,January Shelter Shift,Shelter Shift,1/29/24,2024-01-29 17:30:00.0000000 -06:00,2024-01-29 19:30:00.0000000 -06:00,Sisu Youth Services
117561878,1/30/24,Completed,Volunteer,January Shelter Shift,Shelter Shift,1/29/24,2024-01-29 19:00:00.0000000 -06:00,2024-01-29 22:00:00.0000000 -06:00,Sisu Youth Services
117561878,1/30/24,Completed,Volunteer,January Shelter Shift,Shelter Shift,1/24/24,2024-01-24 17:30:00.0000000 -06:00,2024-01-24 19:30:00.0000000 -06:00,Sisu Youth Services
117561878,1/30/24,Completed,Volunteer,January Shelter Shift,Shelter Shift,1/24/24,2024-01-24 19:00:00.0000000 -06:00,2024-01-24 22:00:00.0000000 -06:00,Sisu Youth Services
117561878,3/8/24,Completed,Volunteer,February Shelter Shift ,Shelter Shift,2/5/24,2024-02-05 16:00:00.0000000 -06:00,2024-02-05 19:00:00.0000000 -06:00,Sisu Youth Services
117561878,3/8/24,Completed,Volunteer,February Shelter Shift ,Shelter Shift,2/5/24,2024-02-05 17:30:00.0000000 -06:00,2024-02-05 19:30:00.0000000 -06:00,Sisu Youth Services
117561878,3/8/24,Completed,Volunteer,February Shelter Shift ,Shelter Shift,2/7/24,2024-02-07 17:30:00.0000000 -06:00,2024-02-07 19:30:00.0000000 -06:00,Sisu Youth Services
117561878,3/8/24,Completed,Volunteer,February Shelter Shift ,Shelter Shift,2/7/24,2024-02-07 19:00:00.0000000 -06:00,2024-02-07 22:00:00.0000000 -06:00,Sisu Youth Services
117561878,3/8/24,Completed,Volunteer,February Shelter Shift ,Shelter Shift,2/12/24,2024-02-12 17:30:00.0000000 -06:00,2024-02-12 19:30:00.0000000 -06:00,Sisu Youth Services
117561878,3/8/24,Completed,Volunteer,February Shelter Shift ,Shelter Shift,2/12/24,2024-02-12 19:00:00.0000000 -06:00,2024-02-12 22:00:00.0000000 -06:00,Sisu Youth Services
117561878,3/8/24,Completed,Volunteer,February Shelter Shift ,Shelter Shift,2/19/24,2024-02-19 17:30:00.0000000 -06:00,2024-02-19 19:30:00.0000000 -06:00,Sisu Youth Services
117561878,3/8/24,Completed,Volunteer,February Shelter Shift ,Shelter Shift,2/19/24,2024-02-19 19:00:00.0000000 -06:00,2024-02-19 22:00:00.0000000 -06:00,Sisu Youth Services
117561878,3/8/24,Completed,Volunteer,February Shelter Shift ,Shelter Shift,2/21/24,2024-02-21 17:30:00.0000000 -06:00,2024-02-21 19:30:00.0000000 -06:00,Sisu Youth Services
117561878,3/8/24,Completed,Volunteer,February Shelter Shift ,Shelter Shift,2/21/24,2024-02-21 19:00:00.0000000 -06:00,2024-02-21 22:00:00.0000000 -06:00,Sisu Youth Services
117561878,3/8/24,Completed,Volunteer,February Shelter Shift ,Shelter Shift,2/26/24,2024-02-26 17:30:00.0000000 -06:00,2024-02-26 19:30:00.0000000 -06:00,Sisu Youth Services
117561878,3/8/24,Completed,Volunteer,February Shelter Shift ,Shelter Shift,2/26/24,2024-02-26 19:00:00.0000000 -06:00,2024-02-26 22:00:00.0000000 -06:00,Sisu Youth Services
117561878,3/8/24,Completed,Volunteer,February Shelter Shift ,Shelter Shift,2/28/24,2024-02-28 17:30:00.0000000 -06:00,2024-02-28 19:30:00.0000000 -06:00,Sisu Youth Services
117561878,3/8/24,Completed,Volunteer,February Shelter Shift ,Shelter Shift,2/28/24,2024-02-28 19:00:00.0000000 -05:00,2024-02-28 22:00:00.0000000 -05:00,Sisu Youth Services
117561878,3/8/24,Completed,Volunteer,March Shelter Shift ,Shelter Shift,3/4/24,2024-03-04 19:00:00.0000000 -06:00,2024-03-04 22:00:00.0000000 -06:00,Sisu Youth Services
117561878,3/8/24,Completed,Volunteer,March Shelter Shift ,Shelter Shift,3/4/24,2024-03-04 17:30:00.0000000 -06:00,2024-03-04 19:30:00.0000000 -06:00,Sisu Youth Services
117561878,3/8/24,Completed,Volunteer,March Shelter Shift ,Shelter Shift,3/6/24,2024-03-06 19:00:00.0000000 -06:00,2024-03-06 22:00:00.0000000 -06:00,Sisu Youth Services
117561878,3/8/24,Completed,Volunteer,March Shelter Shift ,Shelter Shift,3/6/24,2024-03-06 17:30:00.0000000 -06:00,2024-03-06 19:30:00.0000000 -06:00,Sisu Youth Services
117561878,3/13/24,Completed,Volunteer,March Shelter Shift ,Shelter Shift,3/11/24,2024-03-11 19:00:00.0000000 -05:00,2024-03-11 22:00:00.0000000 -05:00,Sisu Youth Services
117561878,3/13/24,Completed,Volunteer,March Shelter Shift ,Shelter Shift,3/11/24,2024-03-11 17:30:00.0000000 -05:00,2024-03-11 19:30:00.0000000 -05:00,Sisu Youth Services
117561878,4/1/24,Completed,Volunteer,March Shelter Shift ,Shelter Shift,3/13/24,2024-03-13 19:00:00.0000000 -05:00,2024-03-13 22:00:00.0000000 -05:00,Sisu Youth Services
117561878,4/1/24,Completed,Volunteer,March Shelter Shift ,Shelter Shift,3/13/24,2024-03-13 17:30:00.0000000 -05:00,2024-03-13 19:30:00.0000000 -05:00,Sisu Youth Services
117561878,4/1/24,Completed,Volunteer,March Shelter Shift ,Shelter Shift,3/18/24,2024-03-18 19:00:00.0000000 -05:00,2024-03-18 22:00:00.0000000 -05:00,Sisu Youth Services
117561878,4/1/24,Completed,Volunteer,March Shelter Shift ,Shelter Shift,3/18/24,2024-03-18 17:30:00.0000000 -05:00,2024-03-18 19:30:00.0000000 -05:00,Sisu Youth Services
117561878,4/1/24,Completed,Volunteer,March Shelter Shift ,Shelter Shift,3/20/24,2024-03-20 16:00:00.0000000 -05:00,2024-03-20 19:00:00.0000000 -05:00,Sisu Youth Services
117561878,4/1/24,Completed,Volunteer,March Shelter Shift ,Shelter Shift,3/20/24,2024-03-20 17:30:00.0000000 -05:00,2024-03-20 19:30:00.0000000 -05:00,Sisu Youth Services
117561878,4/1/24,Completed,Volunteer,March Shelter Shift ,Shelter Shift,3/25/24,2024-03-25 19:00:00.0000000 -05:00,2024-03-25 22:00:00.0000000 -05:00,Sisu Youth Services
117561878,4/1/24,Completed,Volunteer,March Shelter Shift ,Shelter Shift,3/25/24,2024-03-25 17:30:00.0000000 -05:00,2024-03-25 19:30:00.0000000 -05:00,Sisu Youth Services
117561878,4/1/24,Completed,Volunteer,March Shelter Shift ,Shelter Shift,3/27/24,2024-03-27 16:00:00.0000000 -05:00,2024-03-27 19:00:00.0000000 -05:00,Sisu Youth Services
117561878,4/1/24,Completed,Volunteer,March Shelter Shift ,Shelter Shift,3/27/24,2024-03-27 19:00:00.0000000 -05:00,2024-03-27 22:00:00.0000000 -05:00,Sisu Youth Services
117561878,4/1/24,Completed,Volunteer,March Shelter Shift ,Shelter Shift,3/27/24,2024-03-27 17:30:00.0000000 -05:00,2024-03-27 19:30:00.0000000 -05:00,Sisu Youth Services
117561878,12/4/23,Completed,Attendee,Volunteer Refresher ,Training,1/6/24,2024-01-06 14:00:00.0000000 -06:00,2024-01-06 16:00:00.0000000 -06:00,Sisu Youth Services
117561878,6/20/24,Completed,Volunteer,June Shelter Shift,Shelter Shift,6/3/24,2024-06-03 17:30:00.0000000 -05:00,2024-06-03 19:30:00.0000000 -05:00,Sisu Youth Services
117561878,6/20/24,Completed,Volunteer,June Shelter Shift,Shelter Shift,6/3/24,2024-06-03 16:00:00.0000000 -05:00,2024-06-03 19:00:00.0000000 -05:00,Sisu Youth Services
117561878,6/20/24,Completed,Volunteer,June Shelter Shift,Shelter Shift,6/5/24,2024-06-05 17:30:00.0000000 -05:00,2024-06-05 19:30:00.0000000 -05:00,Sisu Youth Services
117561878,6/20/24,Completed,Volunteer,June Shelter Shift,Shelter Shift,6/5/24,2024-06-05 16:00:00.0000000 -05:00,2024-06-05 19:00:00.0000000 -05:00,Sisu Youth Services
117561878,6/7/24,Scheduled,Volunteer,Pride Outreach Team,Shelter Shift,6/14/24,2024-06-14 17:30:00.0000000 -05:00,2024-06-14 19:30:00.0000000 -05:00,Sisu Youth Services
117561878,5/1/24,Completed,Volunteer,April Shelter Shift,Shelter Shift,4/29/24,2024-04-29 19:00:00.0000000 -05:00,2024-04-29 22:00:00.0000000 -05:00,Sisu Youth Services
117561878,5/1/24,Completed,Volunteer,April Shelter Shift,Shelter Shift,4/24/24,2024-04-24 17:30:00.0000000 -05:00,2024-04-24 19:30:00.0000000 -05:00,Sisu Youth Services
117561878,5/1/24,Completed,Volunteer,April Shelter Shift,Shelter Shift,4/24/24,2024-04-24 19:00:00.0000000 -05:00,2024-04-24 22:00:00.0000000 -05:00,Sisu Youth Services
117561878,5/1/24,Completed,Volunteer,April Shelter Shift,Shelter Shift,4/29/24,2024-04-29 17:30:00.0000000 -05:00,2024-04-29 19:30:00.0000000 -05:00,Sisu Youth Services
117561878,4/10/24,Completed,Volunteer,April Shelter Shift,Shelter Shift,4/1/24,2024-04-01 17:30:00.0000000 -05:00,2024-04-01 19:30:00.0000000 -05:00,Sisu Youth Services
117561878,4/10/24,Completed,Volunteer,April Shelter Shift,Shelter Shift,4/1/24,2024-04-01 16:00:00.0000000 -05:00,2024-04-01 19:00:00.0000000 -05:00,Sisu Youth Services
117561878,4/10/24,Completed,Volunteer,April Shelter Shift,Shelter Shift,4/3/24,2024-04-03 17:30:00.0000000 -05:00,2024-04-03 19:30:00.0000000 -05:00,Sisu Youth Services
117561878,4/10/24,Completed,Volunteer,April Shelter Shift,Shelter Shift,4/3/24,2024-04-03 16:00:00.0000000 -05:00,2024-04-03 19:00:00.0000000 -05:00,Sisu Youth Services
117561878,5/1/24,Completed,Volunteer,April Shelter Shift,Shelter Shift,4/10/24,2024-04-10 17:30:00.0000000 -05:00,2024-04-10 19:30:00.0000000 -05:00,Sisu Youth Services
117561878,5/1/24,Completed,Volunteer,April Shelter Shift,Shelter Shift,4/10/24,2024-04-10 19:00:00.0000000 -05:00,2024-04-10 22:00:00.0000000 -05:00,Sisu Youth Services
117561878,4/9/24,Completed,Volunteer,Eclipse Party ,PYD,4/8/24,2024-04-08 12:30:00.0000000 -05:00,2024-04-08 14:00:00.0000000 -05:00,Sisu Youth Services
117561878,4/10/24,Completed,Volunteer,April Shelter Shift,Shelter Shift,4/8/24,2024-04-08 17:30:00.0000000 -05:00,2024-04-08 19:30:00.0000000 -05:00,Sisu Youth Services
117561878,4/10/24,Completed,Volunteer,April Shelter Shift,Shelter Shift,4/8/24,2024-04-08 16:00:00.0000000 -05:00,2024-04-08 19:00:00.0000000 -05:00,Sisu Youth Services
117561878,5/1/24,Completed,Volunteer,April Shelter Shift,Shelter Shift,4/15/24,2024-04-15 17:30:00.0000000 -05:00,2024-04-15 19:30:00.0000000 -05:00,Sisu Youth Services
117561878,5/1/24,Completed,Volunteer,April Shelter Shift,Shelter Shift,4/15/24,2024-04-15 19:00:00.0000000 -05:00,2024-04-15 22:00:00.0000000 -05:00,Sisu Youth Services
117561878,5/1/24,Completed,Volunteer,April Shelter Shift,Shelter Shift,4/17/24,2024-04-17 17:30:00.0000000 -05:00,2024-04-17 19:30:00.0000000 -05:00,Sisu Youth Services
117561878,5/1/24,Completed,Volunteer,April Shelter Shift,Shelter Shift,4/17/24,2024-04-17 19:00:00.0000000 -05:00,2024-04-17 22:00:00.0000000 -05:00,Sisu Youth Services
117561878,5/1/24,Completed,Volunteer,April Shelter Shift,Shelter Shift,4/22/24,2024-04-22 17:30:00.0000000 -05:00,2024-04-22 19:30:00.0000000 -05:00,Sisu Youth Services
117561878,5/1/24,Completed,Volunteer,April Shelter Shift,Shelter Shift,4/22/24,2024-04-22 19:00:00.0000000 -05:00,2024-04-22 22:00:00.0000000 -05:00,Sisu Youth Services
117561878,6/20/24,Completed,Volunteer,June Shelter Shift,Shelter Shift,6/10/24,2024-06-10 17:30:00.0000000 -05:00,2024-06-10 19:30:00.0000000 -05:00,Sisu Youth Services
117561878,6/20/24,Completed,Volunteer,June Shelter Shift,Shelter Shift,6/10/24,2024-06-10 19:00:00.0000000 -05:00,2024-06-10 22:00:00.0000000 -05:00,Sisu Youth Services
117561878,6/20/24,Completed,Volunteer,June Shelter Shift,Shelter Shift,6/12/24,2024-06-12 17:30:00.0000000 -05:00,2024-06-12 19:30:00.0000000 -05:00,Sisu Youth Services
117561878,6/20/24,Completed,Volunteer,June Shelter Shift,Shelter Shift,6/12/24,2024-06-12 16:00:00.0000000 -05:00,2024-06-12 19:00:00.0000000 -05:00,Sisu Youth Services
117561878,6/20/24,Completed,Volunteer,June Shelter Shift,Shelter Shift,6/17/24,2024-06-17 17:30:00.0000000 -05:00,2024-06-17 19:30:00.0000000 -05:00,Sisu Youth Services
117561878,6/20/24,Completed,Volunteer,June Shelter Shift,Shelter Shift,6/17/24,2024-06-17 19:00:00.0000000 -05:00,2024-06-17 22:00:00.0000000 -05:00,Sisu Youth Services
117561878,6/20/24,Completed,Volunteer,June Shelter Shift,Shelter Shift,6/19/24,2024-06-19 17:30:00.0000000 -05:00,2024-06-19 19:30:00.0000000 -05:00,Sisu Youth Services
117561878,6/20/24,Completed,Volunteer,June Shelter Shift,Shelter Shift,6/19/24,2024-06-19 19:00:00.0000000 -05:00,2024-06-19 22:00:00.0000000 -05:00,Sisu Youth Services
117561878,7/29/24,Completed,Volunteer,June Shelter Shift,Shelter Shift,6/24/24,2024-06-24 17:30:00.0000000 -05:00,2024-06-24 19:30:00.0000000 -05:00,Sisu Youth Services
117561878,7/29/24,Completed,Volunteer,June Shelter Shift,Shelter Shift,6/24/24,2024-06-24 16:00:00.0000000 -05:00,2024-06-24 19:00:00.0000000 -05:00,Sisu Youth Services
117561878,4/29/25,Completed,Volunteer,Shelter Shift ,Shelter Shift,3/31/25,2025-03-31 17:30:00.0000000 -05:00,2025-03-31 19:30:00.0000000 -05:00,Sisu Youth Services
117561878,4/29/25,Completed,Volunteer,Shelter Shift ,Shelter Shift,3/31/25,2025-03-31 16:00:00.0000000 -05:00,2025-03-31 19:00:00.0000000 -05:00,Sisu Youth Services
117561878,4/29/25,Completed,Volunteer,Shelter Shift ,Shelter Shift,3/26/25,2025-03-26 16:00:00.0000000 -05:00,2025-03-26 19:00:00.0000000 -05:00,Sisu Youth Services
117561878,4/29/25,Completed,Volunteer,Shelter Shift ,Shelter Shift,3/24/25,2025-03-24 17:30:00.0000000 -05:00,2025-03-24 19:30:00.0000000 -05:00,Sisu Youth Services
117561878,4/29/25,Completed,Volunteer,Shelter Shift ,Shelter Shift,3/24/25,2025-03-24 19:00:00.0000000 -05:00,2025-03-24 22:00:00.0000000 -05:00,Sisu Youth Services
117561878,4/29/25,Completed,Volunteer,Shelter Shift ,Shelter Shift,3/26/25,2025-03-26 17:30:00.0000000 -05:00,2025-03-26 19:30:00.0000000 -05:00,Sisu Youth Services
117561878,4/29/25,Completed,Volunteer,Shelter Shift ,Shelter Shift,4/16/25,2025-04-16 17:30:00.0000000 -05:00,2025-04-16 19:30:00.0000000 -05:00,Sisu Youth Services
117561878,4/29/25,Completed,Volunteer,Shelter Shift ,Shelter Shift,4/16/25,2025-04-16 16:00:00.0000000 -05:00,2025-04-16 19:00:00.0000000 -05:00,Sisu Youth Services
117561878,4/29/25,Completed,Volunteer,Shelter Shift ,Shelter Shift,4/14/25,2025-04-14 17:30:00.0000000 -05:00,2025-04-14 19:30:00.0000000 -05:00,Sisu Youth Services
117561878,4/29/25,Completed,Volunteer,Shelter Shift ,Shelter Shift,4/14/25,2025-04-14 16:00:00.0000000 -05:00,2025-04-14 19:00:00.0000000 -05:00,Sisu Youth Services
117561878,4/29/25,Completed,Volunteer,Shelter Shift ,Shelter Shift,4/7/25,2025-04-07 17:30:00.0000000 -05:00,2025-04-07 19:30:00.0000000 -05:00,Sisu Youth Services
117561878,4/29/25,Completed,Volunteer,Shelter Shift ,Shelter Shift,4/7/25,2025-04-07 16:00:00.0000000 -05:00,2025-04-07 19:00:00.0000000 -05:00,Sisu Youth Services
117561878,4/29/25,Completed,Volunteer,Shelter Shift ,Shelter Shift,4/9/25,2025-04-09 17:30:00.0000000 -05:00,2025-04-09 19:30:00.0000000 -05:00,Sisu Youth Services
117561878,4/29/25,Completed,Volunteer,Shelter Shift ,Shelter Shift,4/9/25,2025-04-09 16:00:00.0000000 -05:00,2025-04-09 19:00:00.0000000 -05:00,Sisu Youth Services
117561878,4/29/25,Completed,Volunteer,Shelter Shift ,Shelter Shift,3/17/25,2025-03-17 17:30:00.0000000 -05:00,2025-03-17 19:30:00.0000000 -05:00,Sisu Youth Services
117561878,4/29/25,Completed,Volunteer,Shelter Shift ,Shelter Shift,3/17/25,2025-03-17 16:00:00.0000000 -05:00,2025-03-17 19:00:00.0000000 -05:00,Sisu Youth Services
117561878,4/29/25,Completed,Volunteer,Shelter Shift ,Shelter Shift,3/19/25,2025-03-19 17:30:00.0000000 -05:00,2025-03-19 19:30:00.0000000 -05:00,Sisu Youth Services
117561878,4/29/25,Completed,Volunteer,Shelter Shift ,Shelter Shift,3/19/25,2025-03-19 16:00:00.0000000 -05:00,2025-03-19 19:00:00.0000000 -05:00,Sisu Youth Services
117561878,4/29/25,Completed,Volunteer,Shelter Shift ,Shelter Shift,3/10/25,2025-03-10 17:30:00.0000000 -05:00,2025-03-10 19:30:00.0000000 -05:00,Sisu Youth Services
117561878,4/29/25,Completed,Volunteer,Shelter Shift ,Shelter Shift,3/10/25,2025-03-10 16:00:00.0000000 -05:00,2025-03-10 19:00:00.0000000 -05:00,Sisu Youth Services
117561878,4/29/25,Completed,Volunteer,Shelter Shift ,Shelter Shift,3/12/25,2025-03-12 17:30:00.0000000 -05:00,2025-03-12 19:30:00.0000000 -05:00,Sisu Youth Services
117561878,4/29/25,Completed,Volunteer,Shelter Shift ,Shelter Shift,3/12/25,2025-03-12 16:00:00.0000000 -05:00,2025-03-12 19:00:00.0000000 -05:00,Sisu Youth Services
117561878,4/29/25,Completed,Volunteer,Shelter Shift ,Shelter Shift,3/5/25,2025-03-05 17:30:00.0000000 -06:00,2025-03-05 19:30:00.0000000 -06:00,Sisu Youth Services
117561878,4/29/25,Completed,Volunteer,Shelter Shift ,Shelter Shift,3/5/25,2025-03-05 16:00:00.0000000 -06:00,2025-03-05 19:00:00.0000000 -06:00,Sisu Youth Services
117561878,4/29/25,Completed,Volunteer,Shelter Shift ,Shelter Shift,3/3/25,2025-03-03 17:30:00.0000000 -06:00,2025-03-03 19:30:00.0000000 -06:00,Sisu Youth Services
117561878,4/29/25,Completed,Volunteer,Shelter Shift ,Shelter Shift,3/3/25,2025-03-03 16:00:00.0000000 -06:00,2025-03-03 19:00:00.0000000 -06:00,Sisu Youth Services
117561878,1/20/25,Completed,Volunteer,Shelter Shift ,Shelter Shift,1/20/25,2025-01-20 17:30:00.0000000 -06:00,2025-01-20 19:30:00.0000000 -06:00,Sisu Youth Services
117561878,1/20/25,Completed,Volunteer,Shelter Shift ,Shelter Shift,1/20/25,2025-01-20 19:00:00.0000000 -06:00,2025-01-20 22:00:00.0000000 -06:00,Sisu Youth Services
117561878,2/4/25,Completed,Volunteer,Shelter Shift ,Shelter Shift,2/3/25,2025-02-03 19:00:00.0000000 -06:00,2025-02-03 22:00:00.0000000 -06:00,Sisu Youth Services
117561878,2/4/25,Completed,Volunteer,Shelter Shift ,Shelter Shift,2/3/25,2025-02-03 16:00:00.0000000 -06:00,2025-02-03 19:00:00.0000000 -06:00,Sisu Youth Services
117561878,1/10/25,Completed,Volunteer,Shelter Shift ,Shelter Shift,1/6/25,2025-01-06 19:00:00.0000000 -06:00,2025-01-06 22:00:00.0000000 -06:00,Sisu Youth Services
117561878,1/10/25,Completed,Volunteer,Shelter Shift ,Shelter Shift,1/6/25,2025-01-06 16:00:00.0000000 -06:00,2025-01-06 19:00:00.0000000 -06:00,Sisu Youth Services
117561878,1/10/25,Completed,Volunteer,Shelter Shift ,Shelter Shift,1/8/25,2025-01-08 19:00:00.0000000 -06:00,2025-01-08 22:00:00.0000000 -06:00,Sisu Youth Services
117561878,1/10/25,Completed,Volunteer,Shelter Shift ,Shelter Shift,1/8/25,2025-01-08 16:00:00.0000000 -06:00,2025-01-08 19:00:00.0000000 -06:00,Sisu Youth Services
117561878,1/20/25,Completed,Volunteer,Shelter Shift ,Shelter Shift,1/13/25,2025-01-13 17:30:00.0000000 -06:00,2025-01-13 19:30:00.0000000 -06:00,Sisu Youth Services
117561878,1/20/25,Completed,Volunteer,Shelter Shift ,Shelter Shift,1/13/25,2025-01-13 19:00:00.0000000 -06:00,2025-01-13 22:00:00.0000000 -06:00,Sisu Youth Services
117561878,1/20/25,Completed,Volunteer,Shelter Shift ,Shelter Shift,1/15/25,2025-01-15 17:30:00.0000000 -06:00,2025-01-15 19:30:00.0000000 -06:00,Sisu Youth Services
117561878,1/20/25,Completed,Volunteer,Shelter Shift ,Shelter Shift,1/15/25,2025-01-15 19:00:00.0000000 -06:00,2025-01-15 22:00:00.0000000 -06:00,Sisu Youth Services
117561878,12/26/24,Completed,Volunteer,Shelter Shifts,Shelter Shift,11/13/24,2024-11-13 19:00:00.0000000 -05:00,2024-11-13 22:00:00.0000000 -05:00,Sisu Youth Services
117561878,12/26/24,Completed,Volunteer,Shelter Shifts,Shelter Shift,11/18/24,2024-11-18 19:00:00.0000000 -05:00,2024-11-18 22:00:00.0000000 -05:00,Sisu Youth Services
117561878,12/26/24,Completed,Volunteer,Shelter Shifts,Shelter Shift,11/20/24,2024-11-20 19:00:00.0000000 -05:00,2024-11-20 22:00:00.0000000 -05:00,Sisu Youth Services
117561878,12/26/24,Completed,Volunteer,Shelter Shifts,Shelter Shift,11/25/24,2024-11-25 19:00:00.0000000 -05:00,2024-11-25 22:00:00.0000000 -05:00,Sisu Youth Services
117561878,1/1/25,Completed,Volunteer,Shelter Shifts,Shelter Shift,12/2/24,2024-12-02 19:00:00.0000000 -05:00,2024-12-02 22:00:00.0000000 -05:00,Sisu Youth Services
117561878,1/1/25,Completed,Volunteer,Shelter Shifts,Shelter Shift,12/4/24,2024-12-04 19:00:00.0000000 -05:00,2024-12-04 22:00:00.0000000 -05:00,Sisu Youth Services
117561878,1/1/25,Completed,Volunteer,Shelter Shifts,Shelter Shift,12/9/24,2024-12-09 19:00:00.0000000 -05:00,2024-12-09 22:00:00.0000000 -05:00,Sisu Youth Services
117561878,1/1/25,Completed,Volunteer,Shelter Shifts,Shelter Shift,12/11/24,2024-12-11 19:00:00.0000000 -05:00,2024-12-11 22:00:00.0000000 -05:00,Sisu Youth Services
117561878,1/1/25,Completed,Volunteer,Shelter Shifts,Shelter Shift,12/16/24,2024-12-16 19:00:00.0000000 -05:00,2024-12-16 22:00:00.0000000 -05:00,Sisu Youth Services
117561878,1/1/25,Completed,Volunteer,Shelter Shifts,Shelter Shift,12/18/24,2024-12-18 19:00:00.0000000 -05:00,2024-12-18 22:00:00.0000000 -05:00,Sisu Youth Services
117561878,1/1/25,Completed,Volunteer,Shelter Shifts,Shelter Shift,12/23/24,2024-12-23 19:00:00.0000000 -05:00,2024-12-23 22:00:00.0000000 -05:00,Sisu Youth Services
117561878,12/26/24,Completed,Volunteer,Shelter Shifts,Shelter Shift,11/6/24,2024-11-06 19:00:00.0000000 -05:00,2024-11-06 22:00:00.0000000 -05:00,Sisu Youth Services
117561878,12/26/24,Completed,Volunteer,Shelter Shifts,Shelter Shift,11/11/24,2024-11-11 19:00:00.0000000 -05:00,2024-11-11 22:00:00.0000000 -05:00,Sisu Youth Services
117561878,12/26/24,Completed,Volunteer,Shelter Shifts,Shelter Shift,11/4/24,2024-11-04 19:00:00.0000000 -05:00,2024-11-04 22:00:00.0000000 -05:00,Sisu Youth Services
117561878,10/21/24,Completed,Volunteer,Shelter Shifts,Shelter Shift,10/14/24,2024-10-14 16:00:00.0000000 -04:00,2024-10-14 19:00:00.0000000 -04:00,Sisu Youth Services
117561878,10/21/24,Completed,Volunteer,Shelter Shifts,Shelter Shift,10/9/24,2024-10-09 16:00:00.0000000 -04:00,2024-10-09 19:00:00.0000000 -04:00,Sisu Youth Services
117561878,10/21/24,Completed,Volunteer,Shelter Shifts,Shelter Shift,10/16/24,2024-10-16 16:00:00.0000000 -04:00,2024-10-16 19:00:00.0000000 -04:00,Sisu Youth Services
117561878,10/21/24,Completed,Volunteer,Shelter Shifts,Shelter Shift,10/21/24,2024-10-21 16:00:00.0000000 -04:00,2024-10-21 19:00:00.0000000 -04:00,Sisu Youth Services
117561878,10/21/24,Completed,Volunteer,Shelter Shifts,Shelter Shift,10/23/24,2024-10-23 16:00:00.0000000 -04:00,2024-10-23 19:00:00.0000000 -04:00,Sisu Youth Services
117561878,10/21/24,Completed,Volunteer,Shelter Shifts,Shelter Shift,10/7/24,2024-10-07 16:00:00.0000000 -04:00,2024-10-07 19:00:00.0000000 -04:00,Sisu Youth Services
117561878,10/21/24,Completed,Volunteer,Shelter Shifts,Shelter Shift,10/2/24,2024-10-02 16:00:00.0000000 -04:00,2024-10-02 19:00:00.0000000 -04:00,Sisu Youth Services
117561878,10/21/24,Completed,Volunteer,Shelter Shifts,Shelter Shift,9/30/24,2024-09-30 16:00:00.0000000 -04:00,2024-09-30 19:00:00.0000000 -04:00,Sisu Youth Services
117561878,8/19/24,Completed,Volunteer,Shelter Shifts,Shelter Shift,8/12/24,2024-08-12 16:00:00.0000000 -04:00,2024-08-12 19:00:00.0000000 -04:00,Sisu Youth Services
117561878,8/19/24,Completed,Volunteer,Shelter Shifts,Shelter Shift,8/12/24,2024-08-12 17:30:00.0000000 -04:00,2024-08-12 19:30:00.0000000 -04:00,Sisu Youth Services
117561878,8/19/24,Completed,Volunteer,Shelter Shifts,Shelter Shift,8/14/24,2024-08-14 17:30:00.0000000 -04:00,2024-08-14 19:30:00.0000000 -04:00,Sisu Youth Services
117561878,8/19/24,Completed,Volunteer,Shelter Shifts,Shelter Shift,8/14/24,2024-08-14 19:00:00.0000000 -04:00,2024-08-14 22:00:00.0000000 -04:00,Sisu Youth Services
117561878,8/19/24,Completed,Volunteer,Shelter Shifts,Shelter Shift,8/16/24,2024-08-16 19:00:00.0000000 -04:00,2024-08-16 22:00:00.0000000 -04:00,Sisu Youth Services
117561878,8/19/24,Completed,Volunteer,Shelter Shifts,Shelter Shift,8/19/24,2024-08-19 17:30:00.0000000 -04:00,2024-08-19 19:30:00.0000000 -04:00,Sisu Youth Services
117561878,8/19/24,Completed,Volunteer,Shelter Shifts,Shelter Shift,8/19/24,2024-08-19 19:00:00.0000000 -04:00,2024-08-19 22:00:00.0000000 -04:00,Sisu Youth Services
117561878,7/29/24,Completed,Volunteer,Shelter Shifts,Shelter Shift,7/29/24,2024-07-29 16:00:00.0000000 -04:00,2024-07-29 19:00:00.0000000 -04:00,Sisu Youth Services
117561878,7/29/24,Completed,Volunteer,Shelter Shifts,Shelter Shift,7/30/24,2024-07-30 17:30:00.0000000 -04:00,2024-07-30 19:30:00.0000000 -04:00,Sisu Youth Services
117561878,8/5/24,Completed,Volunteer,Shelter Shifts,Shelter Shift,8/5/24,2024-08-05 19:00:00.0000000 -04:00,2024-08-05 22:00:00.0000000 -04:00,Sisu Youth Services
117561878,8/19/24,Completed,Volunteer,Shelter Shifts,Shelter Shift,8/7/24,2024-08-07 17:30:00.0000000 -04:00,2024-08-07 19:30:00.0000000 -04:00,Sisu Youth Services
117561878,8/19/24,Completed,Volunteer,Shelter Shifts,Shelter Shift,8/7/24,2024-08-07 19:00:00.0000000 -04:00,2024-08-07 22:00:00.0000000 -04:00,Sisu Youth Services
117561878,7/29/24,Completed,Volunteer,Shelter Shifts,Shelter Shift,7/8/24,2024-07-08 16:00:00.0000000 -04:00,2024-07-08 19:00:00.0000000 -04:00,Sisu Youth Services
117561878,7/29/24,Completed,Volunteer,Shelter Shifts,Shelter Shift,7/8/24,2024-07-08 19:00:00.0000000 -04:00,2024-07-08 22:00:00.0000000 -04:00,Sisu Youth Services
117561878,7/29/24,Completed,Volunteer,Shelter Shifts,Shelter Shift,7/10/24,2024-07-10 19:00:00.0000000 -04:00,2024-07-10 22:00:00.0000000 -04:00,Sisu Youth Services
117561878,7/29/24,Completed,Volunteer,Shelter Shifts,Shelter Shift,7/1/24,2024-07-01 16:00:00.0000000 -04:00,2024-07-01 19:00:00.0000000 -04:00,Sisu Youth Services
117561878,7/29/24,Completed,Volunteer,Shelter Shifts,Shelter Shift,7/3/24,2024-07-03 19:00:00.0000000 -04:00,2024-07-03 22:00:00.0000000 -04:00,Sisu Youth Services
117561878,7/29/24,Completed,Volunteer,Shelter Shifts,Shelter Shift,7/22/24,2024-07-22 16:00:00.0000000 -04:00,2024-07-22 19:00:00.0000000 -04:00,Sisu Youth Services
117561878,7/29/24,Completed,Volunteer,Shelter Shifts,Shelter Shift,7/23/24,2024-07-23 16:00:00.0000000 -04:00,2024-07-23 19:00:00.0000000 -04:00,Sisu Youth Services
117561878,7/29/24,Completed,Volunteer,Shelter Shifts,Shelter Shift,7/24/24,2024-07-24 16:00:00.0000000 -04:00,2024-07-24 19:00:00.0000000 -04:00,Sisu Youth Services
117561878,6/26/25,Completed,Volunteer,Shelter Shift ,Shelter Shift,6/26/25,2025-06-26 19:00:00.0000000 -05:00,2025-06-26 22:00:00.0000000 -05:00,Sisu Youth Services
117561878,6/26/25,Completed,Volunteer,Shelter Shift ,Shelter Shift,6/23/25,2025-06-23 19:00:00.0000000 -05:00,2025-06-23 22:00:00.0000000 -05:00,Sisu Youth Services
117561878,6/26/25,Completed,Volunteer,Shelter Shift ,Shelter Shift,6/16/25,2025-06-16 19:00:00.0000000 -05:00,2025-06-16 22:00:00.0000000 -05:00,Sisu Youth Services
117561878,4/29/25,Completed,Volunteer,Shelter Shift ,Shelter Shift,4/21/25,2025-04-21 17:30:00.0000000 -05:00,2025-04-21 19:30:00.0000000 -05:00,Sisu Youth Services
117561878,4/29/25,Completed,Volunteer,Shelter Shift ,Shelter Shift,4/21/25,2025-04-21 19:00:00.0000000 -05:00,2025-04-21 22:00:00.0000000 -05:00,Sisu Youth Services
117561878,4/29/25,Completed,Volunteer,Shelter Shift ,Shelter Shift,4/23/25,2025-04-23 17:30:00.0000000 -05:00,2025-04-23 19:30:00.0000000 -05:00,Sisu Youth Services
117561878,4/29/25,Completed,Volunteer,Shelter Shift ,Shelter Shift,4/23/25,2025-04-23 19:00:00.0000000 -05:00,2025-04-23 22:00:00.0000000 -05:00,Sisu Youth Services
117561878,4/29/25,Completed,Volunteer,Shelter Shift ,Shelter Shift,4/30/25,2025-04-30 17:30:00.0000000 -05:00,2025-04-30 19:30:00.0000000 -05:00,Sisu Youth Services
117561878,4/29/25,Completed,Volunteer,Shelter Shift ,Shelter Shift,4/30/25,2025-04-30 16:00:00.0000000 -05:00,2025-04-30 19:00:00.0000000 -05:00,Sisu Youth Services
117561878,5/29/25,Completed,Volunteer,Shelter Shift ,Shelter Shift,5/5/25,2025-05-05 17:30:00.0000000 -05:00,2025-05-05 19:30:00.0000000 -05:00,Sisu Youth Services
117561928,4/4/23,Completed,Attendee,March Volunteer Training ,Training,3/19/23,2023-03-19 15:30:00.0000000 -04:00,2023-03-19 17:00:00.0000000 -04:00,
117561938,6/9/24,Completed,Volunteer,Emanuel Synagogue Volunteer Day,Group Volunteer,6/9/24,2024-06-09 11:00:00.0000000 -05:00,2024-06-09 13:00:00.0000000 -05:00,
117561938,2/15/23,Completed,Volunteer,Meal Train,Meal Train,1/23/23,2023-01-23 17:00:00.0000000 -05:00,2023-01-23 18:00:00.0000000 -05:00,Sisu Youth Services
117561938,2/13/25,Completed,Volunteer,Meal Train,Meal Train,2/9/25,2025-02-09 16:00:00.0000000 -06:00,2025-02-09 19:00:00.0000000 -06:00,Sisu Youth Services
117561964,3/8/24,Scheduled,Volunteer,Meditation ,PYD,2/9/24,2024-02-09 11:00:00.0000000 -06:00,2024-02-09 12:00:00.0000000 -06:00,Sisu Youth Services
117561964,3/8/24,Scheduled,Volunteer,Meditation ,PYD,2/23/24,2024-02-23 11:00:00.0000000 -06:00,2024-02-23 12:00:00.0000000 -06:00,Sisu Youth Services
117561964,3/8/24,Completed,Volunteer,Meditation ,PYD,3/9/24,2024-03-09 11:00:00.0000000 -06:00,2024-03-09 12:00:00.0000000 -06:00,Sisu Youth Services
117561964,4/1/24,Completed,Volunteer,Meditation ,PYD,3/13/24,2024-03-13 11:00:00.0000000 -05:00,2024-03-13 12:00:00.0000000 -05:00,Sisu Youth Services
117561964,4/1/24,Completed,Volunteer,Meditation ,PYD,3/23/24,2024-03-23 11:00:00.0000000 -05:00,2024-03-23 12:00:00.0000000 -05:00,Sisu Youth Services
117561964,4/1/24,Completed,Volunteer,Meditation ,PYD,3/27/24,2024-03-27 11:00:00.0000000 -05:00,2024-03-27 12:00:00.0000000 -05:00,Sisu Youth Services
117561964,5/3/24,Completed,Volunteer,Meditation ,PYD,4/13/24,2024-04-13 11:00:00.0000000 -05:00,2024-04-13 12:00:00.0000000 -05:00,Sisu Youth Services
117561964,5/3/24,Completed,Volunteer,Meditation ,PYD,4/27/24,2024-04-27 11:00:00.0000000 -05:00,2024-04-27 12:00:00.0000000 -05:00,Sisu Youth Services
117561964,1/4/24,Scheduled,Volunteer,January Meditation ,PYD,1/4/24,2024-01-04 11:00:00.0000000 -06:00,2024-01-04 12:00:00.0000000 -06:00,Sisu Youth Services
117561964,1/4/24,Scheduled,Volunteer,January Meditation ,PYD,1/6/24,2024-01-06 11:00:00.0000000 -06:00,2024-01-06 12:00:00.0000000 -06:00,Sisu Youth Services
117561964,1/31/24,Scheduled,Volunteer,January Meditation ,PYD,1/20/24,2024-01-20 11:00:00.0000000 -06:00,2024-01-20 12:00:00.0000000 -06:00,Sisu Youth Services
117561997,6/7/24,Scheduled,Volunteer,Pride Outreach Team,Shelter Shift,6/22/24,2024-06-22 08:00:00.0000000 -05:00,2024-06-22 10:00:00.0000000 -05:00,Sisu Youth Services
117561997,12/12/24,Completed,Volunteer,Sisu Santa Squad,Group Volunteer,12/17/24,2024-12-17 17:00:00.0000000 -05:00,2024-12-17 19:00:00.0000000 -05:00,
117561997,12/12/24,Completed,Volunteer,Sisu Santa Squad,Group Volunteer,12/17/24,2024-12-17 17:00:00.0000000 -05:00,2024-12-17 19:00:00.0000000 -05:00,
117561997,3/3/25,Completed,Attendee,March Volunteer Orientation ,Vol Orientatio,3/1/25,2025-03-01 11:00:00.0000000 -06:00,2025-03-01 12:00:00.0000000 -06:00,Sisu Youth Services
117562018,2/13/23,Completed,Volunteer,Shelter Shift,Shelter Shift,1/9/23,2023-01-09 16:00:00.0000000 -06:00,2023-01-09 19:00:00.0000000 -06:00,Sisu Youth Services
117562018,7/24/23,Sched-Web,Volunteer,Volunteer Paint Party at NEW Sisu HQ,Group Volunteer,7/29/23,2023-07-29 09:00:00.0000000 -05:00,2023-07-29 12:00:00.0000000 -05:00,Sisu Youth Services
117562019,4/4/23,Completed,Volunteer,Shelter Shift,Shelter Shift,3/16/23,2023-03-16 19:00:00.0000000 -04:00,2023-03-16 22:00:00.0000000 -04:00,Sisu Youth Services
117562019,12/19/24,Completed,Volunteer,Sisu Santa Squad,Group Volunteer,12/17/24,2024-12-17 17:00:00.0000000 -05:00,2024-12-17 19:00:00.0000000 -05:00,
117562019,4/5/23,Completed,Attendee,March Volunteer Training ,Training,3/19/23,2023-03-19 15:30:00.0000000 -04:00,2023-03-19 17:00:00.0000000 -04:00,
117610665,2/15/23,Completed,Volunteer,Meal Train,Meal Train,1/24/23,2023-01-24 17:00:00.0000000 -05:00,2023-01-24 18:00:00.0000000 -05:00,Sisu Youth Services
117610665,2/15/23,Completed,Volunteer,Meal Train,Meal Train,1/31/23,2023-01-31 17:00:00.0000000 -05:00,2023-01-31 18:00:00.0000000 -05:00,Sisu Youth Services
117610665,2/15/23,Completed,Volunteer,Meal Train,Meal Train,1/3/23,2023-01-03 17:00:00.0000000 -05:00,2023-01-03 18:00:00.0000000 -05:00,Sisu Youth Services
117610665,2/15/23,Completed,Volunteer,Meal Train,Meal Train,1/17/23,2023-01-17 17:00:00.0000000 -05:00,2023-01-17 18:00:00.0000000 -05:00,Sisu Youth Services
117610665,2/15/23,Completed,Volunteer,Meal Train,Meal Train,1/10/23,2023-01-10 17:00:00.0000000 -05:00,2023-01-10 18:00:00.0000000 -05:00,Sisu Youth Services
117610665,3/10/23,Completed,Volunteer,Meal Train,Meal Train,2/21/23,2023-02-21 17:00:00.0000000 -05:00,2023-02-21 18:00:00.0000000 -05:00,Sisu Youth Services
117610665,3/10/23,Completed,Volunteer,Meal Train,Meal Train,2/28/23,2023-02-28 17:00:00.0000000 -05:00,2023-02-28 18:00:00.0000000 -05:00,Sisu Youth Services
117610665,3/10/23,Completed,Volunteer,Meal Train,Meal Train,2/7/23,2023-02-07 17:00:00.0000000 -05:00,2023-02-07 18:00:00.0000000 -05:00,Sisu Youth Services
117610665,3/10/23,Completed,Volunteer,Meal Train,Meal Train,2/14/23,2023-02-14 17:00:00.0000000 -05:00,2023-02-14 18:00:00.0000000 -05:00,Sisu Youth Services
117610665,4/4/23,Completed,Volunteer,Meal Train,Meal Train,3/7/23,2023-03-07 17:00:00.0000000 -05:00,2023-03-07 18:00:00.0000000 -05:00,Sisu Youth Services
117610665,4/4/23,Completed,Volunteer,Meal Train,Meal Train,3/21/23,2023-03-21 17:00:00.0000000 -04:00,2023-03-21 18:00:00.0000000 -04:00,Sisu Youth Services
117610665,4/4/23,Completed,Volunteer,Meal Train,Meal Train,3/14/23,2023-03-14 17:00:00.0000000 -04:00,2023-03-14 18:00:00.0000000 -04:00,Sisu Youth Services
117610665,4/4/23,Completed,Volunteer,Meal Train,Meal Train,3/28/23,2023-03-28 17:00:00.0000000 -04:00,2023-03-28 18:00:00.0000000 -04:00,Sisu Youth Services
117610665,5/3/23,Completed,Volunteer,April Meal Train ,Meal Train,4/4/23,2023-04-04 17:00:00.0000000 -04:00,2023-04-04 18:00:00.0000000 -04:00,Sisu Youth Services
117610665,5/3/23,Completed,Volunteer,April Meal Train ,Meal Train,4/13/23,2023-04-13 17:00:00.0000000 -04:00,2023-04-13 18:00:00.0000000 -04:00,Sisu Youth Services
117610665,5/3/23,Completed,Volunteer,April Meal Train ,Meal Train,4/11/23,2023-04-11 17:00:00.0000000 -04:00,2023-04-11 18:00:00.0000000 -04:00,Sisu Youth Services
117610665,5/3/23,Completed,Volunteer,April Meal Train ,Meal Train,4/18/23,2023-04-18 17:00:00.0000000 -04:00,2023-04-18 18:00:00.0000000 -04:00,Sisu Youth Services
117610665,5/8/23,Completed,Volunteer,May Meal Train,Meal Train,5/2/23,2023-05-02 17:00:00.0000000 -04:00,2023-05-02 18:00:00.0000000 -04:00,Sisu Youth Services
117610665,5/3/23,Completed,Volunteer,April Meal Train ,Meal Train,4/25/23,2023-04-25 17:00:00.0000000 -04:00,2023-04-25 18:00:00.0000000 -04:00,Sisu Youth Services
117610665,5/12/23,Completed,Volunteer,May Meal Train,Meal Train,5/9/23,2023-05-09 17:00:00.0000000 -04:00,2023-05-09 18:00:00.0000000 -04:00,Sisu Youth Services
117610665,8/1/23,Completed,Volunteer,July Meal Train ,Meal Train,7/4/23,2023-07-04 16:00:00.0000000 -04:00,2023-07-04 18:30:00.0000000 -04:00,Sisu Youth Services
117610665,8/1/23,Completed,Volunteer,August Meal Train ,Meal Train,8/1/23,2023-08-01 16:30:00.0000000 -04:00,2023-08-01 18:00:00.0000000 -04:00,Sisu Youth Services
117610665,6/7/24,Completed,Volunteer,June Meal Train,Meal Train,6/25/24,2024-06-25 17:00:00.0000000 -05:00,2024-06-25 19:30:00.0000000 -05:00,Sisu Youth Services
117610665,6/7/24,Completed,Volunteer,June Meal Train,Meal Train,6/4/24,2024-06-04 17:00:00.0000000 -05:00,2024-06-04 19:30:00.0000000 -05:00,Sisu Youth Services
117610665,6/7/24,Completed,Volunteer,June Meal Train,Meal Train,6/11/24,2024-06-11 17:00:00.0000000 -05:00,2024-06-11 19:30:00.0000000 -05:00,Sisu Youth Services
117610665,6/7/24,Completed,Volunteer,June Meal Train,Meal Train,6/18/24,2024-06-18 17:00:00.0000000 -05:00,2024-06-18 19:30:00.0000000 -05:00,Sisu Youth Services
117610665,5/7/24,Completed,Volunteer,May Meal Train,Meal Train,5/14/24,2024-05-14 16:00:00.0000000 -05:00,2024-05-14 19:00:00.0000000 -05:00,Sisu Youth Services
117610665,5/7/24,Completed,Volunteer,May Meal Train,Meal Train,5/21/24,2024-05-21 16:00:00.0000000 -05:00,2024-05-21 19:00:00.0000000 -05:00,Sisu Youth Services
117610665,5/7/24,Completed,Volunteer,May Meal Train,Meal Train,5/28/24,2024-05-28 16:00:00.0000000 -05:00,2024-05-28 19:00:00.0000000 -05:00,Sisu Youth Services
117610665,5/3/24,Completed,Volunteer,April Meal Train,Meal Train,4/30/24,2024-04-30 16:00:00.0000000 -05:00,2024-04-30 18:30:00.0000000 -05:00,Sisu Youth Services
117610665,5/3/24,Completed,Volunteer,April Meal Train,Meal Train,4/16/24,2024-04-16 16:00:00.0000000 -05:00,2024-04-16 18:30:00.0000000 -05:00,Sisu Youth Services
117610665,5/3/24,Completed,Volunteer,April Meal Train,Meal Train,4/23/24,2024-04-23 16:00:00.0000000 -05:00,2024-04-23 18:30:00.0000000 -05:00,Sisu Youth Services
117610665,5/7/24,Completed,Volunteer,May Meal Train,Meal Train,5/7/24,2024-05-07 16:00:00.0000000 -05:00,2024-05-07 19:00:00.0000000 -05:00,Sisu Youth Services
117610665,8/19/24,Completed,Volunteer,Meal Train,Meal Train,7/16/24,2024-07-16 16:30:00.0000000 -05:00,2024-07-16 19:30:00.0000000 -05:00,Sisu Youth Services
117610665,8/19/24,Completed,Volunteer,Meal Train,Meal Train,7/9/24,2024-07-09 16:30:00.0000000 -05:00,2024-07-09 19:30:00.0000000 -05:00,Sisu Youth Services
117610665,8/19/24,Completed,Volunteer,Meal Train,Meal Train,7/2/24,2024-07-02 16:30:00.0000000 -05:00,2024-07-02 19:30:00.0000000 -05:00,Sisu Youth Services
117610665,8/19/24,Completed,Volunteer,Meal Train,Meal Train,8/13/24,2024-08-13 16:30:00.0000000 -05:00,2024-08-13 19:30:00.0000000 -05:00,Sisu Youth Services
117610665,8/19/24,Completed,Volunteer,Meal Train,Meal Train,8/20/24,2024-08-20 16:30:00.0000000 -05:00,2024-08-20 19:30:00.0000000 -05:00,Sisu Youth Services
117610665,9/2/24,Completed,Volunteer,Meal Train,Meal Train,9/3/24,2024-09-03 16:30:00.0000000 -05:00,2024-09-03 19:30:00.0000000 -05:00,Sisu Youth Services
117610665,8/19/24,Completed,Volunteer,Meal Train,Meal Train,8/27/24,2024-08-27 16:30:00.0000000 -05:00,2024-08-27 19:30:00.0000000 -05:00,Sisu Youth Services
117610665,8/19/24,Completed,Volunteer,Meal Train,Meal Train,8/6/24,2024-08-06 16:30:00.0000000 -05:00,2024-08-06 19:30:00.0000000 -05:00,Sisu Youth Services
117610665,8/19/24,Completed,Volunteer,Meal Train,Meal Train,7/30/24,2024-07-30 16:30:00.0000000 -05:00,2024-07-30 19:30:00.0000000 -05:00,Sisu Youth Services
117610665,8/19/24,Completed,Volunteer,Meal Train,Meal Train,7/23/24,2024-07-23 16:30:00.0000000 -05:00,2024-07-23 19:30:00.0000000 -05:00,Sisu Youth Services
117610665,9/30/24,Completed,Volunteer,Meal Train,Meal Train,10/29/24,2024-10-29 16:30:00.0000000 -05:00,2024-10-29 19:30:00.0000000 -05:00,Sisu Youth Services
117610665,12/13/24,Completed,Volunteer,Meal Train,Meal Train,11/5/24,2024-11-05 16:30:00.0000000 -06:00,2024-11-05 19:30:00.0000000 -06:00,Sisu Youth Services
117610665,12/13/24,Completed,Volunteer,Meal Train,Meal Train,11/19/24,2024-11-19 16:30:00.0000000 -06:00,2024-11-19 19:30:00.0000000 -06:00,Sisu Youth Services
117610665,12/13/24,Completed,Volunteer,Meal Train,Meal Train,11/12/24,2024-11-12 16:30:00.0000000 -06:00,2024-11-12 19:30:00.0000000 -06:00,Sisu Youth Services
117610665,1/1/25,Completed,Volunteer,Meal Train,Meal Train,12/31/24,2024-12-31 16:30:00.0000000 -06:00,2024-12-31 19:30:00.0000000 -06:00,Sisu Youth Services
117610665,1/1/25,Completed,Volunteer,Meal Train,Meal Train,12/24/24,2024-12-24 16:30:00.0000000 -06:00,2024-12-24 19:30:00.0000000 -06:00,Sisu Youth Services
117610665,1/1/25,Completed,Volunteer,Meal Train,Meal Train,12/10/24,2024-12-10 16:30:00.0000000 -06:00,2024-12-10 19:30:00.0000000 -06:00,Sisu Youth Services
117610665,1/1/25,Completed,Volunteer,Meal Train,Meal Train,12/17/24,2024-12-17 16:30:00.0000000 -06:00,2024-12-17 19:30:00.0000000 -06:00,Sisu Youth Services
117610665,12/13/24,Completed,Volunteer,Meal Train,Meal Train,11/26/24,2024-11-26 16:30:00.0000000 -06:00,2024-11-26 19:30:00.0000000 -06:00,Sisu Youth Services
117610665,12/13/24,Completed,Volunteer,Meal Train,Meal Train,11/28/24,2024-11-28 16:30:00.0000000 -06:00,2024-11-28 19:30:00.0000000 -06:00,Sisu Youth Services
117610665,1/1/25,Completed,Volunteer,Meal Train,Meal Train,12/3/24,2024-12-03 16:30:00.0000000 -06:00,2024-12-03 19:30:00.0000000 -06:00,Sisu Youth Services
117610665,9/2/24,Completed,Volunteer,Meal Train,Meal Train,9/24/24,2024-09-24 16:30:00.0000000 -05:00,2024-09-24 19:30:00.0000000 -05:00,Sisu Youth Services
117610665,9/2/24,Completed,Volunteer,Meal Train,Meal Train,9/10/24,2024-09-10 16:30:00.0000000 -05:00,2024-09-10 19:30:00.0000000 -05:00,Sisu Youth Services
117610665,9/2/24,Completed,Volunteer,Meal Train,Meal Train,9/17/24,2024-09-17 16:30:00.0000000 -05:00,2024-09-17 19:30:00.0000000 -05:00,Sisu Youth Services
117610665,9/30/24,Completed,Volunteer,Meal Train,Meal Train,10/22/24,2024-10-22 16:30:00.0000000 -05:00,2024-10-22 19:30:00.0000000 -05:00,Sisu Youth Services
117610665,9/30/24,Completed,Volunteer,Meal Train,Meal Train,10/15/24,2024-10-15 16:30:00.0000000 -05:00,2024-10-15 19:30:00.0000000 -05:00,Sisu Youth Services
117610665,9/30/24,Completed,Volunteer,Meal Train,Meal Train,10/8/24,2024-10-08 16:30:00.0000000 -05:00,2024-10-08 19:30:00.0000000 -05:00,Sisu Youth Services
117610665,9/30/24,Completed,Volunteer,Meal Train,Meal Train,10/1/24,2024-10-01 16:30:00.0000000 -05:00,2024-10-01 19:30:00.0000000 -05:00,Sisu Youth Services
117610665,1/30/24,Completed,Volunteer,February Meal Train,Meal Train,2/6/24,2024-02-06 16:00:00.0000000 -06:00,2024-02-06 17:30:00.0000000 -06:00,Sisu Youth Services
117610665,2/27/24,Completed,Volunteer,February Meal Train,Meal Train,2/13/24,2024-02-13 16:00:00.0000000 -06:00,2024-02-13 17:30:00.0000000 -06:00,Sisu Youth Services
117610665,2/27/24,Completed,Volunteer,February Meal Train,Meal Train,2/20/24,2024-02-20 16:00:00.0000000 -06:00,2024-02-20 17:30:00.0000000 -06:00,Sisu Youth Services
117610665,2/27/24,Completed,Volunteer,February Shelter Shift ,Shelter Shift,2/27/24,2024-02-27 16:00:00.0000000 -06:00,2024-02-27 19:00:00.0000000 -06:00,Sisu Youth Services
117610665,2/27/24,Completed,Volunteer,March Meal Train,Meal Train,3/5/24,2024-03-05 16:30:00.0000000 -06:00,2024-03-05 18:00:00.0000000 -06:00,Sisu Youth Services
117610665,2/27/24,Completed,Volunteer,March Meal Train,Meal Train,3/12/24,2024-03-12 16:30:00.0000000 -06:00,2024-03-12 18:00:00.0000000 -06:00,Sisu Youth Services
117610665,2/27/24,Completed,Volunteer,March Meal Train,Meal Train,3/19/24,2024-03-19 16:30:00.0000000 -06:00,2024-03-19 18:00:00.0000000 -06:00,Sisu Youth Services
117610665,2/27/24,Completed,Volunteer,March Meal Train,Meal Train,3/26/24,2024-03-26 16:30:00.0000000 -06:00,2024-03-26 18:00:00.0000000 -06:00,Sisu Youth Services
117610665,4/2/24,Completed,Volunteer,April Meal Train,Meal Train,4/2/24,2024-04-02 16:00:00.0000000 -05:00,2024-04-02 18:30:00.0000000 -05:00,Sisu Youth Services
117610665,5/3/24,Completed,Volunteer,April Meal Train,Meal Train,4/9/24,2024-04-09 16:00:00.0000000 -05:00,2024-04-09 18:30:00.0000000 -05:00,Sisu Youth Services
117610665,1/2/24,Completed,Volunteer,November Meal Train ,Meal Train,11/28/23,2023-11-28 16:00:00.0000000 -06:00,2023-11-28 18:00:00.0000000 -06:00,Sisu Youth Services
117610665,1/2/24,Completed,Volunteer,November Meal Train ,Meal Train,11/7/23,2023-11-07 16:00:00.0000000 -06:00,2023-11-07 18:00:00.0000000 -06:00,Sisu Youth Services
117610665,1/2/24,Completed,Volunteer,November Meal Train ,Meal Train,11/14/23,2023-11-14 16:00:00.0000000 -06:00,2023-11-14 18:00:00.0000000 -06:00,Sisu Youth Services
117610665,1/2/24,Completed,Volunteer,November Meal Train ,Meal Train,11/21/23,2023-11-21 16:00:00.0000000 -06:00,2023-11-21 18:00:00.0000000 -06:00,Sisu Youth Services
117610665,1/2/24,Completed,Volunteer,Oct Meal Train ,Meal Train,10/3/23,2023-10-03 16:30:00.0000000 -05:00,2023-10-03 18:00:00.0000000 -05:00,Sisu Youth Services
117610665,1/2/24,Completed,Volunteer,Dec Meal Train,Meal Train,12/19/23,2023-12-19 16:00:00.0000000 -06:00,2023-12-19 17:30:00.0000000 -06:00,Sisu Youth Services
117610665,1/2/24,Completed,Volunteer,Dec Meal Train,Meal Train,12/26/23,2023-12-26 16:00:00.0000000 -06:00,2023-12-26 17:30:00.0000000 -06:00,Sisu Youth Services
117610665,12/12/23,Completed,Volunteer,Dec Meal Train,Meal Train,12/12/23,2023-12-12 16:00:00.0000000 -06:00,2023-12-12 17:30:00.0000000 -06:00,Sisu Youth Services
117610665,1/2/24,Completed,Volunteer,Dec Meal Train,Meal Train,12/5/23,2023-12-05 16:00:00.0000000 -06:00,2023-12-05 17:30:00.0000000 -06:00,Sisu Youth Services
117610665,1/22/24,Completed,Volunteer,January Meal Train,Meal Train,1/16/24,2024-01-16 16:30:00.0000000 -06:00,2024-01-16 18:00:00.0000000 -06:00,Sisu Youth Services
117610665,1/22/24,Completed,Volunteer,January Meal Train,Meal Train,1/9/24,2024-01-09 16:30:00.0000000 -06:00,2024-01-09 18:00:00.0000000 -06:00,Sisu Youth Services
117610665,1/2/24,Completed,Volunteer,January Meal Train,Meal Train,1/2/24,2024-01-02 16:30:00.0000000 -06:00,2024-01-02 18:00:00.0000000 -06:00,Sisu Youth Services
117610665,1/30/24,Completed,Volunteer,January Meal Train,Meal Train,1/30/24,2024-01-30 16:30:00.0000000 -06:00,2024-01-30 18:00:00.0000000 -06:00,Sisu Youth Services
117610665,1/22/24,Completed,Volunteer,January Meal Train,Meal Train,1/23/24,2024-01-23 16:30:00.0000000 -06:00,2024-01-23 18:00:00.0000000 -06:00,Sisu Youth Services
117610665,2/13/25,Completed,Volunteer,Meal Train,Meal Train,2/4/25,2025-02-04 16:00:00.0000000 -06:00,2025-02-04 19:00:00.0000000 -06:00,Sisu Youth Services
117610665,2/13/25,Completed,Volunteer,Meal Train,Meal Train,2/18/25,2025-02-18 16:00:00.0000000 -06:00,2025-02-18 19:00:00.0000000 -06:00,Sisu Youth Services
117610665,2/13/25,Completed,Volunteer,Meal Train,Meal Train,2/11/25,2025-02-11 16:00:00.0000000 -06:00,2025-02-11 19:00:00.0000000 -06:00,Sisu Youth Services
117610665,1/20/25,Completed,Volunteer,Meal Train,Meal Train,1/21/25,2025-01-21 16:00:00.0000000 -06:00,2025-01-21 19:00:00.0000000 -06:00,Sisu Youth Services
117610665,1/20/25,Completed,Volunteer,Meal Train,Meal Train,1/28/25,2025-01-28 16:00:00.0000000 -06:00,2025-01-28 19:00:00.0000000 -06:00,Sisu Youth Services
117610665,1/20/25,Completed,Volunteer,Meal Train,Meal Train,1/14/25,2025-01-14 16:00:00.0000000 -06:00,2025-01-14 19:00:00.0000000 -06:00,Sisu Youth Services
117610665,3/10/25,Completed,Volunteer,Meal Train,Meal Train,3/25/25,2025-03-25 16:00:00.0000000 -05:00,2025-03-25 19:00:00.0000000 -05:00,Sisu Youth Services
117610665,4/17/25,Completed,Volunteer,Meal Train,Meal Train,4/1/25,2025-04-01 16:00:00.0000000 -05:00,2025-04-01 19:00:00.0000000 -05:00,Sisu Youth Services
117610665,4/17/25,Completed,Volunteer,Meal Train,Meal Train,4/2/25,2025-04-02 16:00:00.0000000 -05:00,2025-04-02 19:00:00.0000000 -05:00,Sisu Youth Services
117610665,4/17/25,Completed,Volunteer,Meal Train,Meal Train,4/8/25,2025-04-08 16:00:00.0000000 -05:00,2025-04-08 19:00:00.0000000 -05:00,Sisu Youth Services
117610665,2/13/25,Completed,Volunteer,Meal Train,Meal Train,2/25/25,2025-02-25 16:00:00.0000000 -06:00,2025-02-25 19:00:00.0000000 -06:00,Sisu Youth Services
117610665,3/10/25,Completed,Volunteer,Meal Train,Meal Train,3/4/25,2025-03-04 16:00:00.0000000 -06:00,2025-03-04 19:00:00.0000000 -06:00,Sisu Youth Services
117610665,3/10/25,Completed,Volunteer,Meal Train,Meal Train,3/18/25,2025-03-18 16:00:00.0000000 -05:00,2025-03-18 19:00:00.0000000 -05:00,Sisu Youth Services
117610665,3/10/25,Completed,Volunteer,Meal Train,Meal Train,3/11/25,2025-03-11 16:00:00.0000000 -05:00,2025-03-11 19:00:00.0000000 -05:00,Sisu Youth Services
117610665,5/29/25,Completed,Volunteer,Meal Train,Meal Train,5/13/25,2025-05-13 16:00:00.0000000 -05:00,2025-05-13 19:00:00.0000000 -05:00,Sisu Youth Services
117610665,5/29/25,Completed,Volunteer,Meal Train,Meal Train,5/20/25,2025-05-20 16:00:00.0000000 -05:00,2025-05-20 19:00:00.0000000 -05:00,Sisu Youth Services
117610665,6/26/25,Completed,Volunteer,Meal Train,Meal Train,6/3/25,2025-06-03 16:00:00.0000000 -05:00,2025-06-03 19:00:00.0000000 -05:00,Sisu Youth Services
117610665,5/29/25,Completed,Volunteer,Meal Train,Meal Train,5/27/25,2025-05-27 16:00:00.0000000 -05:00,2025-05-27 19:00:00.0000000 -05:00,Sisu Youth Services
117610665,4/17/25,Completed,Volunteer,Meal Train,Meal Train,4/22/25,2025-04-22 16:00:00.0000000 -05:00,2025-04-22 19:00:00.0000000 -05:00,Sisu Youth Services
117610665,4/17/25,Completed,Volunteer,Meal Train,Meal Train,4/15/25,2025-04-15 16:00:00.0000000 -05:00,2025-04-15 19:00:00.0000000 -05:00,Sisu Youth Services
117610665,5/29/25,Completed,Volunteer,Meal Train,Meal Train,5/6/25,2025-05-06 16:00:00.0000000 -05:00,2025-05-06 19:00:00.0000000 -05:00,Sisu Youth Services
117610665,4/17/25,Completed,Volunteer,Meal Train,Meal Train,4/29/25,2025-04-29 16:00:00.0000000 -05:00,2025-04-29 19:00:00.0000000 -05:00,Sisu Youth Services
117610665,6/26/25,Completed,Volunteer,Meal Train,Meal Train,6/10/25,2025-06-10 16:00:00.0000000 -05:00,2025-06-10 19:00:00.0000000 -05:00,Sisu Youth Services
117610665,6/26/25,Completed,Volunteer,Meal Train,Meal Train,6/24/25,2025-06-24 16:00:00.0000000 -05:00,2025-06-24 19:00:00.0000000 -05:00,Sisu Youth Services
117610665,6/26/25,Completed,Volunteer,Meal Train,Meal Train,6/17/25,2025-06-17 16:00:00.0000000 -05:00,2025-06-17 19:00:00.0000000 -05:00,Sisu Youth Services
117610665,1/20/25,Completed,Volunteer,Meal Train,Meal Train,1/7/25,2025-01-07 16:00:00.0000000 -06:00,2025-01-07 19:00:00.0000000 -06:00,Sisu Youth Services
117610722,8/18/25,Completed,Volunteer,Meal Train,Meal Train,7/9/25,2025-07-09 16:00:00.0000000 -05:00,2025-07-09 19:00:00.0000000 -05:00,Sisu Youth Services
117610722,1/2/24,Completed,Volunteer,January Meal Train,Meal Train,1/27/24,2024-01-27 16:30:00.0000000 -06:00,2024-01-27 18:00:00.0000000 -06:00,Sisu Youth Services
117610722,9/2/24,Completed,Volunteer,Meal Train,Meal Train,9/22/24,2024-09-22 16:30:00.0000000 -05:00,2024-09-22 19:30:00.0000000 -05:00,Sisu Youth Services
117610722,7/16/24,Completed,Volunteer,Meal Train,Meal Train,7/19/24,2024-07-19 16:30:00.0000000 -05:00,2024-07-19 19:30:00.0000000 -05:00,Sisu Youth Services
117610722,5/16/24,Completed,Volunteer,May Meal Train,Meal Train,5/23/24,2024-05-23 16:00:00.0000000 -05:00,2024-05-23 19:00:00.0000000 -05:00,Sisu Youth Services
117610722,5/16/24,Completed,Volunteer,May Meal Train,Meal Train,5/16/24,2024-05-16 16:00:00.0000000 -05:00,2024-05-16 19:00:00.0000000 -05:00,Sisu Youth Services
117610731,5/3/24,Completed,Volunteer,April Meal Train,Meal Train,4/7/24,2024-04-07 16:00:00.0000000 -05:00,2024-04-07 18:30:00.0000000 -05:00,Sisu Youth Services
119185858,2/27/24,Completed,Volunteer,March Meal Train,Meal Train,3/1/24,2024-03-01 16:30:00.0000000 -06:00,2024-03-01 18:00:00.0000000 -06:00,Sisu Youth Services
119185858,12/14/23,Completed,Volunteer,Dec Meal Train,Meal Train,12/22/23,2023-12-22 16:00:00.0000000 -06:00,2023-12-22 17:30:00.0000000 -06:00,Sisu Youth Services
119185858,5/20/24,Completed,Volunteer,May Meal Train,Meal Train,5/19/24,2024-05-19 16:00:00.0000000 -05:00,2024-05-19 19:00:00.0000000 -05:00,Sisu Youth Services
119185858,8/1/23,Confirmed,Volunteer,August Meal Train ,Meal Train,8/4/23,2023-08-04 16:30:00.0000000 -04:00,2023-08-04 18:00:00.0000000 -04:00,Sisu Youth Services
119185858,5/3/23,Completed,Volunteer,April Meal Train ,Meal Train,4/3/23,2023-04-03 17:00:00.0000000 -04:00,2023-04-03 18:00:00.0000000 -04:00,Sisu Youth Services
119185858,3/10/23,Completed,Volunteer,Meal Train,Meal Train,1/9/23,2023-01-09 17:00:00.0000000 -05:00,2023-01-09 18:00:00.0000000 -05:00,Sisu Youth Services
119185859,4/4/23,Completed,Volunteer,Shelter Shift,Shelter Shift,3/9/23,2023-03-09 19:00:00.0000000 -05:00,2023-03-09 22:00:00.0000000 -05:00,Sisu Youth Services
119185868,2/13/25,Completed,Volunteer,Sisu Santa Squad,Group Volunteer,12/17/24,2024-12-17 17:00:00.0000000 -05:00,2024-12-17 19:00:00.0000000 -05:00,
119185868,2/13/25,Completed,Volunteer,Sisu Santa Squad,Group Volunteer,12/17/24,2024-12-17 17:00:00.0000000 -05:00,2024-12-17 19:00:00.0000000 -05:00,
119185901,2/13/23,Completed,Volunteer,Shelter Shift,Shelter Shift,1/10/23,2023-01-10 16:00:00.0000000 -06:00,2023-01-10 19:00:00.0000000 -06:00,Sisu Youth Services
119185901,2/13/23,Completed,Volunteer,Shelter Shift,Shelter Shift,1/27/23,2023-01-27 16:00:00.0000000 -06:00,2023-01-27 19:00:00.0000000 -06:00,Sisu Youth Services
119185901,2/17/23,Completed,Volunteer,Shelter Shift,Shelter Shift,2/2/23,2023-02-02 16:00:00.0000000 -05:00,2023-02-02 19:00:00.0000000 -05:00,Sisu Youth Services
119185901,2/17/23,Completed,Volunteer,Shelter Shift,Shelter Shift,2/18/23,2023-02-18 16:00:00.0000000 -05:00,2023-02-18 19:00:00.0000000 -05:00,Sisu Youth Services
119185901,4/4/23,Completed,Volunteer,Shelter Shift ,Shelter Shift,3/24/23,2023-03-24 16:00:00.0000000 -04:00,2023-03-24 19:00:00.0000000 -04:00,Sisu Youth Services
119185901,12/19/23,Completed,Attendee,Volunteer Refresher ,Training,1/6/24,2024-01-06 14:00:00.0000000 -06:00,2024-01-06 16:00:00.0000000 -06:00,Sisu Youth Services
119185939,1/1/24,Cancelled,Attendee,Volunteer Refresher ,Training,1/6/24,2024-01-06 14:00:00.0000000 -06:00,2024-01-06 16:00:00.0000000 -06:00,Sisu Youth Services
119185939,10/4/23,Confirmed,Volunteer,October Shelter Shift ,Shelter Shift,10/4/23,2023-10-04 17:00:00.0000000 -05:00,2023-10-04 20:00:00.0000000 -05:00,Sisu Youth Services
119185939,11/12/23,Completed,Volunteer,Sisu Packing Party ,Group Volunteer,11/12/23,2023-11-12 12:00:00.0000000 -06:00,2023-11-12 15:00:00.0000000 -06:00,Sisu Youth Services
119185939,6/7/24,Completed,Volunteer,Pride Outreach Team,Shelter Shift,6/14/24,2024-06-14 17:30:00.0000000 -05:00,2024-06-14 19:30:00.0000000 -05:00,Sisu Youth Services
119185939,2/13/23,Completed,Volunteer,Shelter Shift,Shelter Shift,1/22/23,2023-01-22 19:00:00.0000000 -06:00,2023-01-22 22:00:00.0000000 -06:00,Sisu Youth Services
119185939,2/13/23,Completed,Volunteer,Shelter Shift,Shelter Shift,1/15/23,2023-01-15 19:00:00.0000000 -06:00,2023-01-15 22:00:00.0000000 -06:00,Sisu Youth Services
119185939,10/4/23,Scheduled,Organizer,Viva Las Sisu Volunteer Portal,Viva Las Sisu,9/30/23,2023-09-30 16:30:00.0000000 -05:00,2023-09-30 19:30:00.0000000 -05:00,Fordson Hotel (Formerly 21c Museum Hotel)
119185939,7/31/23,Completed,Volunteer,July Shelter Shift ,Shelter Shift,7/31/23,2023-07-31 16:00:00.0000000 -04:00,2023-07-31 19:00:00.0000000 -04:00,Sisu Youth Services
119185939,7/17/23,Completed,Volunteer,July Shelter Shift ,Shelter Shift,7/14/23,2023-07-14 16:00:00.0000000 -06:00,2023-07-14 19:00:00.0000000 -06:00,Sisu Youth Services
119185973,3/10/25,Completed,Volunteer,Meal Train,Meal Train,3/22/25,2025-03-22 16:00:00.0000000 -05:00,2025-03-22 19:00:00.0000000 -05:00,Sisu Youth Services
119185973,1/9/25,Completed,Volunteer,Meal Train,Meal Train,1/8/25,2025-01-08 16:00:00.0000000 -06:00,2025-01-08 19:00:00.0000000 -06:00,Sisu Youth Services
119185988,5/3/24,Completed,Volunteer,April Meal Train,Meal Train,4/29/24,2024-04-29 16:00:00.0000000 -05:00,2024-04-29 18:30:00.0000000 -05:00,Sisu Youth Services
119185988,8/19/24,Completed,Volunteer,Meal Train,Meal Train,8/28/24,2024-08-28 16:30:00.0000000 -05:00,2024-08-28 19:30:00.0000000 -05:00,Sisu Youth Services
119186041,3/22/24,Completed,Volunteer,Welcome Home Day,Group Volunteer,3/23/24,2024-03-23 12:00:00.0000000 -05:00,2024-03-23 14:00:00.0000000 -05:00,Sisu Youth Services
119186041,3/20/24,Completed,Attendee,Welcome Home Team Volunteer Meeting,Training,3/20/24,2024-03-20 18:00:00.0000000 -05:00,2024-03-20 19:00:00.0000000 -05:00,
119186058,5/8/23,Completed,Volunteer,May Shelter Shift,Shelter Shift,5/3/23,2023-05-03 19:00:00.0000000 -04:00,2023-05-03 22:00:00.0000000 -04:00,Sisu Youth Services
119186129,4/4/23,Completed,Attendee,February Volunteer Training,Training,2/26/23,2023-02-26 15:30:00.0000000 -05:00,2023-02-26 17:00:00.0000000 -05:00,
119186132,7/11/24,Sched-Web,Data Entry,July Volunteer Orientation (VIRTUAL),Vol Recruitment,7/27/24,2024-07-27 14:00:00.0000000 -05:00,2024-07-27 15:00:00.0000000 -05:00,
119186144,2/13/23,Completed,Volunteer,Shelter Shift,Shelter Shift,1/4/23,2023-01-04 16:00:00.0000000 -06:00,2023-01-04 19:00:00.0000000 -06:00,Sisu Youth Services
119186144,2/13/23,Completed,Volunteer,Shelter Shift,Shelter Shift,1/18/23,2023-01-18 16:00:00.0000000 -06:00,2023-01-18 19:00:00.0000000 -06:00,Sisu Youth Services
119186144,4/3/23,Completed,Volunteer,Shelter Shift ,Shelter Shift,3/22/23,2023-03-22 16:00:00.0000000 -04:00,2023-03-22 19:00:00.0000000 -04:00,Sisu Youth Services
119186144,4/3/23,Completed,Volunteer,Shelter Shift ,Shelter Shift,3/15/23,2023-03-15 16:00:00.0000000 -04:00,2023-03-15 19:00:00.0000000 -04:00,Sisu Youth Services
119186144,4/3/23,Completed,Volunteer,Shelter Shift ,Shelter Shift,3/1/23,2023-03-01 16:00:00.0000000 -05:00,2023-03-01 19:00:00.0000000 -05:00,Sisu Youth Services
119186144,2/17/23,Completed,Volunteer,Shelter Shift,Shelter Shift,2/22/23,2023-02-22 16:00:00.0000000 -05:00,2023-02-22 19:00:00.0000000 -05:00,Sisu Youth Services
119186144,2/17/23,Completed,Volunteer,Shelter Shift,Shelter Shift,2/15/23,2023-02-15 16:00:00.0000000 -05:00,2023-02-15 19:00:00.0000000 -05:00,Sisu Youth Services
119186144,2/17/23,Completed,Volunteer,Shelter Shift,Shelter Shift,2/1/23,2023-02-01 16:00:00.0000000 -05:00,2023-02-01 19:00:00.0000000 -05:00,Sisu Youth Services
119186144,2/13/23,Completed,Volunteer,Shelter Shift,Shelter Shift,1/25/23,2023-01-25 16:00:00.0000000 -06:00,2023-01-25 19:00:00.0000000 -06:00,Sisu Youth Services
119186144,4/4/23,Completed,Volunteer,Meal Train,Meal Train,3/15/23,2023-03-15 17:00:00.0000000 -04:00,2023-03-15 18:00:00.0000000 -04:00,Sisu Youth Services
119186144,5/3/23,Completed,Volunteer,April Shelter Shift,Shelter Shift,4/14/23,2023-04-14 19:00:00.0000000 -04:00,2023-04-14 22:00:00.0000000 -04:00,Sisu Youth Services
119186144,5/3/23,Completed,Volunteer,April Shelter Shift,Shelter Shift,4/28/23,2023-04-28 16:00:00.0000000 -04:00,2023-04-28 19:00:00.0000000 -04:00,Sisu Youth Services
119186144,5/3/23,Completed,Volunteer,April Shelter Shift,Shelter Shift,4/19/23,2023-04-19 16:00:00.0000000 -04:00,2023-04-19 19:00:00.0000000 -04:00,Sisu Youth Services
119186144,5/3/23,Completed,Volunteer,April Shelter Shift,Shelter Shift,4/5/23,2023-04-05 16:00:00.0000000 -04:00,2023-04-05 19:00:00.0000000 -04:00,Sisu Youth Services
119186155,7/17/23,Completed,Volunteer,Volunteer Paint Party at NEW Sisu HQ,Group Volunteer,7/15/23,2023-07-15 09:00:00.0000000 -05:00,2023-07-15 12:00:00.0000000 -05:00,Sisu Youth Services
119186172,3/10/23,Completed,Volunteer,Meal Train,Meal Train,2/15/23,2023-02-15 17:00:00.0000000 -05:00,2023-02-15 18:00:00.0000000 -05:00,Sisu Youth Services
119186172,3/10/23,Completed,Volunteer,Meal Train,Meal Train,2/16/23,2023-02-16 17:00:00.0000000 -05:00,2023-02-16 18:00:00.0000000 -05:00,Sisu Youth Services
119186179,3/10/23,Completed,Volunteer,Shelter Shift,Shelter Shift,2/23/23,2023-02-23 16:00:00.0000000 -05:00,2023-02-23 19:00:00.0000000 -05:00,Sisu Youth Services
119186179,3/10/23,Completed,Volunteer,Shelter Shift,Shelter Shift,2/2/23,2023-02-02 16:00:00.0000000 -05:00,2023-02-02 19:00:00.0000000 -05:00,Sisu Youth Services
119186179,5/12/23,Completed,Volunteer,May Shelter Shift ,Shelter Shift,5/5/23,2023-05-05 16:00:00.0000000 -04:00,2023-05-05 19:00:00.0000000 -04:00,Sisu Youth Services
119186179,5/8/23,Completed,Volunteer,May Shelter Shift,Shelter Shift,5/4/23,2023-05-04 19:00:00.0000000 -04:00,2023-05-04 22:00:00.0000000 -04:00,Sisu Youth Services
119186179,5/3/23,Completed,Volunteer,April Shelter Shift,Shelter Shift,4/6/23,2023-04-06 16:00:00.0000000 -04:00,2023-04-06 19:00:00.0000000 -04:00,Sisu Youth Services
119186179,5/3/23,Completed,Volunteer,April Shelter Shift,Shelter Shift,4/6/23,2023-04-06 19:00:00.0000000 -04:00,2023-04-06 22:00:00.0000000 -04:00,Sisu Youth Services
119186179,5/3/23,Completed,Volunteer,April Shelter Shift,Shelter Shift,4/13/23,2023-04-13 19:00:00.0000000 -04:00,2023-04-13 22:00:00.0000000 -04:00,Sisu Youth Services
119186179,5/3/23,Completed,Volunteer,April Shelter Shift,Shelter Shift,4/20/23,2023-04-20 19:00:00.0000000 -04:00,2023-04-20 22:00:00.0000000 -04:00,Sisu Youth Services
119186179,4/4/23,Completed,Volunteer,Shelter Shift,Shelter Shift,3/30/23,2023-03-30 19:00:00.0000000 -04:00,2023-03-30 22:00:00.0000000 -04:00,Sisu Youth Services
119186179,4/4/23,Completed,Volunteer,Shelter Shift,Shelter Shift,3/23/23,2023-03-23 19:00:00.0000000 -04:00,2023-03-23 22:00:00.0000000 -04:00,Sisu Youth Services
119186179,9/26/24,Sched-Web,Volunteer,Fence Building Day ,Group Volunteer,10/6/24,2024-10-06 11:00:00.0000000 -05:00,2024-10-06 15:00:00.0000000 -05:00,Sisu Youth Services
119186207,3/20/24,Completed,Attendee,Welcome Home Team Volunteer Meeting,Training,3/20/24,2024-03-20 18:00:00.0000000 -05:00,2024-03-20 19:00:00.0000000 -05:00,
119186241,3/7/24,Completed,Attendee,Welcome Home Team Volunteer Meeting,Training,3/20/24,2024-03-20 18:00:00.0000000 -05:00,2024-03-20 19:00:00.0000000 -05:00,
119186249,7/20/23,Sched-Web,Volunteer,Volunteer Paint Party at NEW Sisu HQ,Group Volunteer,7/29/23,2023-07-29 09:00:00.0000000 -05:00,2023-07-29 12:00:00.0000000 -05:00,Sisu Youth Services
119186305,4/5/23,Completed,Attendee,March Volunteer Training ,Training,3/19/23,2023-03-19 15:30:00.0000000 -04:00,2023-03-19 17:00:00.0000000 -04:00,
119186305,12/19/24,Completed,Volunteer,Sisu Santa Squad,Group Volunteer,12/17/24,2024-12-17 17:00:00.0000000 -05:00,2024-12-17 19:00:00.0000000 -05:00,
119186305,4/4/23,Completed,Volunteer,Shelter Shift ,Shelter Shift,3/16/23,2023-03-16 16:00:00.0000000 -04:00,2023-03-16 19:00:00.0000000 -04:00,Sisu Youth Services
119186331,3/10/23,Completed,Volunteer,Meal Train,Meal Train,2/18/23,2023-02-18 17:00:00.0000000 -05:00,2023-02-18 18:00:00.0000000 -05:00,Sisu Youth Services
119186331,3/10/23,Completed,Volunteer,Meal Train,Meal Train,2/19/23,2023-02-19 17:00:00.0000000 -05:00,2023-02-19 18:00:00.0000000 -05:00,Sisu Youth Services
119186331,3/7/24,Completed,Attendee,Welcome Home Team Volunteer Meeting,Training,3/20/24,2024-03-20 18:00:00.0000000 -05:00,2024-03-20 19:00:00.0000000 -05:00,
119186331,11/28/23,Completed,Volunteer,November Meal Train ,Meal Train,11/25/23,2023-11-25 16:00:00.0000000 -06:00,2023-11-25 18:00:00.0000000 -06:00,Sisu Youth Services
119186331,11/1/25,Completed,Volunteer,Shadow Shift ,Shelter Shift,8/18/25,2025-08-18 19:00:00.0000000 -05:00,2025-08-18 22:00:00.0000000 -05:00,Sisu Youth Services
119186442,7/28/23,Sched-Web,Volunteer,Volunteer Paint Party at NEW Sisu HQ,Group Volunteer,7/29/23,2023-07-29 12:00:00.0000000 -05:00,2023-07-29 15:00:00.0000000 -05:00,Sisu Youth Services
119186443,2/15/23,Completed,Volunteer,Meal Train,Meal Train,1/22/23,2023-01-22 17:00:00.0000000 -05:00,2023-01-22 18:00:00.0000000 -05:00,Sisu Youth Services
119186447,3/10/23,Completed,Volunteer,Meal Train,Meal Train,1/8/23,2023-01-08 17:00:00.0000000 -05:00,2023-01-08 18:00:00.0000000 -05:00,Sisu Youth Services
119186447,2/17/23,Completed,Volunteer,Shelter Shift,Shelter Shift,2/1/23,2023-02-01 16:00:00.0000000 -05:00,2023-02-01 19:00:00.0000000 -05:00,Sisu Youth Services
119186447,2/17/23,Completed,Volunteer,Meal Train,Meal Train,2/8/23,2023-02-08 17:00:00.0000000 -05:00,2023-02-08 18:00:00.0000000 -05:00,Sisu Youth Services
119186447,2/13/23,Completed,Volunteer,Shelter Shift,Shelter Shift,1/18/23,2023-01-18 16:00:00.0000000 -06:00,2023-01-18 19:00:00.0000000 -06:00,Sisu Youth Services
119186703,3/10/25,Completed,Volunteer,Meal Train,Meal Train,3/2/25,2025-03-02 16:00:00.0000000 -06:00,2025-03-02 19:00:00.0000000 -06:00,Sisu Youth Services
119186770,1/20/25,Completed,Volunteer,Shelter Shift ,Shelter Shift,1/14/25,2025-01-14 17:30:00.0000000 -06:00,2025-01-14 19:30:00.0000000 -06:00,Sisu Youth Services
119186770,8/19/24,Completed,Volunteer,Shelter Shifts,Shelter Shift,8/1/24,2024-08-01 17:30:00.0000000 -04:00,2024-08-01 19:30:00.0000000 -04:00,Sisu Youth Services
119186770,4/16/24,Completed,Volunteer,April Shelter Shift,Shelter Shift,4/24/24,2024-04-24 17:30:00.0000000 -05:00,2024-04-24 19:30:00.0000000 -05:00,Sisu Youth Services
119186822,6/7/24,Completed,Volunteer,June Meal Train,Meal Train,6/28/24,2024-06-28 17:00:00.0000000 -05:00,2024-06-28 19:30:00.0000000 -05:00,Sisu Youth Services
119186822,5/16/24,Completed,Volunteer,May Meal Train,Meal Train,5/30/24,2024-05-30 16:00:00.0000000 -05:00,2024-05-30 19:00:00.0000000 -05:00,Sisu Youth Services
119186822,1/7/25,Completed,Volunteer,Meal Train,Meal Train,7/25/24,2024-07-25 16:30:00.0000000 -05:00,2024-07-25 19:30:00.0000000 -05:00,Sisu Youth Services
119186822,12/14/23,Completed,Volunteer,Dec Meal Train,Meal Train,12/18/23,2023-12-18 16:00:00.0000000 -06:00,2023-12-18 17:30:00.0000000 -06:00,Sisu Youth Services
119186822,2/15/24,Completed,Volunteer,February Meal Train,Meal Train,2/26/24,2024-02-26 16:00:00.0000000 -06:00,2024-02-26 17:30:00.0000000 -06:00,Sisu Youth Services
119186822,3/10/23,Completed,Volunteer,Meal Train,Meal Train,2/27/23,2023-02-27 17:00:00.0000000 -05:00,2023-02-27 18:00:00.0000000 -05:00,Sisu Youth Services
119186822,2/15/23,Completed,Volunteer,Meal Train,Meal Train,1/30/23,2023-01-30 17:00:00.0000000 -05:00,2023-01-30 18:00:00.0000000 -05:00,Sisu Youth Services
119186822,8/9/23,Sched-Web,Volunteer,August Meal Train ,Meal Train,8/13/23,2023-08-13 16:30:00.0000000 -04:00,2023-08-13 18:00:00.0000000 -04:00,Sisu Youth Services
119186822,4/4/23,Completed,Volunteer,Meal Train,Meal Train,3/27/23,2023-03-27 17:00:00.0000000 -04:00,2023-03-27 18:00:00.0000000 -04:00,Sisu Youth Services
119186822,5/12/23,Completed,Volunteer,May Meal Train,Meal Train,5/13/23,2023-05-13 17:00:00.0000000 -04:00,2023-05-13 18:00:00.0000000 -04:00,Sisu Youth Services
119186822,5/3/23,Completed,Volunteer,April Meal Train ,Meal Train,4/24/23,2023-04-24 17:00:00.0000000 -04:00,2023-04-24 18:00:00.0000000 -04:00,Sisu Youth Services
119186839,8/7/25,Completed,Attendee,Volunteer Orientation,Vol Orientatio,8/16/25,2025-08-16 11:00:00.0000000 -05:00,2025-08-16 12:30:00.0000000 -05:00,Sisu Youth Services
119299264,5/12/23,Completed,Volunteer,May Shelter Shift,Shelter Shift,5/8/23,2023-05-08 19:00:00.0000000 -04:00,2023-05-08 22:00:00.0000000 -04:00,Sisu Youth Services
119299264,5/3/23,Completed,Volunteer,April Shelter Shift,Shelter Shift,4/5/23,2023-04-05 16:00:00.0000000 -04:00,2023-04-05 19:00:00.0000000 -04:00,Sisu Youth Services
119299264,7/14/23,Sched-Web,Volunteer,Volunteer Paint Party at NEW Sisu HQ,Group Volunteer,7/29/23,2023-07-29 12:00:00.0000000 -05:00,2023-07-29 15:00:00.0000000 -05:00,Sisu Youth Services
119299264,4/3/23,Completed,Volunteer,Shelter Shift ,Shelter Shift,3/6/23,2023-03-06 16:00:00.0000000 -05:00,2023-03-06 19:00:00.0000000 -05:00,Sisu Youth Services
119299264,4/3/23,Completed,Volunteer,Shelter Shift ,Shelter Shift,3/20/23,2023-03-20 16:00:00.0000000 -04:00,2023-03-20 19:00:00.0000000 -04:00,Sisu Youth Services
119405074,8/14/25,Completed,Attendee,Volunteer Orientation,Vol Orientatio,8/16/25,2025-08-16 11:00:00.0000000 -05:00,2025-08-16 12:30:00.0000000 -05:00,Sisu Youth Services
119472961,8/18/25,Scheduled,Host,Volunteer Orientation,Vol Orientatio,8/16/25,2025-08-16 11:00:00.0000000 -05:00,2025-08-16 12:30:00.0000000 -05:00,Sisu Youth Services
119472961,1/27/26,Completed,Volunteer,Shelter Shift ,Shelter Shift,1/23/26,2026-01-23 17:30:00.0000000 -06:00,2026-01-23 20:00:00.0000000 -06:00,Sisu Youth Services
119472961,1/27/26,Completed,Volunteer,Shelter Shift ,Shelter Shift,1/24/26,2026-01-24 17:30:00.0000000 -06:00,2026-01-24 20:00:00.0000000 -06:00,Sisu Youth Services
119472961,1/5/26,Completed,Volunteer,Shelter Shift ,Shelter Shift,12/20/25,2025-12-20 17:30:00.0000000 -06:00,2025-12-20 19:30:00.0000000 -06:00,Sisu Youth Services
119472961,1/5/26,Completed,Volunteer,Shelter Shift ,Shelter Shift,12/22/25,2025-12-22 17:30:00.0000000 -06:00,2025-12-22 19:30:00.0000000 -06:00,Sisu Youth Services
119472961,1/5/26,Completed,Volunteer,Shelter Shift ,Shelter Shift,12/26/25,2025-12-26 17:30:00.0000000 -06:00,2025-12-26 19:30:00.0000000 -06:00,Sisu Youth Services
119472961,1/5/26,Completed,Volunteer,Shelter Shift ,Shelter Shift,11/30/25,2025-11-30 17:30:00.0000000 -06:00,2025-11-30 19:30:00.0000000 -06:00,Sisu Youth Services
119472961,1/5/26,Completed,Volunteer,Shelter Shift ,Shelter Shift,12/15/25,2025-12-15 17:30:00.0000000 -06:00,2025-12-15 19:30:00.0000000 -06:00,Sisu Youth Services
119472961,6/26/25,Completed,Volunteer,Shelter Shift ,Shelter Shift,6/20/25,2025-06-20 17:30:00.0000000 -05:00,2025-06-20 19:30:00.0000000 -05:00,Sisu Youth Services
119472961,6/26/25,Completed,Volunteer,Shelter Shift ,Shelter Shift,6/27/25,2025-06-27 17:30:00.0000000 -05:00,2025-06-27 19:30:00.0000000 -05:00,Sisu Youth Services
119472961,11/25/25,Completed,Volunteer,Shelter Shift ,Shelter Shift,11/15/25,2025-11-15 17:30:00.0000000 -06:00,2025-11-15 19:30:00.0000000 -06:00,Sisu Youth Services
119472961,11/25/25,Completed,Volunteer,Shelter Shift ,Shelter Shift,11/23/25,2025-11-23 17:30:00.0000000 -06:00,2025-11-23 19:30:00.0000000 -06:00,Sisu Youth Services
119472961,11/25/25,Completed,Volunteer,Shelter Shift ,Shelter Shift,10/17/25,2025-10-17 17:30:00.0000000 -05:00,2025-10-17 19:30:00.0000000 -05:00,Sisu Youth Services
119472961,11/25/25,Completed,Volunteer,Shelter Shift ,Shelter Shift,9/26/25,2025-09-26 17:30:00.0000000 -05:00,2025-09-26 19:30:00.0000000 -05:00,Sisu Youth Services
119472961,11/25/25,Completed,Volunteer,Shelter Shift ,Shelter Shift,11/1/25,2025-11-01 17:30:00.0000000 -05:00,2025-11-01 19:30:00.0000000 -05:00,Sisu Youth Services
119472961,9/8/25,Completed,Volunteer,Shelter Shift ,Shelter Shift,8/29/25,2025-08-29 17:30:00.0000000 -05:00,2025-08-29 19:30:00.0000000 -05:00,Sisu Youth Services
119472961,11/25/25,Completed,Volunteer,Shelter Shift ,Shelter Shift,9/5/25,2025-09-05 17:30:00.0000000 -05:00,2025-09-05 19:30:00.0000000 -05:00,Sisu Youth Services
119472961,11/25/25,Completed,Volunteer,Shelter Shift ,Shelter Shift,9/12/25,2025-09-12 17:30:00.0000000 -05:00,2025-09-12 19:30:00.0000000 -05:00,Sisu Youth Services
119472961,9/8/25,Completed,Volunteer,Shelter Shift ,Shelter Shift,8/22/25,2025-08-22 17:30:00.0000000 -05:00,2025-08-22 19:30:00.0000000 -05:00,Sisu Youth Services
119472961,9/8/25,Completed,Volunteer,Shelter Shift ,Shelter Shift,8/1/25,2025-08-01 17:30:00.0000000 -05:00,2025-08-01 19:30:00.0000000 -05:00,Sisu Youth Services
119472961,9/8/25,Completed,Volunteer,Shelter Shift ,Shelter Shift,8/8/25,2025-08-08 17:30:00.0000000 -05:00,2025-08-08 19:30:00.0000000 -05:00,Sisu Youth Services
119472961,9/8/25,Completed,Volunteer,Shelter Shift ,Shelter Shift,8/15/25,2025-08-15 17:30:00.0000000 -05:00,2025-08-15 19:30:00.0000000 -05:00,Sisu Youth Services
119472961,1/9/25,Completed,Volunteer,Meal Train,Meal Train,1/8/25,2025-01-08 16:00:00.0000000 -06:00,2025-01-08 19:00:00.0000000 -06:00,Sisu Youth Services
119472961,11/25/25,Confirmed,Volunteer,Meal Train,Meal Train,11/23/25,2025-11-23 16:00:00.0000000 -06:00,2025-11-23 19:00:00.0000000 -06:00,Sisu Youth Services
119472961,1/20/25,Completed,Volunteer,Meal Train,Meal Train,1/24/25,2025-01-24 16:00:00.0000000 -06:00,2025-01-24 19:00:00.0000000 -06:00,Sisu Youth Services
119472961,1/9/25,Completed,Volunteer,Meal Train,Meal Train,1/6/25,2025-01-06 16:00:00.0000000 -06:00,2025-01-06 19:00:00.0000000 -06:00,Sisu Youth Services
119472961,2/28/25,Completed,Volunteer,Meal Train,Meal Train,2/22/25,2025-02-22 16:00:00.0000000 -06:00,2025-02-22 19:00:00.0000000 -06:00,Sisu Youth Services
119472961,3/10/23,Completed,Volunteer,Shelter Shift,Shelter Shift,2/25/23,2023-02-25 19:00:00.0000000 -05:00,2023-02-25 22:00:00.0000000 -05:00,Sisu Youth Services
119472961,3/10/23,Completed,Volunteer,Shelter Shift,Shelter Shift,2/18/23,2023-02-18 19:00:00.0000000 -05:00,2023-02-18 22:00:00.0000000 -05:00,Sisu Youth Services
119472961,3/10/23,Completed,Volunteer,Shelter Shift,Shelter Shift,2/11/23,2023-02-11 19:00:00.0000000 -05:00,2023-02-11 22:00:00.0000000 -05:00,Sisu Youth Services
119472961,3/10/23,Completed,Volunteer,Shelter Shift,Shelter Shift,2/4/23,2023-02-04 19:00:00.0000000 -05:00,2023-02-04 22:00:00.0000000 -05:00,Sisu Youth Services
119472961,2/13/23,Completed,Volunteer,Shelter Shift,Shelter Shift,1/21/23,2023-01-21 19:00:00.0000000 -06:00,2023-01-21 22:00:00.0000000 -06:00,Sisu Youth Services
119472961,2/13/23,Completed,Volunteer,Shelter Shift,Shelter Shift,1/28/23,2023-01-28 19:00:00.0000000 -06:00,2023-01-28 22:00:00.0000000 -06:00,Sisu Youth Services
119472961,2/13/23,Completed,Volunteer,Shelter Shift,Shelter Shift,1/14/23,2023-01-14 19:00:00.0000000 -06:00,2023-01-14 22:00:00.0000000 -06:00,Sisu Youth Services
119472961,2/13/23,Completed,Volunteer,Shelter Shift,Shelter Shift,1/7/23,2023-01-07 19:00:00.0000000 -06:00,2023-01-07 22:00:00.0000000 -06:00,Sisu Youth Services
119472961,7/13/23,Sched-Web,Volunteer,Volunteer Paint Party at NEW Sisu HQ,Group Volunteer,7/29/23,2023-07-29 09:00:00.0000000 -05:00,2023-07-29 15:00:00.0000000 -05:00,Sisu Youth Services
119472961,1/1/25,Completed,Volunteer,Meal Train,Meal Train,10/30/24,2024-10-30 16:30:00.0000000 -05:00,2024-10-30 19:30:00.0000000 -05:00,Sisu Youth Services
119695351,2/13/23,Completed,Volunteer,Shelter Shift,Shelter Shift,1/10/23,2023-01-10 16:00:00.0000000 -06:00,2023-01-10 19:00:00.0000000 -06:00,Sisu Youth Services
119695351,2/13/23,Completed,Volunteer,Shelter Shift,Shelter Shift,1/4/23,2023-01-04 16:00:00.0000000 -06:00,2023-01-04 19:00:00.0000000 -06:00,Sisu Youth Services
119695351,2/13/23,Completed,Volunteer,Shelter Shift,Shelter Shift,1/17/23,2023-01-17 16:00:00.0000000 -06:00,2023-01-17 19:00:00.0000000 -06:00,Sisu Youth Services
119695351,2/13/23,Completed,Volunteer,Shelter Shift,Shelter Shift,1/24/23,2023-01-24 16:00:00.0000000 -06:00,2023-01-24 19:00:00.0000000 -06:00,Sisu Youth Services
119695351,2/13/23,Completed,Volunteer,Shelter Shift,Shelter Shift,1/31/23,2023-01-31 16:00:00.0000000 -06:00,2023-01-31 19:00:00.0000000 -06:00,Sisu Youth Services
119695351,3/10/23,Completed,Volunteer,Shelter Shift,Shelter Shift,2/7/23,2023-02-07 16:00:00.0000000 -05:00,2023-02-07 19:00:00.0000000 -05:00,Sisu Youth Services
119695351,3/10/23,Completed,Volunteer,Shelter Shift,Shelter Shift,2/14/23,2023-02-14 16:00:00.0000000 -05:00,2023-02-14 19:00:00.0000000 -05:00,Sisu Youth Services
119695351,3/10/23,Completed,Volunteer,Shelter Shift,Shelter Shift,2/21/23,2023-02-21 16:00:00.0000000 -05:00,2023-02-21 19:00:00.0000000 -05:00,Sisu Youth Services
119695351,3/10/23,Completed,Volunteer,Shelter Shift,Shelter Shift,2/28/23,2023-02-28 16:00:00.0000000 -05:00,2023-02-28 19:00:00.0000000 -05:00,Sisu Youth Services
119695351,4/3/23,Completed,Volunteer,Shelter Shift ,Shelter Shift,3/21/23,2023-03-21 16:00:00.0000000 -04:00,2023-03-21 19:00:00.0000000 -04:00,Sisu Youth Services
119695351,4/3/23,Completed,Volunteer,Shelter Shift ,Shelter Shift,3/14/23,2023-03-14 16:00:00.0000000 -04:00,2023-03-14 19:00:00.0000000 -04:00,Sisu Youth Services
119695351,4/3/23,Completed,Volunteer,Shelter Shift ,Shelter Shift,3/7/23,2023-03-07 16:00:00.0000000 -05:00,2023-03-07 19:00:00.0000000 -05:00,Sisu Youth Services
119696014,4/3/23,Completed,Volunteer,Shelter Shift ,Shelter Shift,3/21/23,2023-03-21 16:00:00.0000000 -04:00,2023-03-21 19:00:00.0000000 -04:00,Sisu Youth Services
119696014,3/10/23,Completed,Volunteer,Shelter Shift,Shelter Shift,2/21/23,2023-02-21 19:00:00.0000000 -05:00,2023-02-21 22:00:00.0000000 -05:00,Sisu Youth Services
119696014,3/10/23,Completed,Volunteer,Shelter Shift,Shelter Shift,2/14/23,2023-02-14 19:00:00.0000000 -05:00,2023-02-14 22:00:00.0000000 -05:00,Sisu Youth Services
119696014,3/10/23,Completed,Volunteer,Shelter Shift,Shelter Shift,2/7/23,2023-02-07 19:00:00.0000000 -05:00,2023-02-07 22:00:00.0000000 -05:00,Sisu Youth Services
119696014,2/13/23,Completed,Volunteer,Shelter Shift,Shelter Shift,1/31/23,2023-01-31 19:00:00.0000000 -06:00,2023-01-31 22:00:00.0000000 -06:00,Sisu Youth Services
119696014,2/13/23,Completed,Volunteer,Shelter Shift,Shelter Shift,1/24/23,2023-01-24 19:00:00.0000000 -06:00,2023-01-24 22:00:00.0000000 -06:00,Sisu Youth Services
119696014,2/13/23,Completed,Volunteer,Shelter Shift,Shelter Shift,1/17/23,2023-01-17 16:00:00.0000000 -06:00,2023-01-17 19:00:00.0000000 -06:00,Sisu Youth Services
119696014,8/29/23,Scheduled,Volunteer,August Shelter ,Shelter Shift,8/29/23,2023-08-29 19:00:00.0000000 -05:00,2023-08-29 22:00:00.0000000 -05:00,Sisu Youth Services
119696014,5/3/23,Completed,Volunteer,April Shelter Shift,Shelter Shift,4/25/23,2023-04-25 19:00:00.0000000 -04:00,2023-04-25 22:00:00.0000000 -04:00,Sisu Youth Services
119696014,5/3/23,Completed,Volunteer,April Shelter Shift,Shelter Shift,4/18/23,2023-04-18 19:00:00.0000000 -04:00,2023-04-18 22:00:00.0000000 -04:00,Sisu Youth Services
119696014,4/3/23,Completed,Volunteer,Shelter Shift,Shelter Shift,3/28/23,2023-03-28 19:00:00.0000000 -04:00,2023-03-28 22:00:00.0000000 -04:00,Sisu Youth Services
119696014,4/3/23,Completed,Volunteer,Shelter Shift,Shelter Shift,3/7/23,2023-03-07 19:00:00.0000000 -05:00,2023-03-07 22:00:00.0000000 -05:00,Sisu Youth Services
119696014,4/3/23,Completed,Volunteer,Shelter Shift,Shelter Shift,3/21/23,2023-03-21 19:00:00.0000000 -04:00,2023-03-21 22:00:00.0000000 -04:00,Sisu Youth Services
119696014,4/3/23,Completed,Volunteer,Shelter Shift,Shelter Shift,3/14/23,2023-03-14 19:00:00.0000000 -04:00,2023-03-14 22:00:00.0000000 -04:00,Sisu Youth Services
119696014,5/12/23,Completed,Volunteer,May Shelter Shift,Shelter Shift,5/2/23,2023-05-02 19:00:00.0000000 -04:00,2023-05-02 22:00:00.0000000 -04:00,Sisu Youth Services
119696014,1/1/24,Completed,Attendee,Volunteer Refresher ,Training,1/6/24,2024-01-06 14:00:00.0000000 -06:00,2024-01-06 16:00:00.0000000 -06:00,Sisu Youth Services
119696014,11/29/23,No Show,Attendee,Volunteer Refresher,Training,12/2/23,2023-12-02 14:00:00.0000000 -06:00,2023-12-02 16:00:00.0000000 -06:00,Sisu Youth Services
119698231,4/4/23,Completed,Volunteer,Shelter Shift,Shelter Shift,3/15/23,2023-03-15 19:00:00.0000000 -04:00,2023-03-15 22:00:00.0000000 -04:00,Sisu Youth Services
119698231,4/4/23,Completed,Volunteer,Shelter Shift,Shelter Shift,3/16/23,2023-03-16 19:00:00.0000000 -04:00,2023-03-16 22:00:00.0000000 -04:00,Sisu Youth Services
119698231,2/13/23,Completed,Volunteer,Shelter Shift,Shelter Shift,1/20/23,2023-01-20 16:00:00.0000000 -06:00,2023-01-20 19:00:00.0000000 -06:00,Sisu Youth Services
119698231,2/13/23,Completed,Volunteer,Shelter Shift,Shelter Shift,1/6/23,2023-01-06 16:00:00.0000000 -06:00,2023-01-06 19:00:00.0000000 -06:00,Sisu Youth Services
119698231,2/13/23,Completed,Volunteer,Shelter Shift,Shelter Shift,1/4/23,2023-01-04 16:00:00.0000000 -06:00,2023-01-04 19:00:00.0000000 -06:00,Sisu Youth Services
119755652,2/15/23,Confirmed,Volunteer,Shelter Shift,Shelter Shift,1/27/23,2023-01-27 16:00:00.0000000 -06:00,2023-01-27 19:00:00.0000000 -06:00,Sisu Youth Services
120699901,2/15/23,Completed,Volunteer,Meal Train,Meal Train,1/5/23,2023-01-05 17:00:00.0000000 -05:00,2023-01-05 18:00:00.0000000 -05:00,Sisu Youth Services
120826851,4/4/23,Completed,Attendee,February Volunteer Training,Training,2/26/23,2023-02-26 15:30:00.0000000 -05:00,2023-02-26 17:00:00.0000000 -05:00,
120871947,4/4/23,Completed,Attendee,February Volunteer Training,Training,2/26/23,2023-02-26 15:30:00.0000000 -05:00,2023-02-26 17:00:00.0000000 -05:00,
120871947,4/2/24,Completed,Volunteer,Birthday Party,PYD,3/29/24,2024-03-29 16:00:00.0000000 -05:00,2024-03-29 18:00:00.0000000 -05:00,Sisu Youth Services
121325048,3/10/23,Completed,Volunteer,Shelter Shift,Shelter Shift,2/11/23,2023-02-11 16:00:00.0000000 -05:00,2023-02-11 19:00:00.0000000 -05:00,Sisu Youth Services
121325048,3/10/23,Completed,Volunteer,Shelter Shift,Shelter Shift,2/4/23,2023-02-04 16:00:00.0000000 -05:00,2023-02-04 19:00:00.0000000 -05:00,Sisu Youth Services
121325048,3/10/23,Completed,Volunteer,Shelter Shift,Shelter Shift,2/18/23,2023-02-18 16:00:00.0000000 -05:00,2023-02-18 19:00:00.0000000 -05:00,Sisu Youth Services
121325048,3/10/23,Completed,Volunteer,Shelter Shift,Shelter Shift,2/25/23,2023-02-25 16:00:00.0000000 -05:00,2023-02-25 19:00:00.0000000 -05:00,Sisu Youth Services
121325048,5/3/23,Completed,Volunteer,April Shelter Shift,Shelter Shift,4/8/23,2023-04-08 16:00:00.0000000 -04:00,2023-04-08 19:00:00.0000000 -04:00,Sisu Youth Services
121325048,5/3/23,Completed,Volunteer,April Shelter Shift,Shelter Shift,4/15/23,2023-04-15 16:00:00.0000000 -04:00,2023-04-15 19:00:00.0000000 -04:00,Sisu Youth Services
121325048,5/8/23,Confirmed,Volunteer,May Shelter Shift Mornings ,Shelter Shift,5/6/23,2023-05-06 10:00:00.0000000 -04:00,2023-05-06 13:00:00.0000000 -04:00,Sisu Youth Services
121325048,5/8/23,Confirmed,Volunteer,May Meal Train,Meal Train,5/4/23,2023-05-04 17:00:00.0000000 -04:00,2023-05-04 18:00:00.0000000 -04:00,Sisu Youth Services
121374991,7/14/23,Completed,Volunteer,Volunteer Paint Party at NEW Sisu HQ,Group Volunteer,7/15/23,2023-07-15 12:00:00.0000000 -05:00,2023-07-15 15:00:00.0000000 -05:00,Sisu Youth Services
121374991,4/3/23,Completed,Volunteer,Shelter Shift ,Shelter Shift,3/10/23,2023-03-10 16:00:00.0000000 -05:00,2023-03-10 19:00:00.0000000 -05:00,Sisu Youth Services
121509144,2/13/23,Completed,Volunteer,Shelter Shift,Shelter Shift,1/4/23,2023-01-04 16:00:00.0000000 -06:00,2023-01-04 19:00:00.0000000 -06:00,Sisu Youth Services
121509144,2/13/23,Completed,Volunteer,Shelter Shift,Shelter Shift,1/9/23,2023-01-09 16:00:00.0000000 -06:00,2023-01-09 19:00:00.0000000 -06:00,Sisu Youth Services
121509144,5/12/23,Completed,Volunteer,May Shelter Shift ,Shelter Shift,5/3/23,2023-05-03 16:00:00.0000000 -04:00,2023-05-03 19:00:00.0000000 -04:00,Sisu Youth Services
121616871,6/7/24,Completed,Volunteer,Pride Outreach Team,Shelter Shift,6/14/24,2024-06-14 17:30:00.0000000 -05:00,2024-06-14 19:30:00.0000000 -05:00,Sisu Youth Services
121649267,1/2/24,Completed,Volunteer,January Meal Train,Meal Train,1/1/24,2024-01-01 16:30:00.0000000 -06:00,2024-01-01 18:00:00.0000000 -06:00,Sisu Youth Services
121649267,5/8/23,Confirmed,Volunteer,May Meal Train,Meal Train,5/1/23,2023-05-01 17:00:00.0000000 -04:00,2023-05-01 18:00:00.0000000 -04:00,Sisu Youth Services
121649267,3/10/23,Completed,Volunteer,Meal Train,Meal Train,2/18/23,2023-02-18 17:00:00.0000000 -05:00,2023-02-18 18:00:00.0000000 -05:00,Sisu Youth Services
121649267,2/15/23,Completed,Volunteer,Meal Train,Meal Train,1/25/23,2023-01-25 17:00:00.0000000 -05:00,2023-01-25 18:00:00.0000000 -05:00,Sisu Youth Services
121649267,2/15/23,Completed,Volunteer,Meal Train,Meal Train,1/1/23,2023-01-01 17:00:00.0000000 -05:00,2023-01-01 18:00:00.0000000 -05:00,Sisu Youth Services
121649431,2/15/23,Completed,Volunteer,Meal Train,Meal Train,1/4/23,2023-01-04 17:00:00.0000000 -05:00,2023-01-04 18:00:00.0000000 -05:00,Sisu Youth Services
121649431,5/9/24,Completed,Volunteer,Birthday Party,PYD,5/31/24,2024-05-31 16:00:00.0000000 -05:00,2024-05-31 18:00:00.0000000 -05:00,Sisu Youth Services
121649456,4/2/24,Completed,Volunteer,April Meal Train,Meal Train,4/13/24,2024-04-13 16:00:00.0000000 -05:00,2024-04-13 18:30:00.0000000 -05:00,Sisu Youth Services
121649456,2/15/23,Completed,Volunteer,Meal Train,Meal Train,1/7/23,2023-01-07 17:00:00.0000000 -05:00,2023-01-07 18:00:00.0000000 -05:00,Sisu Youth Services
121649507,2/15/23,Completed,Volunteer,Meal Train,Meal Train,1/13/23,2023-01-13 17:00:00.0000000 -05:00,2023-01-13 18:00:00.0000000 -05:00,Sisu Youth Services
121649507,3/10/23,Completed,Volunteer,Meal Train,Meal Train,2/24/23,2023-02-24 17:00:00.0000000 -05:00,2023-02-24 18:00:00.0000000 -05:00,Sisu Youth Services
121649507,3/10/23,Completed,Volunteer,Meal Train,Meal Train,2/25/23,2023-02-25 17:00:00.0000000 -05:00,2023-02-25 18:00:00.0000000 -05:00,Sisu Youth Services
121649507,5/3/23,Completed,Volunteer,April Meal Train ,Meal Train,4/19/23,2023-04-19 17:00:00.0000000 -04:00,2023-04-19 18:00:00.0000000 -04:00,Sisu Youth Services
121649507,1/5/24,No Show,Attendee,Volunteer Refresher ,Training,1/6/24,2024-01-06 14:00:00.0000000 -06:00,2024-01-06 16:00:00.0000000 -06:00,Sisu Youth Services
121649507,11/8/23,Sched-Web,Volunteer,November Meal Train ,Meal Train,11/22/23,2023-11-22 16:00:00.0000000 -06:00,2023-11-22 18:00:00.0000000 -06:00,Sisu Youth Services
121649507,10/6/23,Sched-Web,Volunteer,Oct Meal Train ,Meal Train,10/18/23,2023-10-18 16:30:00.0000000 -05:00,2023-10-18 18:00:00.0000000 -05:00,Sisu Youth Services
121649507,1/20/25,Completed,Volunteer,Meal Train,Meal Train,1/29/25,2025-01-29 16:00:00.0000000 -06:00,2025-01-29 19:00:00.0000000 -06:00,Sisu Youth Services
121649523,2/15/23,Completed,Volunteer,Meal Train,Meal Train,1/15/23,2023-01-15 17:00:00.0000000 -05:00,2023-01-15 18:00:00.0000000 -05:00,Sisu Youth Services
121649528,2/15/23,Completed,Volunteer,Meal Train,Meal Train,1/16/23,2023-01-16 17:00:00.0000000 -05:00,2023-01-16 18:00:00.0000000 -05:00,Sisu Youth Services
121649528,3/10/23,Completed,Volunteer,Meal Train,Meal Train,2/20/23,2023-02-20 17:00:00.0000000 -05:00,2023-02-20 18:00:00.0000000 -05:00,Sisu Youth Services
121677250,4/4/23,Completed,Volunteer,Meal Train,Meal Train,3/25/23,2023-03-25 17:00:00.0000000 -04:00,2023-03-25 18:00:00.0000000 -04:00,Sisu Youth Services
121677250,4/4/23,Completed,Volunteer,Meal Train,Meal Train,3/19/23,2023-03-19 17:00:00.0000000 -04:00,2023-03-19 18:00:00.0000000 -04:00,Sisu Youth Services
121677250,9/6/23,Sched-Web,Volunteer,Sept Meal Train ,Meal Train,9/17/23,2023-09-17 16:30:00.0000000 -05:00,2023-09-17 18:30:00.0000000 -05:00,Sisu Youth Services
121677250,12/14/23,Completed,Volunteer,Dec Meal Train,Meal Train,12/16/23,2023-12-16 16:00:00.0000000 -06:00,2023-12-16 17:30:00.0000000 -06:00,Sisu Youth Services
121677250,12/20/23,Completed,Volunteer,Dec Meal Train,Meal Train,12/28/23,2023-12-28 16:00:00.0000000 -06:00,2023-12-28 17:30:00.0000000 -06:00,Sisu Youth Services
121677250,3/14/24,Completed,Volunteer,March Meal Train,Meal Train,3/29/24,2024-03-29 16:30:00.0000000 -06:00,2024-03-29 18:00:00.0000000 -06:00,Sisu Youth Services
121904370,4/4/23,Completed,Attendee,February Volunteer Training,Training,2/26/23,2023-02-26 15:30:00.0000000 -05:00,2023-02-26 17:00:00.0000000 -05:00,
121904431,4/5/23,Completed,Attendee,March Volunteer Training ,Training,3/19/23,2023-03-19 15:30:00.0000000 -04:00,2023-03-19 17:00:00.0000000 -04:00,
121904431,4/4/23,Completed,Volunteer,Shelter Shift ,Shelter Shift,3/14/23,2023-03-14 16:00:00.0000000 -04:00,2023-03-14 19:00:00.0000000 -04:00,Sisu Youth Services
121904431,7/14/23,Sched-Web,Volunteer,Volunteer Paint Party at NEW Sisu HQ,Group Volunteer,7/23/23,2023-07-23 09:00:00.0000000 -05:00,2023-07-23 12:00:00.0000000 -05:00,Sisu Youth Services
121904431,5/3/23,Completed,Volunteer,April Shelter Shift,Shelter Shift,4/2/23,2023-04-02 16:00:00.0000000 -04:00,2023-04-02 19:00:00.0000000 -04:00,Sisu Youth Services
121904431,5/3/23,Completed,Volunteer,April Shelter Shift,Shelter Shift,4/15/23,2023-04-15 16:00:00.0000000 -04:00,2023-04-15 19:00:00.0000000 -04:00,Sisu Youth Services
121909568,5/8/23,Completed,Volunteer,May Shelter Shift ,Shelter Shift,5/1/23,2023-05-01 16:00:00.0000000 -04:00,2023-05-01 19:00:00.0000000 -04:00,Sisu Youth Services
122065503,10/6/23,Completed,Volunteer,Oct Meal Train ,Meal Train,10/15/23,2023-10-15 16:30:00.0000000 -05:00,2023-10-15 18:00:00.0000000 -05:00,Sisu Youth Services
122065503,3/10/23,Completed,Volunteer,Meal Train,Meal Train,2/1/23,2023-02-01 17:00:00.0000000 -05:00,2023-02-01 18:00:00.0000000 -05:00,Sisu Youth Services
122065503,3/10/23,Completed,Volunteer,Meal Train,Meal Train,2/2/23,2023-02-02 17:00:00.0000000 -05:00,2023-02-02 18:00:00.0000000 -05:00,Sisu Youth Services
122065503,12/8/23,Completed,Volunteer,Dec Meal Train,Meal Train,12/7/23,2023-12-07 16:00:00.0000000 -06:00,2023-12-07 17:30:00.0000000 -06:00,Sisu Youth Services
122065503,10/6/23,Completed,Volunteer,Oct Meal Train ,Meal Train,10/20/23,2023-10-20 16:30:00.0000000 -05:00,2023-10-20 18:00:00.0000000 -05:00,Sisu Youth Services
122065503,10/6/23,Completed,Volunteer,Oct Meal Train ,Meal Train,10/7/23,2023-10-07 16:30:00.0000000 -05:00,2023-10-07 18:00:00.0000000 -05:00,Sisu Youth Services
122065503,10/6/23,Completed,Volunteer,Oct Meal Train ,Meal Train,10/21/23,2023-10-21 16:30:00.0000000 -05:00,2023-10-21 18:00:00.0000000 -05:00,Sisu Youth Services
122065519,3/10/23,Completed,Volunteer,Meal Train,Meal Train,1/6/23,2023-01-06 17:00:00.0000000 -05:00,2023-01-06 18:00:00.0000000 -05:00,Sisu Youth Services
122065519,10/6/23,Sched-Web,Volunteer,Oct Meal Train ,Meal Train,10/16/23,2023-10-16 16:30:00.0000000 -05:00,2023-10-16 18:00:00.0000000 -05:00,Sisu Youth Services
122065558,8/8/23,Sched-Web,Volunteer,August Meal Train ,Meal Train,8/14/23,2023-08-14 16:30:00.0000000 -04:00,2023-08-14 18:00:00.0000000 -04:00,Sisu Youth Services
122065558,8/8/23,Completed,Volunteer,July Meal Train ,Meal Train,7/10/23,2023-07-10 16:00:00.0000000 -04:00,2023-07-10 18:30:00.0000000 -04:00,Sisu Youth Services
122065558,5/12/23,Completed,Volunteer,May Meal Train,Meal Train,5/8/23,2023-05-08 17:00:00.0000000 -04:00,2023-05-08 18:00:00.0000000 -04:00,Sisu Youth Services
122065558,5/3/23,Completed,Volunteer,April Meal Train ,Meal Train,4/11/23,2023-04-11 17:00:00.0000000 -04:00,2023-04-11 18:00:00.0000000 -04:00,Sisu Youth Services
122065558,5/3/23,Completed,Volunteer,April Meal Train ,Meal Train,4/10/23,2023-04-10 17:00:00.0000000 -04:00,2023-04-10 18:00:00.0000000 -04:00,Sisu Youth Services
122065558,4/4/23,Completed,Volunteer,Meal Train,Meal Train,3/13/23,2023-03-13 17:00:00.0000000 -04:00,2023-03-13 18:00:00.0000000 -04:00,Sisu Youth Services
122065558,3/10/23,Completed,Volunteer,Meal Train,Meal Train,2/13/23,2023-02-13 17:00:00.0000000 -05:00,2023-02-13 18:00:00.0000000 -05:00,Sisu Youth Services
122065558,1/2/24,Completed,Volunteer,January Meal Train,Meal Train,1/8/24,2024-01-08 16:30:00.0000000 -06:00,2024-01-08 18:00:00.0000000 -06:00,Sisu Youth Services
122065558,1/18/24,Completed,Volunteer,January Meal Train,Meal Train,1/20/24,2024-01-20 16:30:00.0000000 -06:00,2024-01-20 18:00:00.0000000 -06:00,Sisu Youth Services
122065558,2/27/24,Completed,Volunteer,March Meal Train,Meal Train,3/12/24,2024-03-12 16:30:00.0000000 -06:00,2024-03-12 18:00:00.0000000 -06:00,Sisu Youth Services
122065558,1/30/24,Completed,Volunteer,February Meal Train,Meal Train,2/3/24,2024-02-03 16:00:00.0000000 -06:00,2024-02-03 17:30:00.0000000 -06:00,Sisu Youth Services
122065558,5/3/24,Completed,Volunteer,April Meal Train,Meal Train,4/8/24,2024-04-08 16:00:00.0000000 -05:00,2024-04-08 18:30:00.0000000 -05:00,Sisu Youth Services
122065558,6/7/24,Completed,Volunteer,June Meal Train,Meal Train,6/8/24,2024-06-08 17:00:00.0000000 -05:00,2024-06-08 19:30:00.0000000 -05:00,Sisu Youth Services
122065558,6/7/24,Completed,Volunteer,June Meal Train,Meal Train,6/10/24,2024-06-10 17:00:00.0000000 -05:00,2024-06-10 19:30:00.0000000 -05:00,Sisu Youth Services
122065558,5/7/24,Completed,Volunteer,May Meal Train,Meal Train,5/11/24,2024-05-11 16:00:00.0000000 -05:00,2024-05-11 19:00:00.0000000 -05:00,Sisu Youth Services
122065558,5/16/24,Completed,Volunteer,May Meal Train,Meal Train,5/25/24,2024-05-25 16:00:00.0000000 -05:00,2024-05-25 19:00:00.0000000 -05:00,Sisu Youth Services
122065558,5/7/24,Completed,Volunteer,May Meal Train,Meal Train,5/13/24,2024-05-13 16:00:00.0000000 -05:00,2024-05-13 19:00:00.0000000 -05:00,Sisu Youth Services
122065558,9/23/24,Completed,Volunteer,Meal Train,Meal Train,9/14/24,2024-09-14 16:30:00.0000000 -05:00,2024-09-14 19:30:00.0000000 -05:00,Sisu Youth Services
122065558,8/19/24,Completed,Volunteer,Meal Train,Meal Train,8/17/24,2024-08-17 16:30:00.0000000 -05:00,2024-08-17 19:30:00.0000000 -05:00,Sisu Youth Services
122065558,9/23/24,Completed,Volunteer,Meal Train,Meal Train,9/9/24,2024-09-09 16:30:00.0000000 -05:00,2024-09-09 19:30:00.0000000 -05:00,Sisu Youth Services
122065558,9/23/24,Completed,Volunteer,Meal Train,Meal Train,9/28/24,2024-09-28 16:30:00.0000000 -05:00,2024-09-28 19:30:00.0000000 -05:00,Sisu Youth Services
122065558,2/12/25,Completed,Volunteer,Meal Train,Meal Train,10/19/24,2024-10-19 16:30:00.0000000 -05:00,2024-10-19 19:30:00.0000000 -05:00,Sisu Youth Services
122065558,2/12/25,Completed,Volunteer,Meal Train,Meal Train,10/14/24,2024-10-14 16:30:00.0000000 -05:00,2024-10-14 19:30:00.0000000 -05:00,Sisu Youth Services
122065558,8/19/24,Completed,Volunteer,Meal Train,Meal Train,8/3/24,2024-08-03 16:30:00.0000000 -05:00,2024-08-03 19:30:00.0000000 -05:00,Sisu Youth Services
122065558,8/19/24,Completed,Volunteer,Meal Train,Meal Train,8/12/24,2024-08-12 16:30:00.0000000 -05:00,2024-08-12 19:30:00.0000000 -05:00,Sisu Youth Services
122065558,8/19/24,Completed,Volunteer,Meal Train,Meal Train,8/31/24,2024-08-31 16:30:00.0000000 -05:00,2024-08-31 19:30:00.0000000 -05:00,Sisu Youth Services
122065558,7/29/24,Completed,Volunteer,Meal Train,Meal Train,7/20/24,2024-07-20 16:30:00.0000000 -05:00,2024-07-20 19:30:00.0000000 -05:00,Sisu Youth Services
122065558,7/29/24,Completed,Volunteer,Meal Train,Meal Train,7/6/24,2024-07-06 16:30:00.0000000 -05:00,2024-07-06 19:30:00.0000000 -05:00,Sisu Youth Services
122065558,7/29/24,Completed,Volunteer,Meal Train,Meal Train,7/8/24,2024-07-08 16:30:00.0000000 -05:00,2024-07-08 19:30:00.0000000 -05:00,Sisu Youth Services
122065558,2/4/25,Completed,Volunteer,Meal Train,Meal Train,1/25/25,2025-01-25 16:00:00.0000000 -06:00,2025-01-25 19:00:00.0000000 -06:00,Sisu Youth Services
122065558,2/4/25,Completed,Volunteer,Meal Train,Meal Train,1/11/25,2025-01-11 16:00:00.0000000 -06:00,2025-01-11 19:00:00.0000000 -06:00,Sisu Youth Services
122065558,2/4/25,Completed,Volunteer,Meal Train,Meal Train,1/13/25,2025-01-13 16:00:00.0000000 -06:00,2025-01-13 19:00:00.0000000 -06:00,Sisu Youth Services
122065558,2/12/25,Completed,Volunteer,Meal Train,Meal Train,2/22/25,2025-02-22 16:00:00.0000000 -06:00,2025-02-22 19:00:00.0000000 -06:00,Sisu Youth Services
122065558,2/12/25,Completed,Volunteer,Meal Train,Meal Train,2/10/25,2025-02-10 16:00:00.0000000 -06:00,2025-02-10 19:00:00.0000000 -06:00,Sisu Youth Services
122065558,3/10/25,Completed,Volunteer,Meal Train,Meal Train,3/10/25,2025-03-10 16:00:00.0000000 -05:00,2025-03-10 19:00:00.0000000 -05:00,Sisu Youth Services
122065558,4/17/25,Completed,Volunteer,Meal Train,Meal Train,4/14/25,2025-04-14 16:00:00.0000000 -05:00,2025-04-14 19:00:00.0000000 -05:00,Sisu Youth Services
122065558,8/18/25,Completed,Volunteer,Meal Train,Meal Train,7/14/25,2025-07-14 16:00:00.0000000 -05:00,2025-07-14 19:00:00.0000000 -05:00,Sisu Youth Services
122065558,6/26/25,Completed,Volunteer,Meal Train,Meal Train,6/9/25,2025-06-09 16:00:00.0000000 -05:00,2025-06-09 19:00:00.0000000 -05:00,Sisu Youth Services
122065558,1/27/26,Completed,Volunteer,Meal Train,Meal Train,12/8/25,2025-12-08 16:00:00.0000000 -06:00,2025-12-08 19:00:00.0000000 -06:00,Sisu Youth Services
122065558,10/22/25,Sched-Web,Volunteer,Meal Train,Meal Train,11/10/25,2025-11-10 16:00:00.0000000 -06:00,2025-11-10 19:00:00.0000000 -06:00,Sisu Youth Services
122065558,10/22/25,Completed,Volunteer,Meal Train,Meal Train,9/8/25,2025-09-08 16:00:00.0000000 -05:00,2025-09-08 19:00:00.0000000 -05:00,Sisu Youth Services
122065558,8/18/25,Completed,Volunteer,Meal Train,Meal Train,8/11/25,2025-08-11 16:00:00.0000000 -05:00,2025-08-11 19:00:00.0000000 -05:00,Sisu Youth Services
122065558,10/22/25,Completed,Volunteer,Meal Train,Meal Train,10/13/25,2025-10-13 16:00:00.0000000 -05:00,2025-10-13 19:00:00.0000000 -05:00,Sisu Youth Services
122065558,2/12/25,Completed,Volunteer,Shelter Shift ,Shelter Shift,2/22/25,2025-02-22 17:30:00.0000000 -06:00,2025-02-22 19:30:00.0000000 -06:00,Sisu Youth Services
122065558,3/10/25,Completed,Volunteer,Shelter Shift ,Shelter Shift,3/10/25,2025-03-10 17:30:00.0000000 -05:00,2025-03-10 19:30:00.0000000 -05:00,Sisu Youth Services
122065558,9/23/24,Completed,Volunteer,Shelter Shifts,Shelter Shift,9/28/24,2024-09-28 17:30:00.0000000 -04:00,2024-09-28 19:30:00.0000000 -04:00,Sisu Youth Services
122065558,9/23/24,Completed,Volunteer,Shelter Shifts,Shelter Shift,9/9/24,2024-09-09 17:30:00.0000000 -04:00,2024-09-09 19:30:00.0000000 -04:00,Sisu Youth Services
122065558,2/12/25,Completed,Volunteer,Shelter Shifts,Shelter Shift,10/14/24,2024-10-14 16:00:00.0000000 -04:00,2024-10-14 19:00:00.0000000 -04:00,Sisu Youth Services
122065558,1/27/26,Completed,Volunteer,Meal Train 2026,Meal Train,1/12/26,2026-01-12 16:30:00.0000000 -06:00,2026-01-12 18:00:00.0000000 -06:00,Sisu Youth Services
122065562,1/1/25,Completed,Volunteer,Meal Train,Meal Train,10/14/24,2024-10-14 16:30:00.0000000 -05:00,2024-10-14 19:30:00.0000000 -05:00,Sisu Youth Services
122065562,3/10/23,Completed,Volunteer,Shelter Shift,Shelter Shift,2/17/23,2023-02-17 16:00:00.0000000 -05:00,2023-02-17 19:00:00.0000000 -05:00,Sisu Youth Services
122065586,3/10/23,Completed,Volunteer,Meal Train,Meal Train,2/26/23,2023-02-26 17:00:00.0000000 -05:00,2023-02-26 18:00:00.0000000 -05:00,Sisu Youth Services
122065586,5/3/23,Completed,Volunteer,April Meal Train ,Meal Train,4/23/23,2023-04-23 17:00:00.0000000 -04:00,2023-04-23 18:00:00.0000000 -04:00,Sisu Youth Services
122068134,8/14/23,Completed,Volunteer,Shadow Shift ,Shelter Shift,8/10/23,2023-08-10 16:00:00.0000000 -05:00,2023-08-10 19:00:00.0000000 -05:00,Sisu Youth Services
122068134,4/4/23,Completed,Attendee,February Volunteer Training,Training,2/26/23,2023-02-26 15:30:00.0000000 -05:00,2023-02-26 17:00:00.0000000 -05:00,
122068134,10/25/23,Sched-Web,Volunteer,Sisu Packing Party ,Group Volunteer,11/12/23,2023-11-12 12:00:00.0000000 -06:00,2023-11-12 15:00:00.0000000 -06:00,Sisu Youth Services
122068134,12/19/23,Completed,Attendee,Volunteer Refresher ,Training,1/6/24,2024-01-06 14:00:00.0000000 -06:00,2024-01-06 16:00:00.0000000 -06:00,Sisu Youth Services
122116256,4/4/23,Completed,Attendee,February Volunteer Training,Training,2/26/23,2023-02-26 15:30:00.0000000 -05:00,2023-02-26 17:00:00.0000000 -05:00,
122116256,8/2/23,Scheduled,Volunteer,Atlas Volunteer Shift July ,Shelter Shift,7/1/23,2023-07-01 16:00:00.0000000 -06:00,2023-07-01 19:00:00.0000000 -06:00,Atlas Program Site
122116256,10/22/25,Completed,Volunteer,Shelter Shift ,Shelter Shift,9/15/25,2025-09-15 17:30:00.0000000 -05:00,2025-09-15 19:30:00.0000000 -05:00,Sisu Youth Services
122116256,10/22/25,Completed,Volunteer,PYD Workshop,PYD,9/15/25,2025-09-15 16:00:00.0000000 -05:00,2025-09-15 18:00:00.0000000 -05:00,Sisu Youth Services
122116256,10/22/25,Completed,Volunteer,Meal Train,Meal Train,9/29/25,2025-09-29 16:00:00.0000000 -05:00,2025-09-29 19:00:00.0000000 -05:00,Sisu Youth Services
122116256,10/22/25,Completed,Volunteer,Meal Train,Meal Train,9/15/25,2025-09-15 16:00:00.0000000 -05:00,2025-09-15 19:00:00.0000000 -05:00,Sisu Youth Services
122116256,10/22/25,Sched-Web,Volunteer,Meal Train,Meal Train,11/3/25,2025-11-03 16:00:00.0000000 -06:00,2025-11-03 19:00:00.0000000 -06:00,Sisu Youth Services
122375397,4/4/23,Completed,Attendee,February Volunteer Training,Training,2/26/23,2023-02-26 15:30:00.0000000 -05:00,2023-02-26 17:00:00.0000000 -05:00,
122550000,4/4/23,Completed,Attendee,February Volunteer Training,Training,2/26/23,2023-02-26 15:30:00.0000000 -05:00,2023-02-26 17:00:00.0000000 -05:00,
122550000,5/3/23,Completed,Volunteer,April Meal Train ,Meal Train,4/24/23,2023-04-24 17:00:00.0000000 -04:00,2023-04-24 18:00:00.0000000 -04:00,Sisu Youth Services
122605225,4/4/23,Completed,Attendee,February Volunteer Training,Training,2/26/23,2023-02-26 15:30:00.0000000 -05:00,2023-02-26 17:00:00.0000000 -05:00,
122836887,4/4/23,Completed,Volunteer,Meal Train,Meal Train,3/1/23,2023-03-01 17:00:00.0000000 -05:00,2023-03-01 18:00:00.0000000 -05:00,Sisu Youth Services
122836887,12/14/23,Completed,Volunteer,Dec Meal Train,Meal Train,12/23/23,2023-12-23 16:00:00.0000000 -06:00,2023-12-23 17:30:00.0000000 -06:00,Sisu Youth Services
122836887,6/2/25,Completed,Volunteer,Meal Train,Meal Train,5/31/25,2025-05-31 16:00:00.0000000 -05:00,2025-05-31 19:00:00.0000000 -05:00,Sisu Youth Services
122836909,4/4/23,Completed,Volunteer,Shelter Shift ,Shelter Shift,3/11/23,2023-03-11 16:00:00.0000000 -05:00,2023-03-11 19:00:00.0000000 -05:00,Sisu Youth Services
122836947,4/4/23,Completed,Volunteer,Meal Train,Meal Train,3/31/23,2023-03-31 17:00:00.0000000 -04:00,2023-03-31 18:00:00.0000000 -04:00,Sisu Youth Services
122837021,4/4/23,Completed,Volunteer,Group Volunteer ,Group Volunteer,3/26/23,2023-03-26 10:00:00.0000000 -04:00,2023-03-26 13:00:00.0000000 -04:00,
122860564,7/28/23,Sched-Web,Volunteer,Volunteer Paint Party at NEW Sisu HQ,Group Volunteer,7/29/23,2023-07-29 12:00:00.0000000 -05:00,2023-07-29 15:00:00.0000000 -05:00,Sisu Youth Services
122860573,8/24/23,Scheduled,Volunteer,Shadow Shift ,Shelter Shift,8/24/23,2023-08-24 16:00:00.0000000 -05:00,2023-08-24 19:00:00.0000000 -05:00,Sisu Youth Services
122860577,4/4/23,Completed,Attendee,February Volunteer Training,Training,2/26/23,2023-02-26 15:30:00.0000000 -05:00,2023-02-26 17:00:00.0000000 -05:00,
122860581,4/4/23,Completed,Attendee,February Volunteer Training,Training,2/26/23,2023-02-26 15:30:00.0000000 -05:00,2023-02-26 17:00:00.0000000 -05:00,
122860590,4/4/23,Completed,Attendee,February Volunteer Training,Training,2/26/23,2023-02-26 15:30:00.0000000 -05:00,2023-02-26 17:00:00.0000000 -05:00,
122860596,4/4/23,Completed,Attendee,March Volunteer Training ,Training,3/19/23,2023-03-19 15:30:00.0000000 -04:00,2023-03-19 17:00:00.0000000 -04:00,
122860597,4/4/23,Completed,Attendee,March Volunteer Training ,Training,3/19/23,2023-03-19 15:30:00.0000000 -04:00,2023-03-19 17:00:00.0000000 -04:00,
122860602,4/5/23,Completed,Attendee,March Volunteer Training ,Training,3/19/23,2023-03-19 15:30:00.0000000 -04:00,2023-03-19 17:00:00.0000000 -04:00,
122860608,4/5/23,Completed,Attendee,March Volunteer Training ,Training,3/19/23,2023-03-19 15:30:00.0000000 -04:00,2023-03-19 17:00:00.0000000 -04:00,
122860609,4/5/23,Completed,Attendee,March Volunteer Training ,Training,3/19/23,2023-03-19 15:30:00.0000000 -04:00,2023-03-19 17:00:00.0000000 -04:00,
122877167,4/5/23,Completed,Attendee,March Volunteer Training ,Training,3/19/23,2023-03-19 15:30:00.0000000 -04:00,2023-03-19 17:00:00.0000000 -04:00,
123104452,4/20/23,Completed,Volunteer,Meal Train,Meal Train,3/23/23,2023-03-23 17:00:00.0000000 -04:00,2023-03-23 18:00:00.0000000 -04:00,Sisu Youth Services
123482834,5/3/23,Completed,Volunteer,April Meal Train ,Meal Train,4/8/23,2023-04-08 17:00:00.0000000 -04:00,2023-04-08 18:00:00.0000000 -04:00,Sisu Youth Services
123482834,5/3/23,Completed,Volunteer,April Meal Train ,Meal Train,4/22/23,2023-04-22 17:00:00.0000000 -04:00,2023-04-22 18:00:00.0000000 -04:00,Sisu Youth Services
123482834,4/15/24,Completed,Volunteer,April Meal Train,Meal Train,4/19/24,2024-04-19 16:00:00.0000000 -05:00,2024-04-19 18:30:00.0000000 -05:00,Sisu Youth Services
123482834,4/15/24,Completed,Volunteer,April Meal Train,Meal Train,4/20/24,2024-04-20 16:00:00.0000000 -05:00,2024-04-20 18:30:00.0000000 -05:00,Sisu Youth Services
123482834,4/17/25,Completed,Volunteer,Meal Train,Meal Train,4/21/25,2025-04-21 16:00:00.0000000 -05:00,2025-04-21 19:00:00.0000000 -05:00,Sisu Youth Services
123482834,4/29/25,Completed,Volunteer,Meal Train,Meal Train,4/27/25,2025-04-27 16:00:00.0000000 -05:00,2025-04-27 19:00:00.0000000 -05:00,Sisu Youth Services
123482834,6/26/25,Completed,Volunteer,Meal Train,Meal Train,6/29/25,2025-06-29 16:00:00.0000000 -05:00,2025-06-29 19:00:00.0000000 -05:00,Sisu Youth Services
123482834,8/18/25,Completed,Volunteer,Meal Train,Meal Train,7/27/25,2025-07-27 16:00:00.0000000 -05:00,2025-07-27 19:00:00.0000000 -05:00,Sisu Youth Services
123482840,5/3/23,Completed,Volunteer,April Meal Train ,Meal Train,4/22/23,2023-04-22 17:00:00.0000000 -04:00,2023-04-22 18:00:00.0000000 -04:00,Sisu Youth Services
123482840,5/3/23,Completed,Volunteer,April Meal Train ,Meal Train,4/15/23,2023-04-15 17:00:00.0000000 -04:00,2023-04-15 18:00:00.0000000 -04:00,Sisu Youth Services
123482850,9/29/23,Sched-Web,Volunteer,Oct Meal Train ,Meal Train,10/1/23,2023-10-01 16:30:00.0000000 -05:00,2023-10-01 18:00:00.0000000 -05:00,Sisu Youth Services
123688230,9/19/23,Completed,Volunteer,Sept Meal Train ,Meal Train,9/15/23,2023-09-15 16:30:00.0000000 -05:00,2023-09-15 18:30:00.0000000 -05:00,Sisu Youth Services
123688230,5/12/23,Completed,Volunteer,May Meal Train,Meal Train,5/12/23,2023-05-12 17:00:00.0000000 -04:00,2023-05-12 18:00:00.0000000 -04:00,Sisu Youth Services
123810328,7/17/23,Completed,Volunteer,July Shelter Shift ,Shelter Shift,7/6/23,2023-07-06 16:00:00.0000000 -06:00,2023-07-06 19:00:00.0000000 -06:00,Sisu Youth Services
123810328,4/4/23,Completed,Attendee,February Volunteer Training,Training,2/26/23,2023-02-26 15:30:00.0000000 -05:00,2023-02-26 17:00:00.0000000 -05:00,
123810328,6/10/24,Completed,Volunteer,Welcome Home Volunteer Day,Group Volunteer,6/15/24,2024-06-15 08:00:00.0000000 -05:00,2024-06-15 11:00:00.0000000 -05:00,
123810328,3/1/24,Completed,Attendee,Welcome Home Team Volunteer Meeting,Training,3/20/24,2024-03-20 18:00:00.0000000 -05:00,2024-03-20 19:00:00.0000000 -05:00,
123810328,6/17/24,Completed,Volunteer,Welcome Home Volunteer Day,Group Volunteer,6/15/24,2024-06-15 08:00:00.0000000 -05:00,2024-06-15 10:00:00.0000000 -05:00,
123810328,6/17/24,No Show,Volunteer,Welcome Home Volunteer Day,Group Volunteer,6/19/24,2024-06-19 09:00:00.0000000 -05:00,2024-06-19 13:00:00.0000000 -05:00,
123810328,9/23/24,Completed,Volunteer,Birthday Party,PYD,8/30/24,2024-08-30 16:00:00.0000000 -05:00,2024-08-30 18:00:00.0000000 -05:00,Sisu Youth Services
123810328,9/23/24,Completed,Volunteer,Birthday Party,PYD,9/27/24,2024-09-27 16:00:00.0000000 -05:00,2024-09-27 18:00:00.0000000 -05:00,Sisu Youth Services
123810328,6/5/24,Completed,Volunteer,Birthday Party,PYD,5/31/24,2024-05-31 16:00:00.0000000 -05:00,2024-05-31 18:00:00.0000000 -05:00,Sisu Youth Services
123810328,4/2/24,Completed,Volunteer,Birthday Party,PYD,3/29/24,2024-03-29 16:00:00.0000000 -05:00,2024-03-29 18:00:00.0000000 -05:00,Sisu Youth Services
123810328,3/8/24,Completed,Volunteer,March Shelter Shift ,Shelter Shift,3/9/24,2024-03-09 17:30:00.0000000 -06:00,2024-03-09 19:30:00.0000000 -06:00,Sisu Youth Services
123810328,4/1/24,Completed,Volunteer,March Shelter Shift ,Shelter Shift,3/29/24,2024-03-29 17:30:00.0000000 -05:00,2024-03-29 19:30:00.0000000 -05:00,Sisu Youth Services
123810328,3/8/24,Completed,Volunteer,February Shelter Shift ,Shelter Shift,2/23/24,2024-02-23 19:00:00.0000000 -06:00,2024-02-23 22:00:00.0000000 -06:00,Sisu Youth Services
123810328,1/31/24,Completed,Volunteer,Shelter Shift December ,Shelter Shift,12/22/23,2023-12-22 19:00:00.0000000 -06:00,2023-12-22 21:00:00.0000000 -06:00,Sisu Youth Services
123810328,1/31/24,Completed,Volunteer,January Shelter Shift,Shelter Shift,1/16/24,2024-01-16 19:00:00.0000000 -06:00,2024-01-16 22:00:00.0000000 -06:00,Sisu Youth Services
123810328,11/12/23,Sched-Web,Volunteer,Sisu Packing Party ,Group Volunteer,11/12/23,2023-11-12 10:30:00.0000000 -06:00,2023-11-12 12:30:00.0000000 -06:00,Sisu Youth Services
123810328,11/12/23,Sched-Web,Volunteer,Sisu Packing Party ,Group Volunteer,11/12/23,2023-11-12 12:00:00.0000000 -06:00,2023-11-12 15:00:00.0000000 -06:00,Sisu Youth Services
123810328,6/20/24,Completed,Volunteer,June Shelter Shift,Shelter Shift,6/28/24,2024-06-28 17:30:00.0000000 -05:00,2024-06-28 19:30:00.0000000 -05:00,Sisu Youth Services
123810328,6/20/24,Completed,Volunteer,June Shelter Shift,Shelter Shift,6/7/24,2024-06-07 17:30:00.0000000 -05:00,2024-06-07 19:30:00.0000000 -05:00,Sisu Youth Services
123810328,6/20/24,Completed,Volunteer,June Shelter Shift,Shelter Shift,6/14/24,2024-06-14 17:30:00.0000000 -05:00,2024-06-14 19:30:00.0000000 -05:00,Sisu Youth Services
123810328,5/3/24,Completed,Volunteer,May Shelter Shift ,Shelter Shift,5/24/24,2024-05-24 17:00:00.0000000 -06:00,2024-05-24 20:00:00.0000000 -06:00,Sisu Youth Services
123810328,5/3/24,Completed,Volunteer,May Shelter Shift ,Shelter Shift,5/3/24,2024-05-03 17:00:00.0000000 -06:00,2024-05-03 20:00:00.0000000 -06:00,Sisu Youth Services
123810328,5/3/24,Completed,Volunteer,May Shelter Shift ,Shelter Shift,5/17/24,2024-05-17 17:00:00.0000000 -06:00,2024-05-17 20:00:00.0000000 -06:00,Sisu Youth Services
123810328,4/16/24,Completed,Volunteer,April Shelter Shift,Shelter Shift,4/19/24,2024-04-19 17:30:00.0000000 -05:00,2024-04-19 19:30:00.0000000 -05:00,Sisu Youth Services
123810328,4/10/24,Completed,Volunteer,April Shelter Shift,Shelter Shift,4/12/24,2024-04-12 17:30:00.0000000 -05:00,2024-04-12 19:30:00.0000000 -05:00,Sisu Youth Services
123810328,10/21/24,Completed,Volunteer,Shelter Shifts,Shelter Shift,10/11/24,2024-10-11 16:00:00.0000000 -04:00,2024-10-11 19:00:00.0000000 -04:00,Sisu Youth Services
123810328,10/21/24,Completed,Volunteer,Shelter Shifts,Shelter Shift,10/4/24,2024-10-04 17:30:00.0000000 -04:00,2024-10-04 19:30:00.0000000 -04:00,Sisu Youth Services
123810328,10/21/24,Completed,Volunteer,Shelter Shifts,Shelter Shift,10/25/24,2024-10-25 17:30:00.0000000 -04:00,2024-10-25 19:30:00.0000000 -04:00,Sisu Youth Services
123810328,9/23/24,Completed,Volunteer,Shelter Shifts,Shelter Shift,9/13/24,2024-09-13 17:30:00.0000000 -04:00,2024-09-13 19:30:00.0000000 -04:00,Sisu Youth Services
123810328,8/19/24,Completed,Volunteer,Shelter Shifts,Shelter Shift,8/23/24,2024-08-23 17:30:00.0000000 -04:00,2024-08-23 19:30:00.0000000 -04:00,Sisu Youth Services
123810328,9/23/24,Completed,Volunteer,Shelter Shifts,Shelter Shift,9/20/24,2024-09-20 17:30:00.0000000 -04:00,2024-09-20 19:30:00.0000000 -04:00,Sisu Youth Services
123810328,8/19/24,Completed,Volunteer,Shelter Shifts,Shelter Shift,8/8/24,2024-08-08 17:30:00.0000000 -04:00,2024-08-08 19:30:00.0000000 -04:00,Sisu Youth Services
123810328,8/19/24,Completed,Volunteer,Shelter Shifts,Shelter Shift,8/15/24,2024-08-15 17:30:00.0000000 -04:00,2024-08-15 19:30:00.0000000 -04:00,Sisu Youth Services
123810328,7/29/24,Completed,Volunteer,Shelter Shifts,Shelter Shift,7/26/24,2024-07-26 19:00:00.0000000 -04:00,2024-07-26 22:00:00.0000000 -04:00,Sisu Youth Services
123810328,7/29/24,Completed,Volunteer,Shelter Shifts,Shelter Shift,7/19/24,2024-07-19 19:00:00.0000000 -04:00,2024-07-19 22:00:00.0000000 -04:00,Sisu Youth Services
124016634,7/14/23,Sched-Web,Volunteer,Volunteer Paint Party at NEW Sisu HQ,Group Volunteer,7/23/23,2023-07-23 09:00:00.0000000 -05:00,2023-07-23 12:00:00.0000000 -05:00,Sisu Youth Services
124016634,5/26/23,Completed,Attendee,May Volunteer Orientation,Training,5/28/23,2023-05-28 15:00:00.0000000 -05:00,2023-05-28 16:30:00.0000000 -05:00,Sisu Youth Services
124016635,5/26/23,Completed,Attendee,May Volunteer Orientation,Training,5/28/23,2023-05-28 15:00:00.0000000 -05:00,2023-05-28 16:30:00.0000000 -05:00,Sisu Youth Services
124016635,8/1/23,Confirmed,Volunteer,August Meal Train ,Meal Train,8/5/23,2023-08-05 16:30:00.0000000 -04:00,2023-08-05 18:00:00.0000000 -04:00,Sisu Youth Services
124016635,12/7/23,No Show,Attendee,Volunteer Refresher ,Training,1/6/24,2024-01-06 14:00:00.0000000 -06:00,2024-01-06 16:00:00.0000000 -06:00,Sisu Youth Services
124016635,11/21/23,Sched-Web,Attendee,Volunteer Refresher,Training,12/2/23,2023-12-02 14:00:00.0000000 -06:00,2023-12-02 16:00:00.0000000 -06:00,Sisu Youth Services
124016636,5/26/23,No Show,Attendee,May Volunteer Orientation,Training,5/28/23,2023-05-28 15:00:00.0000000 -05:00,2023-05-28 16:30:00.0000000 -05:00,Sisu Youth Services
124016637,5/26/23,No Show,Attendee,May Volunteer Orientation,Training,5/28/23,2023-05-28 15:00:00.0000000 -05:00,2023-05-28 16:30:00.0000000 -05:00,Sisu Youth Services
124016639,5/26/23,Cancelled,Attendee,May Volunteer Orientation,Training,5/28/23,2023-05-28 15:00:00.0000000 -05:00,2023-05-28 16:30:00.0000000 -05:00,Sisu Youth Services
124016640,5/26/23,Completed,Attendee,May Volunteer Orientation,Training,5/28/23,2023-05-28 15:00:00.0000000 -05:00,2023-05-28 16:30:00.0000000 -05:00,Sisu Youth Services
124016642,5/26/23,Cancelled,Attendee,May Volunteer Orientation,Training,5/28/23,2023-05-28 15:00:00.0000000 -05:00,2023-05-28 16:30:00.0000000 -05:00,Sisu Youth Services
124016643,5/26/23,Completed,Attendee,May Volunteer Orientation,Training,5/28/23,2023-05-28 15:00:00.0000000 -05:00,2023-05-28 16:30:00.0000000 -05:00,Sisu Youth Services
124016644,5/26/23,Completed,Attendee,May Volunteer Orientation,Training,5/28/23,2023-05-28 15:00:00.0000000 -05:00,2023-05-28 16:30:00.0000000 -05:00,Sisu Youth Services
124016645,5/26/23,No Show,Attendee,May Volunteer Orientation,Training,5/28/23,2023-05-28 15:00:00.0000000 -05:00,2023-05-28 16:30:00.0000000 -05:00,Sisu Youth Services
124016646,5/26/23,No Show,Attendee,May Volunteer Orientation,Training,5/28/23,2023-05-28 15:00:00.0000000 -05:00,2023-05-28 16:30:00.0000000 -05:00,Sisu Youth Services
124016647,5/26/23,Completed,Attendee,May Volunteer Orientation,Training,5/28/23,2023-05-28 15:00:00.0000000 -05:00,2023-05-28 16:30:00.0000000 -05:00,Sisu Youth Services
124016647,7/14/23,Completed,Volunteer,Volunteer Paint Party at NEW Sisu HQ,Group Volunteer,7/15/23,2023-07-15 12:00:00.0000000 -05:00,2023-07-15 15:00:00.0000000 -05:00,Sisu Youth Services
124016647,7/17/23,Completed,Volunteer,July Shelter Shift ,Shelter Shift,7/10/23,2023-07-10 16:00:00.0000000 -06:00,2023-07-10 19:00:00.0000000 -06:00,Sisu Youth Services
124028698,5/26/23,Completed,Attendee,May Volunteer Orientation,Training,5/28/23,2023-05-28 15:00:00.0000000 -05:00,2023-05-28 16:30:00.0000000 -05:00,Sisu Youth Services
124046088,5/29/25,Completed,Volunteer,PYD Workshop,PYD,5/15/25,2025-05-15 16:00:00.0000000 -05:00,2025-05-15 18:00:00.0000000 -05:00,Sisu Youth Services
124046088,1/20/25,Completed,Volunteer,PYD Workshop,PYD,1/11/25,2025-01-11 16:00:00.0000000 -06:00,2025-01-11 18:00:00.0000000 -06:00,Sisu Youth Services
124046088,1/20/25,Completed,Volunteer,PYD Workshop,PYD,1/25/25,2025-01-25 16:00:00.0000000 -06:00,2025-01-25 18:00:00.0000000 -06:00,Sisu Youth Services
124046088,5/29/25,Completed,Volunteer,PYD Workshop,PYD,3/8/25,2025-03-08 16:00:00.0000000 -06:00,2025-03-08 18:00:00.0000000 -06:00,Sisu Youth Services
124046088,5/29/25,Completed,Volunteer,PYD Workshop,PYD,3/22/25,2025-03-22 16:00:00.0000000 -05:00,2025-03-22 18:00:00.0000000 -05:00,Sisu Youth Services
124046088,5/29/25,Completed,Volunteer,PYD Workshop,PYD,4/5/25,2025-04-05 16:00:00.0000000 -05:00,2025-04-05 18:00:00.0000000 -05:00,Sisu Youth Services
124046088,5/29/25,Completed,Volunteer,PYD Workshop,PYD,4/19/25,2025-04-19 16:00:00.0000000 -05:00,2025-04-19 18:00:00.0000000 -05:00,Sisu Youth Services
124046088,5/29/25,Completed,Volunteer,PYD Workshop,PYD,5/1/25,2025-05-01 16:00:00.0000000 -05:00,2025-05-01 18:00:00.0000000 -05:00,Sisu Youth Services
124758176,7/28/23,Cancelled,Attendee,July Volunteer Orientation,Training,7/30/23,2023-07-30 15:00:00.0000000 -05:00,2023-07-30 16:30:00.0000000 -05:00,Sisu Youth Services
124758176,8/21/23,Completed,Attendee,August Volunteer Orientation ,Training,8/24/23,2023-08-24 19:00:00.0000000 -05:00,2023-08-24 20:30:00.0000000 -05:00,Sisu Youth Services
124812096,7/7/23,No Show,Attendee,July Volunteer Orientation,Training,7/30/23,2023-07-30 15:00:00.0000000 -05:00,2023-07-30 16:30:00.0000000 -05:00,Sisu Youth Services
124812846,7/8/23,Completed,Attendee,July Volunteer Orientation,Training,7/30/23,2023-07-30 15:00:00.0000000 -05:00,2023-07-30 16:30:00.0000000 -05:00,Sisu Youth Services
124814499,7/8/23,Completed,Attendee,July Volunteer Orientation,Training,7/30/23,2023-07-30 15:00:00.0000000 -05:00,2023-07-30 16:30:00.0000000 -05:00,Sisu Youth Services
124814758,7/9/23,Completed,Attendee,July Volunteer Orientation,Training,7/30/23,2023-07-30 15:00:00.0000000 -05:00,2023-07-30 16:30:00.0000000 -05:00,Sisu Youth Services
124815674,7/10/23,Completed,Attendee,July Volunteer Orientation,Training,7/30/23,2023-07-30 15:00:00.0000000 -05:00,2023-07-30 16:30:00.0000000 -05:00,Sisu Youth Services
124817210,7/10/23,Cancelled,Attendee,July Volunteer Orientation,Training,7/30/23,2023-07-30 15:00:00.0000000 -05:00,2023-07-30 16:30:00.0000000 -05:00,Sisu Youth Services
124818902,7/10/23,Completed,Attendee,July Volunteer Orientation,Training,7/30/23,2023-07-30 15:00:00.0000000 -05:00,2023-07-30 16:30:00.0000000 -05:00,Sisu Youth Services
124857624,7/10/23,Completed,Attendee,July Volunteer Orientation,Training,7/30/23,2023-07-30 15:00:00.0000000 -05:00,2023-07-30 16:30:00.0000000 -05:00,Sisu Youth Services
124857833,7/10/23,Sched-Web,Volunteer,Volunteer Paint Party at NEW Sisu HQ,Group Volunteer,7/29/23,2023-07-29 09:00:00.0000000 -05:00,2023-07-29 12:00:00.0000000 -05:00,Sisu Youth Services
124857833,7/10/23,Completed,Volunteer,Volunteer Paint Party at NEW Sisu HQ,Group Volunteer,7/15/23,2023-07-15 09:00:00.0000000 -05:00,2023-07-15 12:00:00.0000000 -05:00,Sisu Youth Services
124858491,7/11/23,Completed,Attendee,July Volunteer Orientation,Training,7/30/23,2023-07-30 15:00:00.0000000 -05:00,2023-07-30 16:30:00.0000000 -05:00,Sisu Youth Services
124858491,8/21/23,Scheduled,Organizer,Volunteer Training ,Training,8/29/23,2023-08-29 19:00:00.0000000 -04:00,2023-08-29 20:30:00.0000000 -04:00,Sisu Youth Services
124858491,11/3/23,Sched-Web,Volunteer,Sisu Packing Party ,Group Volunteer,11/12/23,2023-11-12 12:00:00.0000000 -06:00,2023-11-12 15:00:00.0000000 -06:00,Sisu Youth Services
124858491,8/21/24,Completed,Volunteer,April Shelter Shift,Shelter Shift,4/22/24,2024-04-22 16:00:00.0000000 -05:00,2024-04-22 19:00:00.0000000 -05:00,Sisu Youth Services
124862420,7/11/23,Sched-Web,Volunteer,Volunteer Paint Party at NEW Sisu HQ,Group Volunteer,7/23/23,2023-07-23 11:30:00.0000000 -05:00,2023-07-23 14:30:00.0000000 -05:00,Sisu Youth Services
124862420,5/3/23,Completed,Volunteer,April Meal Train ,Meal Train,4/30/23,2023-04-30 17:00:00.0000000 -04:00,2023-04-30 18:00:00.0000000 -04:00,Sisu Youth Services
124862420,5/3/23,Completed,Volunteer,April Meal Train ,Meal Train,4/1/23,2023-04-01 17:00:00.0000000 -04:00,2023-04-01 18:00:00.0000000 -04:00,Sisu Youth Services
124862421,7/11/23,Sched-Web,Volunteer,Volunteer Paint Party at NEW Sisu HQ,Group Volunteer,7/23/23,2023-07-23 11:30:00.0000000 -05:00,2023-07-23 14:30:00.0000000 -05:00,Sisu Youth Services
124862451,7/11/23,Sched-Web,Volunteer,Volunteer Paint Party at NEW Sisu HQ,Group Volunteer,7/23/23,2023-07-23 11:30:00.0000000 -05:00,2023-07-23 14:30:00.0000000 -05:00,Sisu Youth Services
124862452,7/11/23,Sched-Web,Volunteer,Volunteer Paint Party at NEW Sisu HQ,Group Volunteer,7/23/23,2023-07-23 11:30:00.0000000 -05:00,2023-07-23 14:30:00.0000000 -05:00,Sisu Youth Services
124862453,7/11/23,Sched-Web,Volunteer,Volunteer Paint Party at NEW Sisu HQ,Group Volunteer,7/23/23,2023-07-23 11:30:00.0000000 -05:00,2023-07-23 14:30:00.0000000 -05:00,Sisu Youth Services
124862454,7/11/23,Sched-Web,Volunteer,Volunteer Paint Party at NEW Sisu HQ,Group Volunteer,7/23/23,2023-07-23 11:30:00.0000000 -05:00,2023-07-23 14:30:00.0000000 -05:00,Sisu Youth Services
124867877,7/12/23,No Show,Attendee,July Volunteer Orientation,Training,7/30/23,2023-07-30 15:00:00.0000000 -05:00,2023-07-30 16:30:00.0000000 -05:00,Sisu Youth Services
124868408,7/12/23,Sched-Web,Volunteer,Volunteer Paint Party at NEW Sisu HQ,Group Volunteer,7/23/23,2023-07-23 09:00:00.0000000 -05:00,2023-07-23 17:00:00.0000000 -05:00,Sisu Youth Services
124868408,7/12/23,Completed,Volunteer,Volunteer Paint Party at NEW Sisu HQ,Group Volunteer,7/15/23,2023-07-15 09:00:00.0000000 -05:00,2023-07-15 12:00:00.0000000 -05:00,Sisu Youth Services
124880436,7/13/23,No Show,Volunteer,Volunteer Paint Party at NEW Sisu HQ,Group Volunteer,7/15/23,2023-07-15 12:00:00.0000000 -05:00,2023-07-15 15:00:00.0000000 -05:00,Sisu Youth Services
124880598,5/3/23,Completed,Volunteer,April Shelter Shift,Shelter Shift,4/21/23,2023-04-21 16:00:00.0000000 -04:00,2023-04-21 19:00:00.0000000 -04:00,Sisu Youth Services
124880598,2/13/23,Completed,Volunteer,Shelter Shift,Shelter Shift,1/20/23,2023-01-20 16:00:00.0000000 -06:00,2023-01-20 19:00:00.0000000 -06:00,Sisu Youth Services
124880598,2/13/23,Completed,Volunteer,Shelter Shift,Shelter Shift,1/18/23,2023-01-18 16:00:00.0000000 -06:00,2023-01-18 19:00:00.0000000 -06:00,Sisu Youth Services
124880598,3/10/23,Completed,Volunteer,Shelter Shift,Shelter Shift,2/24/23,2023-02-24 16:00:00.0000000 -05:00,2023-02-24 19:00:00.0000000 -05:00,Sisu Youth Services
124880598,3/10/23,Completed,Volunteer,Shelter Shift,Shelter Shift,2/10/23,2023-02-10 16:00:00.0000000 -05:00,2023-02-10 19:00:00.0000000 -05:00,Sisu Youth Services
124880598,2/13/23,Completed,Volunteer,Shelter Shift,Shelter Shift,1/31/23,2023-01-31 16:00:00.0000000 -06:00,2023-01-31 19:00:00.0000000 -06:00,Sisu Youth Services
124880725,7/13/23,Sched-Web,Volunteer,Volunteer Paint Party at NEW Sisu HQ,Group Volunteer,7/29/23,2023-07-29 12:00:00.0000000 -05:00,2023-07-29 15:00:00.0000000 -05:00,Sisu Youth Services
124880725,7/24/23,Sched-Web,Volunteer,Volunteer Paint Party at NEW Sisu HQ,Group Volunteer,7/29/23,2023-07-29 09:00:00.0000000 -05:00,2023-07-29 12:00:00.0000000 -05:00,Sisu Youth Services
124882310,7/13/23,Sched-Web,Volunteer,Volunteer Paint Party at NEW Sisu HQ,Group Volunteer,7/29/23,2023-07-29 09:00:00.0000000 -05:00,2023-07-29 15:00:00.0000000 -05:00,Sisu Youth Services
124882690,7/14/23,Sched-Web,Volunteer,Volunteer Paint Party at NEW Sisu HQ,Group Volunteer,7/23/23,2023-07-23 14:00:00.0000000 -05:00,2023-07-23 17:00:00.0000000 -05:00,Sisu Youth Services
124888863,7/14/23,Sched-Web,Volunteer,Volunteer Paint Party at NEW Sisu HQ,Group Volunteer,7/23/23,2023-07-23 14:00:00.0000000 -05:00,2023-07-23 17:00:00.0000000 -05:00,Sisu Youth Services
124888875,4/4/23,Completed,Attendee,February Volunteer Training,Training,2/26/23,2023-02-26 15:30:00.0000000 -05:00,2023-02-26 17:00:00.0000000 -05:00,
124890132,7/15/23,Completed,Volunteer,Volunteer Paint Party at NEW Sisu HQ,Group Volunteer,7/15/23,2023-07-15 12:00:00.0000000 -05:00,2023-07-15 15:00:00.0000000 -05:00,Sisu Youth Services
124890289,7/15/23,Completed,Volunteer,Volunteer Paint Party at NEW Sisu HQ,Group Volunteer,7/15/23,2023-07-15 12:00:00.0000000 -05:00,2023-07-15 15:00:00.0000000 -05:00,Sisu Youth Services
124922538,7/18/23,No Show,Attendee,July Volunteer Orientation,Training,7/30/23,2023-07-30 15:00:00.0000000 -05:00,2023-07-30 16:30:00.0000000 -05:00,Sisu Youth Services
124922538,8/18/23,Completed,Attendee,August Volunteer Orientation ,Training,8/24/23,2023-08-24 19:00:00.0000000 -05:00,2023-08-24 20:30:00.0000000 -05:00,Sisu Youth Services
124922601,7/18/23,Sched-Web,Volunteer,Volunteer Paint Party at NEW Sisu HQ,Group Volunteer,7/23/23,2023-07-23 11:30:00.0000000 -05:00,2023-07-23 14:30:00.0000000 -05:00,Sisu Youth Services
124922602,7/18/23,Sched-Web,Volunteer,Volunteer Paint Party at NEW Sisu HQ,Group Volunteer,7/23/23,2023-07-23 11:30:00.0000000 -05:00,2023-07-23 14:30:00.0000000 -05:00,Sisu Youth Services
124925488,7/18/23,Completed,Volunteer,July Meal Train ,Meal Train,7/14/23,2023-07-14 16:00:00.0000000 -04:00,2023-07-14 18:30:00.0000000 -04:00,Sisu Youth Services
124925488,8/3/23,Confirmed,Volunteer,August Meal Train ,Meal Train,8/11/23,2023-08-11 16:30:00.0000000 -04:00,2023-08-11 18:00:00.0000000 -04:00,Sisu Youth Services
124925488,7/16/24,Completed,Volunteer,June Meal Train,Meal Train,6/19/24,2024-06-19 17:00:00.0000000 -05:00,2024-06-19 19:30:00.0000000 -05:00,Sisu Youth Services
124925488,8/19/24,Completed,Volunteer,Meal Train,Meal Train,8/24/24,2024-08-24 16:30:00.0000000 -05:00,2024-08-24 19:30:00.0000000 -05:00,Sisu Youth Services
124925488,11/21/24,Completed,Volunteer,Meal Train,Meal Train,11/15/24,2024-11-15 16:30:00.0000000 -06:00,2024-11-15 19:30:00.0000000 -06:00,Sisu Youth Services
124955098,7/19/23,Sched-Web,Volunteer,Volunteer Paint Party at NEW Sisu HQ,Group Volunteer,7/23/23,2023-07-23 11:30:00.0000000 -05:00,2023-07-23 14:30:00.0000000 -05:00,Sisu Youth Services
124955098,7/19/23,Sched-Web,Volunteer,Volunteer Paint Party at NEW Sisu HQ,Group Volunteer,7/23/23,2023-07-23 09:00:00.0000000 -05:00,2023-07-23 12:00:00.0000000 -05:00,Sisu Youth Services
124955098,7/19/23,Sched-Web,Volunteer,Volunteer Paint Party at NEW Sisu HQ,Group Volunteer,7/23/23,2023-07-23 14:00:00.0000000 -05:00,2023-07-23 17:00:00.0000000 -05:00,Sisu Youth Services
124955098,7/19/23,Sched-Web,Volunteer,Volunteer Paint Party at NEW Sisu HQ,Group Volunteer,7/23/23,2023-07-23 09:00:00.0000000 -05:00,2023-07-23 17:00:00.0000000 -05:00,Sisu Youth Services
124958343,7/19/23,Confirmed,Volunteer,July Meal Train ,Meal Train,7/19/23,2023-07-19 16:00:00.0000000 -04:00,2023-07-19 18:30:00.0000000 -04:00,Sisu Youth Services
125049184,7/21/23,Sched-Web,Volunteer,Volunteer Paint Party at NEW Sisu HQ,Group Volunteer,7/23/23,2023-07-23 11:30:00.0000000 -05:00,2023-07-23 14:30:00.0000000 -05:00,Sisu Youth Services
125049206,7/21/23,Sched-Web,Volunteer,Volunteer Paint Party at NEW Sisu HQ,Group Volunteer,7/23/23,2023-07-23 11:30:00.0000000 -05:00,2023-07-23 14:30:00.0000000 -05:00,Sisu Youth Services
125049259,7/21/23,Sched-Web,Volunteer,Volunteer Paint Party at NEW Sisu HQ,Group Volunteer,7/23/23,2023-07-23 11:30:00.0000000 -05:00,2023-07-23 14:30:00.0000000 -05:00,Sisu Youth Services
125049307,7/21/23,Sched-Web,Volunteer,Volunteer Paint Party at NEW Sisu HQ,Group Volunteer,7/29/23,2023-07-29 12:00:00.0000000 -05:00,2023-07-29 15:00:00.0000000 -05:00,Sisu Youth Services
125049380,7/21/23,Sched-Web,Volunteer,Volunteer Paint Party at NEW Sisu HQ,Group Volunteer,7/23/23,2023-07-23 11:30:00.0000000 -05:00,2023-07-23 14:30:00.0000000 -05:00,Sisu Youth Services
125049510,7/21/23,Sched-Web,Volunteer,Volunteer Paint Party at NEW Sisu HQ,Group Volunteer,7/29/23,2023-07-29 09:00:00.0000000 -05:00,2023-07-29 12:00:00.0000000 -05:00,Sisu Youth Services
125049532,7/21/23,Sched-Web,Volunteer,Volunteer Paint Party at NEW Sisu HQ,Group Volunteer,7/29/23,2023-07-29 12:00:00.0000000 -05:00,2023-07-29 15:00:00.0000000 -05:00,Sisu Youth Services
125055532,7/21/23,Sched-Web,Volunteer,Volunteer Paint Party at NEW Sisu HQ,Group Volunteer,7/29/23,2023-07-29 09:00:00.0000000 -05:00,2023-07-29 12:00:00.0000000 -05:00,Sisu Youth Services
125057841,7/22/23,Sched-Web,Volunteer,Volunteer Paint Party at NEW Sisu HQ,Group Volunteer,7/29/23,2023-07-29 12:00:00.0000000 -05:00,2023-07-29 15:00:00.0000000 -05:00,Sisu Youth Services
125057842,7/22/23,Sched-Web,Volunteer,Volunteer Paint Party at NEW Sisu HQ,Group Volunteer,7/29/23,2023-07-29 12:00:00.0000000 -05:00,2023-07-29 15:00:00.0000000 -05:00,Sisu Youth Services
125058112,7/22/23,Sched-Web,Volunteer,Volunteer Paint Party at NEW Sisu HQ,Group Volunteer,7/29/23,2023-07-29 12:00:00.0000000 -05:00,2023-07-29 15:00:00.0000000 -05:00,Sisu Youth Services
125058261,7/22/23,Sched-Web,Volunteer,Volunteer Paint Party at NEW Sisu HQ,Group Volunteer,7/29/23,2023-07-29 09:00:00.0000000 -05:00,2023-07-29 12:00:00.0000000 -05:00,Sisu Youth Services
125058398,7/22/23,Sched-Web,Volunteer,Volunteer Paint Party at NEW Sisu HQ,Group Volunteer,7/23/23,2023-07-23 11:30:00.0000000 -05:00,2023-07-23 14:30:00.0000000 -05:00,Sisu Youth Services
125058845,7/23/23,Sched-Web,Volunteer,Volunteer Paint Party at NEW Sisu HQ,Group Volunteer,7/29/23,2023-07-29 12:00:00.0000000 -05:00,2023-07-29 15:00:00.0000000 -05:00,Sisu Youth Services
125065766,7/24/23,Completed,Attendee,July Volunteer Orientation,Training,7/30/23,2023-07-30 15:00:00.0000000 -05:00,2023-07-30 16:30:00.0000000 -05:00,Sisu Youth Services
125170592,7/26/23,Sched-Web,Volunteer,Volunteer Paint Party at NEW Sisu HQ,Group Volunteer,7/29/23,2023-07-29 09:00:00.0000000 -05:00,2023-07-29 12:00:00.0000000 -05:00,Sisu Youth Services
125170592,2/15/23,Completed,Volunteer,Meal Train,Meal Train,1/29/23,2023-01-29 17:00:00.0000000 -05:00,2023-01-29 18:00:00.0000000 -05:00,Sisu Youth Services
125170592,12/26/23,Completed,Volunteer,Dec Meal Train,Meal Train,12/27/23,2023-12-27 16:00:00.0000000 -06:00,2023-12-27 17:30:00.0000000 -06:00,Sisu Youth Services
125246149,7/28/23,Confirmed,Volunteer,July Meal Train ,Meal Train,7/26/23,2023-07-26 16:00:00.0000000 -04:00,2023-07-26 18:30:00.0000000 -04:00,Sisu Youth Services
125246181,7/28/23,Sched-Web,Volunteer,Volunteer Paint Party at NEW Sisu HQ,Group Volunteer,7/29/23,2023-07-29 09:00:00.0000000 -05:00,2023-07-29 12:00:00.0000000 -05:00,Sisu Youth Services
125246356,7/28/23,Sched-Web,Volunteer,Volunteer Paint Party at NEW Sisu HQ,Group Volunteer,7/29/23,2023-07-29 12:00:00.0000000 -05:00,2023-07-29 15:00:00.0000000 -05:00,Sisu Youth Services
125246357,7/28/23,Sched-Web,Volunteer,Volunteer Paint Party at NEW Sisu HQ,Group Volunteer,7/29/23,2023-07-29 12:00:00.0000000 -05:00,2023-07-29 15:00:00.0000000 -05:00,Sisu Youth Services
125247604,7/29/23,Sched-Web,Volunteer,Volunteer Paint Party at NEW Sisu HQ,Group Volunteer,7/29/23,2023-07-29 12:00:00.0000000 -05:00,2023-07-29 15:00:00.0000000 -05:00,Sisu Youth Services
125259269,7/29/23,Completed,Attendee,July Volunteer Orientation,Training,7/30/23,2023-07-30 15:00:00.0000000 -05:00,2023-07-30 16:30:00.0000000 -05:00,Sisu Youth Services
125259269,8/21/23,Completed,Organizer,Volunteer Training ,Training,8/29/23,2023-08-29 19:00:00.0000000 -04:00,2023-08-29 20:30:00.0000000 -04:00,Sisu Youth Services
125259286,7/29/23,Completed,Attendee,July Volunteer Orientation,Training,7/30/23,2023-07-30 15:00:00.0000000 -05:00,2023-07-30 16:30:00.0000000 -05:00,Sisu Youth Services
125644309,8/1/23,Completed,Volunteer,August Meal Train ,Meal Train,8/2/23,2023-08-02 16:30:00.0000000 -04:00,2023-08-02 18:00:00.0000000 -04:00,Sisu Youth Services
126114541,8/8/23,Completed,Volunteer,August Meal Train ,Meal Train,8/20/23,2023-08-20 16:30:00.0000000 -04:00,2023-08-20 18:00:00.0000000 -04:00,Sisu Youth Services
126114541,4/17/25,Completed,Volunteer,Meal Train,Meal Train,4/19/25,2025-04-19 16:00:00.0000000 -05:00,2025-04-19 19:00:00.0000000 -05:00,Sisu Youth Services
126226385,8/14/23,Cancelled,Attendee,August Volunteer Orientation ,Training,8/24/23,2023-08-24 19:00:00.0000000 -05:00,2023-08-24 20:30:00.0000000 -05:00,Sisu Youth Services
126260673,4/2/24,Completed,Volunteer,March Meal Train,Meal Train,3/24/24,2024-03-24 16:30:00.0000000 -06:00,2024-03-24 18:00:00.0000000 -06:00,Sisu Youth Services
126260673,10/23/24,Completed,Volunteer,Meal Train,Meal Train,10/22/24,2024-10-22 16:30:00.0000000 -05:00,2024-10-22 19:30:00.0000000 -05:00,Sisu Youth Services
126303409,8/21/23,Completed,Attendee,August Volunteer Orientation ,Training,8/24/23,2023-08-24 19:00:00.0000000 -05:00,2023-08-24 20:30:00.0000000 -05:00,Sisu Youth Services
126304957,8/21/23,Completed,Attendee,August Volunteer Orientation ,Training,8/24/23,2023-08-24 19:00:00.0000000 -05:00,2023-08-24 20:30:00.0000000 -05:00,Sisu Youth Services
126304957,10/30/23,No Show,Volunteer,November Meal Train ,Meal Train,11/8/23,2023-11-08 16:00:00.0000000 -06:00,2023-11-08 18:00:00.0000000 -06:00,Sisu Youth Services
126313980,8/21/23,No Show,Attendee,August Volunteer Orientation ,Training,8/24/23,2023-08-24 19:00:00.0000000 -05:00,2023-08-24 20:30:00.0000000 -05:00,Sisu Youth Services
126424185,8/24/23,Cancelled,Attendee,August Volunteer Orientation ,Training,8/24/23,2023-08-24 19:00:00.0000000 -05:00,2023-08-24 20:30:00.0000000 -05:00,Sisu Youth Services
126424185,8/29/23,Sched-Web,Attendee,September Volunteer Orientation,Training,9/10/23,2023-09-10 15:00:00.0000000 -05:00,2023-09-10 16:30:00.0000000 -05:00,Sisu Youth Services
126424185,12/1/23,Sched-Web,Attendee,Volunteer Refresher,Training,12/2/23,2023-12-02 14:00:00.0000000 -06:00,2023-12-02 16:00:00.0000000 -06:00,Sisu Youth Services
126424185,2/5/24,Completed,Volunteer,February Shelter Shift ,Shelter Shift,2/4/24,2024-02-04 19:00:00.0000000 -06:00,2024-02-04 22:00:00.0000000 -06:00,Sisu Youth Services
126453684,8/25/23,Cancelled,Attendee,August Volunteer Orientation ,Training,8/24/23,2023-08-24 19:00:00.0000000 -05:00,2023-08-24 20:30:00.0000000 -05:00,Sisu Youth Services
126626168,9/4/23,No Show,Attendee,September Volunteer Orientation,Training,9/10/23,2023-09-10 15:00:00.0000000 -05:00,2023-09-10 16:30:00.0000000 -05:00,Sisu Youth Services
126654592,9/5/23,Sched-Web,Attendee,September Volunteer Orientation,Training,9/10/23,2023-09-10 15:00:00.0000000 -05:00,2023-09-10 16:30:00.0000000 -05:00,Sisu Youth Services
126654597,9/19/23,Completed,Volunteer,Sept Meal Train ,Meal Train,9/6/23,2023-09-06 16:30:00.0000000 -05:00,2023-09-06 18:30:00.0000000 -05:00,Sisu Youth Services
126709380,9/9/23,Completed,Attendee,September Volunteer Orientation,Training,9/10/23,2023-09-10 15:00:00.0000000 -05:00,2023-09-10 16:30:00.0000000 -05:00,Sisu Youth Services
126709380,10/3/23,Confirmed,Organizer,Volunteer Training (Orientation Pt 2 - Boundaries),Training,10/3/23,2023-10-03 17:00:00.0000000 -04:00,2023-10-03 18:00:00.0000000 -04:00,Sisu Youth Services
126709380,9/20/24,Completed,Volunteer,Trunk or Treat ,Group Volunteer,10/25/24,2024-10-25 18:00:00.0000000 -05:00,2024-10-25 20:00:00.0000000 -05:00,Sisu Youth Services
126709380,8/5/24,Completed,Volunteer,Shelter Shifts,Shelter Shift,8/4/24,2024-08-04 19:00:00.0000000 -04:00,2024-08-04 22:00:00.0000000 -04:00,Sisu Youth Services
126709380,9/20/24,Completed,Volunteer,Shelter Shifts,Shelter Shift,9/15/24,2024-09-15 16:00:00.0000000 -04:00,2024-09-15 19:00:00.0000000 -04:00,Sisu Youth Services
126714720,4/10/24,Completed,Volunteer,Yoga PYD,PYD,2/7/24,2024-02-07 17:00:00.0000000 -05:00,2024-02-07 18:00:00.0000000 -05:00,Sisu Youth Services
126714720,4/10/24,Completed,Volunteer,Yoga PYD,PYD,3/6/24,2024-03-06 17:00:00.0000000 -05:00,2024-03-06 18:00:00.0000000 -05:00,Sisu Youth Services
126714720,4/10/24,Completed,Volunteer,Yoga PYD,PYD,4/3/24,2024-04-03 17:00:00.0000000 -04:00,2024-04-03 18:00:00.0000000 -04:00,Sisu Youth Services
126714720,5/1/24,Completed,Volunteer,Yoga PYD,PYD,5/1/24,2024-05-01 17:00:00.0000000 -04:00,2024-05-01 18:00:00.0000000 -04:00,Sisu Youth Services
126941113,11/2/23,Sched-Web,Volunteer,Sisu Packing Party ,Group Volunteer,11/12/23,2023-11-12 15:00:00.0000000 -06:00,2023-11-12 18:00:00.0000000 -06:00,Sisu Youth Services
126941113,1/21/25,Completed,Data Entry,Sammies with Sisu,Vol Recruitment,1/21/25,2025-01-21 12:00:00.0000000 -06:00,2025-01-21 13:00:00.0000000 -06:00,
126950454,11/8/23,Sched-Web,Volunteer,November Meal Train ,Meal Train,11/26/23,2023-11-26 16:00:00.0000000 -06:00,2023-11-26 18:00:00.0000000 -06:00,Sisu Youth Services
126950454,12/14/23,Completed,Volunteer,Dec Meal Train,Meal Train,12/14/23,2023-12-14 16:00:00.0000000 -06:00,2023-12-14 17:30:00.0000000 -06:00,Sisu Youth Services
126950454,7/16/24,Completed,Volunteer,June Meal Train,Meal Train,6/26/24,2024-06-26 17:00:00.0000000 -05:00,2024-06-26 19:30:00.0000000 -05:00,Sisu Youth Services
126950454,5/7/24,Completed,Volunteer,May Meal Train,Meal Train,5/26/24,2024-05-26 16:00:00.0000000 -05:00,2024-05-26 19:00:00.0000000 -05:00,Sisu Youth Services
126950454,9/2/24,Completed,Volunteer,Meal Train,Meal Train,9/29/24,2024-09-29 16:30:00.0000000 -05:00,2024-09-29 19:30:00.0000000 -05:00,Sisu Youth Services
126950454,1/1/25,Completed,Volunteer,Meal Train,Meal Train,11/24/24,2024-11-24 16:30:00.0000000 -06:00,2024-11-24 19:30:00.0000000 -06:00,Sisu Youth Services
126950454,10/29/24,Completed,Volunteer,Meal Train,Meal Train,10/28/24,2024-10-28 16:30:00.0000000 -05:00,2024-10-28 19:30:00.0000000 -05:00,Sisu Youth Services
126950454,1/1/25,Completed,Volunteer,Meal Train,Meal Train,12/30/24,2024-12-30 16:30:00.0000000 -06:00,2024-12-30 19:30:00.0000000 -06:00,Sisu Youth Services
126950454,9/2/24,Completed,Volunteer,Meal Train,Meal Train,9/1/24,2024-09-01 16:30:00.0000000 -05:00,2024-09-01 19:30:00.0000000 -05:00,Sisu Youth Services
126950454,8/14/24,Completed,Volunteer,Meal Train,Meal Train,7/24/24,2024-07-24 16:30:00.0000000 -05:00,2024-07-24 19:30:00.0000000 -05:00,Sisu Youth Services
127484613,3/13/24,Completed,Attendee,Welcome Home Team Volunteer Meeting,Training,3/20/24,2024-03-20 18:00:00.0000000 -05:00,2024-03-20 19:00:00.0000000 -05:00,
127484689,2/15/23,Completed,Volunteer,Meal Train,Meal Train,1/14/23,2023-01-14 17:00:00.0000000 -05:00,2023-01-14 18:00:00.0000000 -05:00,Sisu Youth Services
127484689,5/12/23,Completed,Volunteer,May Meal Train,Meal Train,5/11/23,2023-05-11 17:00:00.0000000 -04:00,2023-05-11 18:00:00.0000000 -04:00,Sisu Youth Services
127484689,12/20/23,Completed,Volunteer,Dec Meal Train,Meal Train,12/20/23,2023-12-20 16:00:00.0000000 -06:00,2023-12-20 17:30:00.0000000 -06:00,Sisu Youth Services
127629247,10/3/23,Completed,Volunteer,October Shelter Shift ,Shelter Shift,10/3/23,2023-10-03 14:00:00.0000000 -05:00,2023-10-03 17:00:00.0000000 -05:00,Sisu Youth Services
127629247,10/3/23,Completed,Organizer,Volunteer Training (Orientation Pt 2 - Boundaries),Training,10/3/23,2023-10-03 17:00:00.0000000 -04:00,2023-10-03 18:00:00.0000000 -04:00,Sisu Youth Services
127629247,10/3/23,Confirmed,Organizer,September Volunteer Orientation,Training,9/10/23,2023-09-10 15:00:00.0000000 -05:00,2023-09-10 16:30:00.0000000 -05:00,Sisu Youth Services
127732415,10/13/23,Sched-Web,Volunteer,UCO Student Volunteer Day ,Group Volunteer,10/13/23,2023-10-13 09:00:00.0000000 -05:00,2023-10-13 16:00:00.0000000 -05:00,Sisu Youth Services
127732416,10/13/23,Sched-Web,Volunteer,UCO Student Volunteer Day ,Group Volunteer,10/13/23,2023-10-13 09:00:00.0000000 -05:00,2023-10-13 16:00:00.0000000 -05:00,Sisu Youth Services
127732417,10/13/23,Sched-Web,Volunteer,UCO Student Volunteer Day ,Group Volunteer,10/13/23,2023-10-13 09:00:00.0000000 -05:00,2023-10-13 16:00:00.0000000 -05:00,Sisu Youth Services
127732418,10/13/23,Sched-Web,Volunteer,UCO Student Volunteer Day ,Group Volunteer,10/13/23,2023-10-13 09:00:00.0000000 -05:00,2023-10-13 16:00:00.0000000 -05:00,Sisu Youth Services
127732419,10/13/23,Sched-Web,Volunteer,UCO Student Volunteer Day ,Group Volunteer,10/13/23,2023-10-13 09:00:00.0000000 -05:00,2023-10-13 16:00:00.0000000 -05:00,Sisu Youth Services
127732424,10/13/23,Sched-Web,Volunteer,UCO Student Volunteer Day ,Group Volunteer,10/13/23,2023-10-13 09:00:00.0000000 -05:00,2023-10-13 16:00:00.0000000 -05:00,Sisu Youth Services
127732425,10/13/23,Sched-Web,Volunteer,UCO Student Volunteer Day ,Group Volunteer,10/13/23,2023-10-13 09:00:00.0000000 -05:00,2023-10-13 16:00:00.0000000 -05:00,Sisu Youth Services
127732426,10/13/23,Sched-Web,Volunteer,UCO Student Volunteer Day ,Group Volunteer,10/13/23,2023-10-13 09:00:00.0000000 -05:00,2023-10-13 16:00:00.0000000 -05:00,Sisu Youth Services
127787553,1/20/25,Completed,Volunteer,Meal Train,Meal Train,1/17/25,2025-01-17 16:00:00.0000000 -06:00,2025-01-17 19:00:00.0000000 -06:00,Sisu Youth Services
127881519,2/13/25,Completed,Volunteer,Meal Train,Meal Train,2/14/25,2025-02-14 16:00:00.0000000 -06:00,2025-02-14 19:00:00.0000000 -06:00,Sisu Youth Services
127881519,10/23/23,Confirmed,Volunteer,Oct Meal Train ,Meal Train,10/26/23,2023-10-26 16:30:00.0000000 -05:00,2023-10-26 18:00:00.0000000 -05:00,Sisu Youth Services
127881519,12/20/23,Completed,Volunteer,Dec Meal Train,Meal Train,12/25/23,2023-12-25 16:00:00.0000000 -06:00,2023-12-25 17:30:00.0000000 -06:00,Sisu Youth Services
127887885,10/25/23,Sched-Web,Volunteer,Sisu Packing Party ,Group Volunteer,11/12/23,2023-11-12 12:00:00.0000000 -06:00,2023-11-12 15:00:00.0000000 -06:00,Sisu Youth Services
127887885,10/25/23,Sched-Web,Volunteer,Sisu Packing Party ,Group Volunteer,11/11/23,2023-11-11 12:00:00.0000000 -05:00,2023-11-11 15:00:00.0000000 -05:00,Sisu Youth Services
127889925,10/30/23,Sched-Web,Volunteer,November Meal Train ,Meal Train,11/3/23,2023-11-03 16:00:00.0000000 -05:00,2023-11-03 18:00:00.0000000 -05:00,Sisu Youth Services
127889925,12/26/23,Completed,Volunteer,Dec Meal Train,Meal Train,12/29/23,2023-12-29 16:00:00.0000000 -06:00,2023-12-29 17:30:00.0000000 -06:00,Sisu Youth Services
127889925,2/27/24,Completed,Volunteer,March Meal Train,Meal Train,3/4/24,2024-03-04 16:30:00.0000000 -06:00,2024-03-04 18:00:00.0000000 -06:00,Sisu Youth Services
127889925,8/19/24,Completed,Volunteer,Meal Train,Meal Train,8/22/24,2024-08-22 16:30:00.0000000 -05:00,2024-08-22 19:30:00.0000000 -05:00,Sisu Youth Services
127889925,7/2/24,Completed,Volunteer,Meal Train,Meal Train,7/11/24,2024-07-11 16:30:00.0000000 -05:00,2024-07-11 19:30:00.0000000 -05:00,Sisu Youth Services
127889925,12/13/24,Completed,Volunteer,Meal Train,Meal Train,12/4/24,2024-12-04 16:30:00.0000000 -06:00,2024-12-04 19:30:00.0000000 -06:00,Sisu Youth Services
127889925,12/13/24,Completed,Volunteer,Meal Train,Meal Train,11/6/24,2024-11-06 16:30:00.0000000 -06:00,2024-11-06 19:30:00.0000000 -06:00,Sisu Youth Services
127889925,9/30/24,Completed,Volunteer,Meal Train,Meal Train,9/27/24,2024-09-27 16:30:00.0000000 -05:00,2024-09-27 19:30:00.0000000 -05:00,Sisu Youth Services
127889925,5/7/24,Completed,Volunteer,May Meal Train,Meal Train,5/22/24,2024-05-22 16:00:00.0000000 -05:00,2024-05-22 19:00:00.0000000 -05:00,Sisu Youth Services
127889925,6/7/24,Completed,Volunteer,June Meal Train,Meal Train,6/17/24,2024-06-17 17:00:00.0000000 -05:00,2024-06-17 19:30:00.0000000 -05:00,Sisu Youth Services
127889925,5/7/24,Completed,Volunteer,May Meal Train,Meal Train,5/4/24,2024-05-04 16:00:00.0000000 -05:00,2024-05-04 19:00:00.0000000 -05:00,Sisu Youth Services
127889925,5/3/24,No Show,Volunteer,April Meal Train,Meal Train,4/17/24,2024-04-17 16:00:00.0000000 -05:00,2024-04-17 18:30:00.0000000 -05:00,Sisu Youth Services
127889925,5/29/25,Completed,Volunteer,Meal Train,Meal Train,5/26/25,2025-05-26 16:00:00.0000000 -05:00,2025-05-26 19:00:00.0000000 -05:00,Sisu Youth Services
127889925,6/26/25,Completed,Volunteer,Meal Train,Meal Train,6/26/25,2025-06-26 16:00:00.0000000 -05:00,2025-06-26 19:00:00.0000000 -05:00,Sisu Youth Services
127889947,11/8/23,Sched-Web,Volunteer,November Meal Train ,Meal Train,11/24/23,2023-11-24 16:00:00.0000000 -06:00,2023-11-24 18:00:00.0000000 -06:00,Sisu Youth Services
127909698,10/30/23,Completed,Volunteer,November Meal Train ,Meal Train,11/1/23,2023-11-01 16:00:00.0000000 -05:00,2023-11-01 18:00:00.0000000 -05:00,Sisu Youth Services
127938737,4/2/24,Completed,Volunteer,Birthday Party,PYD,3/29/24,2024-03-29 16:00:00.0000000 -05:00,2024-03-29 18:00:00.0000000 -05:00,Sisu Youth Services
127970978,11/3/23,Sched-Web,Volunteer,Sisu Packing Party ,Group Volunteer,11/12/23,2023-11-12 12:00:00.0000000 -06:00,2023-11-12 15:00:00.0000000 -06:00,Sisu Youth Services
127984778,11/3/23,Sched-Web,Volunteer,Sisu Packing Party ,Group Volunteer,11/12/23,2023-11-12 15:00:00.0000000 -06:00,2023-11-12 18:00:00.0000000 -06:00,Sisu Youth Services
128104845,11/8/23,Completed,Volunteer,November Meal Train ,Meal Train,11/25/23,2023-11-25 16:00:00.0000000 -06:00,2023-11-25 18:00:00.0000000 -06:00,Sisu Youth Services
128104854,11/8/23,Sched-Web,Volunteer,November Meal Train ,Meal Train,11/17/23,2023-11-17 16:00:00.0000000 -06:00,2023-11-17 18:00:00.0000000 -06:00,Sisu Youth Services
128104862,11/8/23,Completed,Volunteer,November Meal Train ,Meal Train,11/18/23,2023-11-18 16:00:00.0000000 -06:00,2023-11-18 18:00:00.0000000 -06:00,Sisu Youth Services
128117800,11/11/23,Sched-Web,Volunteer,Sisu Packing Party ,Group Volunteer,11/12/23,2023-11-12 10:30:00.0000000 -06:00,2023-11-12 12:30:00.0000000 -06:00,Sisu Youth Services
128121978,1/30/24,Completed,Volunteer,January Meal Train,Meal Train,1/31/24,2024-01-31 16:30:00.0000000 -06:00,2024-01-31 18:00:00.0000000 -06:00,Sisu Youth Services
128121978,5/16/24,Completed,Volunteer,May Meal Train,Meal Train,5/20/24,2024-05-20 16:00:00.0000000 -05:00,2024-05-20 19:00:00.0000000 -05:00,Sisu Youth Services
128121978,2/13/25,Completed,Volunteer,Meal Train,Meal Train,10/14/24,2024-10-14 16:30:00.0000000 -05:00,2024-10-14 19:30:00.0000000 -05:00,Sisu Youth Services
128121978,8/1/24,Completed,Volunteer,Meal Train,Meal Train,7/26/24,2024-07-26 16:30:00.0000000 -05:00,2024-07-26 19:30:00.0000000 -05:00,Sisu Youth Services
128121978,8/1/24,Completed,Volunteer,Meal Train,Meal Train,8/1/24,2024-08-01 16:30:00.0000000 -05:00,2024-08-01 19:30:00.0000000 -05:00,Sisu Youth Services
128121978,6/26/25,Completed,Volunteer,Meal Train,Meal Train,6/28/25,2025-06-28 16:00:00.0000000 -05:00,2025-06-28 19:00:00.0000000 -05:00,Sisu Youth Services
128121978,2/13/25,Completed,Volunteer,Meal Train,Meal Train,2/5/25,2025-02-05 16:00:00.0000000 -06:00,2025-02-05 19:00:00.0000000 -06:00,Sisu Youth Services
128121978,3/10/25,Completed,Volunteer,Meal Train,Meal Train,3/5/25,2025-03-05 16:00:00.0000000 -06:00,2025-03-05 19:00:00.0000000 -06:00,Sisu Youth Services
128122078,7/2/24,Completed,Volunteer,Meal Train,Meal Train,7/27/24,2024-07-27 16:30:00.0000000 -05:00,2024-07-27 19:30:00.0000000 -05:00,Sisu Youth Services
128122078,5/16/24,Completed,Volunteer,May Meal Train,Meal Train,5/18/24,2024-05-18 16:00:00.0000000 -05:00,2024-05-18 19:00:00.0000000 -05:00,Sisu Youth Services
128122078,10/6/23,Sched-Web,Volunteer,Oct Meal Train ,Meal Train,10/29/23,2023-10-29 16:30:00.0000000 -05:00,2023-10-29 18:00:00.0000000 -05:00,Sisu Youth Services
128122078,5/3/24,Completed,Volunteer,April Meal Train,Meal Train,4/15/24,2024-04-15 16:00:00.0000000 -05:00,2024-04-15 18:30:00.0000000 -05:00,Sisu Youth Services
128122078,2/27/24,Completed,Volunteer,March Meal Train,Meal Train,3/8/24,2024-03-08 16:30:00.0000000 -06:00,2024-03-08 18:00:00.0000000 -06:00,Sisu Youth Services
128122078,9/5/23,Sched-Web,Volunteer,Sept Meal Train ,Meal Train,9/9/23,2023-09-09 16:30:00.0000000 -05:00,2023-09-09 18:30:00.0000000 -05:00,Sisu Youth Services
128122079,12/19/24,Completed,Volunteer,Sisu Santa Squad,Group Volunteer,12/17/24,2024-12-17 17:00:00.0000000 -05:00,2024-12-17 19:00:00.0000000 -05:00,
128122079,4/17/25,Completed,Volunteer,Meal Train,Meal Train,3/27/25,2025-03-27 16:00:00.0000000 -05:00,2025-03-27 19:00:00.0000000 -05:00,Sisu Youth Services
128122131,3/10/25,Completed,Volunteer,Meal Train,Meal Train,3/23/25,2025-03-23 16:00:00.0000000 -05:00,2025-03-23 19:00:00.0000000 -05:00,Sisu Youth Services
128122131,10/6/23,Sched-Web,Volunteer,Sept Meal Train ,Meal Train,9/22/23,2023-09-22 16:30:00.0000000 -05:00,2023-09-22 18:30:00.0000000 -05:00,Sisu Youth Services
128122131,3/7/24,Completed,Volunteer,March Meal Train,Meal Train,3/30/24,2024-03-30 16:30:00.0000000 -06:00,2024-03-30 18:00:00.0000000 -06:00,Sisu Youth Services
128122131,2/15/24,Completed,Volunteer,February Meal Train,Meal Train,2/25/24,2024-02-25 16:00:00.0000000 -06:00,2024-02-25 17:30:00.0000000 -06:00,Sisu Youth Services
128122131,5/3/24,Completed,Volunteer,April Meal Train,Meal Train,4/21/24,2024-04-21 16:00:00.0000000 -05:00,2024-04-21 18:30:00.0000000 -05:00,Sisu Youth Services
128122131,10/6/23,Sched-Web,Volunteer,Oct Meal Train ,Meal Train,10/22/23,2023-10-22 16:30:00.0000000 -05:00,2023-10-22 18:00:00.0000000 -05:00,Sisu Youth Services
128122131,11/8/23,Sched-Web,Volunteer,November Meal Train ,Meal Train,11/19/23,2023-11-19 16:00:00.0000000 -06:00,2023-11-19 18:00:00.0000000 -06:00,Sisu Youth Services
128122131,1/4/24,Completed,Volunteer,January Meal Train,Meal Train,1/21/24,2024-01-21 16:30:00.0000000 -06:00,2024-01-21 18:00:00.0000000 -06:00,Sisu Youth Services
128122131,12/14/23,Completed,Volunteer,Dec Meal Train,Meal Train,12/17/23,2023-12-17 16:00:00.0000000 -06:00,2023-12-17 17:30:00.0000000 -06:00,Sisu Youth Services
128122131,5/7/24,Completed,Volunteer,May Meal Train,Meal Train,5/10/24,2024-05-10 16:00:00.0000000 -05:00,2024-05-10 19:00:00.0000000 -05:00,Sisu Youth Services
128122131,6/7/24,Completed,Volunteer,June Meal Train,Meal Train,6/15/24,2024-06-15 17:00:00.0000000 -05:00,2024-06-15 19:30:00.0000000 -05:00,Sisu Youth Services
128122131,8/28/24,Completed,Volunteer,Meal Train,Meal Train,8/25/24,2024-08-25 16:30:00.0000000 -05:00,2024-08-25 19:30:00.0000000 -05:00,Sisu Youth Services
128122131,7/2/24,Completed,Volunteer,Meal Train,Meal Train,7/7/24,2024-07-07 16:30:00.0000000 -05:00,2024-07-07 19:30:00.0000000 -05:00,Sisu Youth Services
128122131,9/30/24,Completed,Volunteer,Meal Train,Meal Train,9/26/24,2024-09-26 16:30:00.0000000 -05:00,2024-09-26 19:30:00.0000000 -05:00,Sisu Youth Services
128122135,2/13/24,Completed,Volunteer,August Meal Train ,Meal Train,8/6/23,2023-08-06 16:30:00.0000000 -04:00,2023-08-06 18:00:00.0000000 -04:00,Sisu Youth Services
128122137,7/18/23,Completed,Volunteer,July Meal Train ,Meal Train,7/16/23,2023-07-16 16:00:00.0000000 -04:00,2023-07-16 18:30:00.0000000 -04:00,Sisu Youth Services
128122137,9/6/23,Sched-Web,Volunteer,Sept Meal Train ,Meal Train,9/24/23,2023-09-24 16:30:00.0000000 -05:00,2023-09-24 18:30:00.0000000 -05:00,Sisu Youth Services
128122137,5/3/23,Completed,Volunteer,April Meal Train ,Meal Train,4/15/23,2023-04-15 17:00:00.0000000 -04:00,2023-04-15 18:00:00.0000000 -04:00,Sisu Youth Services
128122137,7/14/23,Sched-Web,Volunteer,Volunteer Paint Party at NEW Sisu HQ,Group Volunteer,7/23/23,2023-07-23 09:00:00.0000000 -05:00,2023-07-23 12:00:00.0000000 -05:00,Sisu Youth Services
128122137,4/4/23,Completed,Volunteer,Meal Train,Meal Train,3/26/23,2023-03-26 17:00:00.0000000 -04:00,2023-03-26 18:00:00.0000000 -04:00,Sisu Youth Services
128122138,7/28/23,Confirmed,Volunteer,July Meal Train ,Meal Train,7/27/23,2023-07-27 16:00:00.0000000 -04:00,2023-07-27 18:30:00.0000000 -04:00,Sisu Youth Services
128124236,4/4/23,Completed,Volunteer,Meal Train,Meal Train,3/24/23,2023-03-24 17:00:00.0000000 -04:00,2023-03-24 18:00:00.0000000 -04:00,Sisu Youth Services
128124236,8/16/23,Sched-Web,Volunteer,June May Train ,Meal Train,6/2/23,2023-06-02 17:00:00.0000000 -04:00,2023-06-02 18:00:00.0000000 -04:00,Sisu Youth Services
128124236,2/15/23,Completed,Volunteer,Meal Train,Meal Train,1/11/23,2023-01-11 17:00:00.0000000 -05:00,2023-01-11 18:00:00.0000000 -05:00,Sisu Youth Services
128124236,3/10/23,Completed,Volunteer,Meal Train,Meal Train,2/19/23,2023-02-19 17:00:00.0000000 -05:00,2023-02-19 18:00:00.0000000 -05:00,Sisu Youth Services
128124236,1/7/25,Completed,Volunteer,Meal Train,Meal Train,7/2/24,2024-07-02 16:30:00.0000000 -05:00,2024-07-02 19:30:00.0000000 -05:00,Sisu Youth Services
128124236,5/7/24,Completed,Volunteer,May Meal Train,Meal Train,5/17/24,2024-05-17 16:00:00.0000000 -05:00,2024-05-17 19:00:00.0000000 -05:00,Sisu Youth Services
128124236,1/30/24,Completed,Volunteer,February Meal Train,Meal Train,2/3/24,2024-02-03 16:00:00.0000000 -06:00,2024-02-03 17:30:00.0000000 -06:00,Sisu Youth Services
128125753,4/29/25,Completed,Volunteer,Shelter Shift ,Shelter Shift,3/6/25,2025-03-06 17:30:00.0000000 -06:00,2025-03-06 19:30:00.0000000 -06:00,Sisu Youth Services
128125753,4/29/25,Completed,Volunteer,Shelter Shift ,Shelter Shift,4/3/25,2025-04-03 17:30:00.0000000 -05:00,2025-04-03 19:30:00.0000000 -05:00,Sisu Youth Services
128125753,10/24/24,Completed,Volunteer,Shelter Shifts,Shelter Shift,10/23/24,2024-10-23 17:30:00.0000000 -04:00,2024-10-23 19:30:00.0000000 -04:00,Sisu Youth Services
128125753,5/29/25,Completed,Volunteer,Shelter Shift ,Shelter Shift,5/1/25,2025-05-01 17:30:00.0000000 -05:00,2025-05-01 19:30:00.0000000 -05:00,Sisu Youth Services
128605979,12/13/23,Confirmed,Volunteer,Dec Meal Train,Meal Train,12/25/23,2023-12-25 16:00:00.0000000 -06:00,2023-12-25 17:30:00.0000000 -06:00,Sisu Youth Services
128605979,12/13/23,Completed,Volunteer,Shelter Shift December ,Shelter Shift,12/18/23,2023-12-18 16:00:00.0000000 -06:00,2023-12-18 19:00:00.0000000 -06:00,Sisu Youth Services
128605979,11/21/23,Completed,Attendee,Volunteer Refresher,Training,12/2/23,2023-12-02 14:00:00.0000000 -06:00,2023-12-02 16:00:00.0000000 -06:00,
128626934,4/4/23,Completed,Attendee,February Volunteer Training,Training,2/26/23,2023-02-26 15:30:00.0000000 -05:00,2023-02-26 17:00:00.0000000 -05:00,
128626934,11/23/23,Sched-Web,Attendee,Volunteer Refresher,Training,12/2/23,2023-12-02 14:00:00.0000000 -06:00,2023-12-02 16:00:00.0000000 -06:00,Sisu Youth Services
128664789,1/18/24,Completed,Volunteer,January Meal Train,Meal Train,1/22/24,2024-01-22 16:30:00.0000000 -06:00,2024-01-22 18:00:00.0000000 -06:00,Sisu Youth Services
128664789,5/7/24,Completed,Volunteer,May Meal Train,Meal Train,5/9/24,2024-05-09 16:00:00.0000000 -05:00,2024-05-09 19:00:00.0000000 -05:00,Sisu Youth Services
128682560,6/13/24,Completed,Volunteer,June Meal Train,Meal Train,6/28/24,2024-06-28 17:00:00.0000000 -05:00,2024-06-28 19:30:00.0000000 -05:00,Sisu Youth Services
128682560,12/14/23,Completed,Volunteer,Dec Meal Train,Meal Train,12/18/23,2023-12-18 16:00:00.0000000 -06:00,2023-12-18 17:30:00.0000000 -06:00,Sisu Youth Services
128701021,12/6/23,Completed,Attendee,Volunteer Refresher ,Training,1/6/24,2024-01-06 14:00:00.0000000 -06:00,2024-01-06 16:00:00.0000000 -06:00,Sisu Youth Services
128701421,2/27/25,Completed,Volunteer,PYD Workshop,PYD,2/15/25,2025-02-15 16:00:00.0000000 -06:00,2025-02-15 18:00:00.0000000 -06:00,Sisu Youth Services
128701421,4/29/25,Completed,Volunteer,PYD Workshop,PYD,3/1/25,2025-03-01 16:00:00.0000000 -06:00,2025-03-01 18:00:00.0000000 -06:00,Sisu Youth Services
128701421,1/20/25,Completed,Volunteer,PYD Workshop,PYD,1/18/25,2025-01-18 16:00:00.0000000 -06:00,2025-01-18 18:00:00.0000000 -06:00,Sisu Youth Services
128701421,5/29/25,Completed,Volunteer,PYD Workshop,PYD,5/25/25,2025-05-25 16:00:00.0000000 -05:00,2025-05-25 18:00:00.0000000 -05:00,Sisu Youth Services
128701421,6/26/25,Completed,Volunteer,PYD Workshop,PYD,6/7/25,2025-06-07 16:00:00.0000000 -05:00,2025-06-07 18:00:00.0000000 -05:00,Sisu Youth Services
128701421,12/4/25,Completed,Volunteer,PYD Workshop,PYD,7/5/25,2025-07-05 16:00:00.0000000 -05:00,2025-07-05 18:00:00.0000000 -05:00,Sisu Youth Services
128701421,12/4/25,Completed,Volunteer,PYD Workshop,PYD,8/2/25,2025-08-02 16:00:00.0000000 -05:00,2025-08-02 18:00:00.0000000 -05:00,Sisu Youth Services
128701421,12/4/25,Completed,Volunteer,PYD Workshop,PYD,8/30/25,2025-08-30 16:00:00.0000000 -05:00,2025-08-30 18:00:00.0000000 -05:00,Sisu Youth Services
128701421,4/29/25,Completed,Volunteer,PYD Workshop,PYD,4/12/25,2025-04-12 16:00:00.0000000 -05:00,2025-04-12 18:00:00.0000000 -05:00,Sisu Youth Services
128701421,12/4/25,Completed,Volunteer,PYD Workshop,PYD,10/11/25,2025-10-11 16:00:00.0000000 -05:00,2025-10-11 18:00:00.0000000 -05:00,Sisu Youth Services
128701421,12/4/25,Completed,Volunteer,PYD Workshop,PYD,9/13/25,2025-09-13 16:00:00.0000000 -05:00,2025-09-13 18:00:00.0000000 -05:00,Sisu Youth Services
128701421,12/4/25,Completed,Volunteer,PYD Workshop,PYD,11/8/25,2025-11-08 16:00:00.0000000 -06:00,2025-11-08 18:00:00.0000000 -06:00,Sisu Youth Services
128701421,12/4/25,Completed,Volunteer,PYD Workshop,PYD,12/6/25,2025-12-06 16:00:00.0000000 -06:00,2025-12-06 18:00:00.0000000 -06:00,Sisu Youth Services
128712273,1/15/24,Completed,Volunteer,January Meal Train,Meal Train,1/20/24,2024-01-20 16:30:00.0000000 -06:00,2024-01-20 18:00:00.0000000 -06:00,Sisu Youth Services
129099339,1/31/24,Completed,Volunteer,January Shelter Shift,Shelter Shift,1/16/24,2024-01-16 17:30:00.0000000 -06:00,2024-01-16 19:30:00.0000000 -06:00,Sisu Youth Services
129099339,11/21/23,Sched-Web,Attendee,Volunteer Refresher,Training,12/2/23,2023-12-02 14:00:00.0000000 -06:00,2023-12-02 16:00:00.0000000 -06:00,
129115077,1/2/24,Completed,Volunteer,January Meal Train,Meal Train,1/4/24,2024-01-04 16:30:00.0000000 -06:00,2024-01-04 18:00:00.0000000 -06:00,Sisu Youth Services
129115077,1/2/24,Completed,Attendee,Volunteer Refresher ,Training,1/6/24,2024-01-06 14:00:00.0000000 -06:00,2024-01-06 16:00:00.0000000 -06:00,Sisu Youth Services
129115077,2/5/24,Completed,Volunteer,February Meal Train,Meal Train,2/4/24,2024-02-04 16:00:00.0000000 -06:00,2024-02-04 17:30:00.0000000 -06:00,Sisu Youth Services
129115077,1/30/24,Completed,Volunteer,January Shelter Shift,Shelter Shift,1/26/24,2024-01-26 19:00:00.0000000 -06:00,2024-01-26 22:00:00.0000000 -06:00,Sisu Youth Services
129115077,2/5/24,Completed,Volunteer,February Shelter Shift ,Shelter Shift,2/4/24,2024-02-04 17:30:00.0000000 -06:00,2024-02-04 19:30:00.0000000 -06:00,Sisu Youth Services
129115077,2/27/24,Completed,Volunteer,March Meal Train,Meal Train,3/7/24,2024-03-07 16:30:00.0000000 -06:00,2024-03-07 18:00:00.0000000 -06:00,Sisu Youth Services
129115077,4/2/24,Completed,Volunteer,April Meal Train,Meal Train,4/4/24,2024-04-04 16:00:00.0000000 -05:00,2024-04-04 18:30:00.0000000 -05:00,Sisu Youth Services
129115077,6/5/24,Completed,Volunteer,Birthday Party,PYD,5/31/24,2024-05-31 16:00:00.0000000 -05:00,2024-05-31 18:00:00.0000000 -05:00,Sisu Youth Services
129115077,5/3/24,Completed,Volunteer,April Meal Train,Meal Train,4/26/24,2024-04-26 16:00:00.0000000 -05:00,2024-04-26 18:30:00.0000000 -05:00,Sisu Youth Services
129115077,10/29/24,Completed,Volunteer,Trunk or Treat ,Group Volunteer,10/25/24,2024-10-25 18:00:00.0000000 -05:00,2024-10-25 20:00:00.0000000 -05:00,Sisu Youth Services
129115077,4/17/25,Completed,Volunteer,Shelter Shift ,Shelter Shift,4/3/25,2025-04-03 17:30:00.0000000 -05:00,2025-04-03 19:30:00.0000000 -05:00,Sisu Youth Services
129115077,4/29/25,Completed,Volunteer,Shelter Shift ,Shelter Shift,3/6/25,2025-03-06 17:30:00.0000000 -06:00,2025-03-06 19:30:00.0000000 -06:00,Sisu Youth Services
129115077,10/22/25,Sched-Web,Volunteer,Meal Train,Meal Train,11/6/25,2025-11-06 16:00:00.0000000 -06:00,2025-11-06 19:00:00.0000000 -06:00,Sisu Youth Services
129115077,10/22/25,Completed,Volunteer,Meal Train,Meal Train,10/2/25,2025-10-02 16:00:00.0000000 -05:00,2025-10-02 19:00:00.0000000 -05:00,Sisu Youth Services
129115077,10/22/25,Completed,Volunteer,Meal Train,Meal Train,9/4/25,2025-09-04 16:00:00.0000000 -05:00,2025-09-04 19:00:00.0000000 -05:00,Sisu Youth Services
129115077,1/14/26,Completed,Volunteer,Meal Train,Meal Train,12/4/25,2025-12-04 16:00:00.0000000 -06:00,2025-12-04 19:00:00.0000000 -06:00,Sisu Youth Services
129115077,3/10/25,Completed,Volunteer,Meal Train,Meal Train,3/6/25,2025-03-06 16:00:00.0000000 -06:00,2025-03-06 19:00:00.0000000 -06:00,Sisu Youth Services
129115077,4/17/25,Completed,Volunteer,Meal Train,Meal Train,4/3/25,2025-04-03 16:00:00.0000000 -05:00,2025-04-03 19:00:00.0000000 -05:00,Sisu Youth Services
129115077,2/13/25,Completed,Volunteer,Meal Train,Meal Train,2/6/25,2025-02-06 16:00:00.0000000 -06:00,2025-02-06 19:00:00.0000000 -06:00,Sisu Youth Services
129115077,8/18/25,Completed,Volunteer,Meal Train,Meal Train,8/7/25,2025-08-07 16:00:00.0000000 -05:00,2025-08-07 19:00:00.0000000 -05:00,Sisu Youth Services
129115077,8/18/25,Completed,Volunteer,Meal Train,Meal Train,7/3/25,2025-07-03 16:00:00.0000000 -05:00,2025-07-03 19:00:00.0000000 -05:00,Sisu Youth Services
129115077,8/18/25,Completed,Volunteer,Meal Train,Meal Train,6/5/25,2025-06-05 16:00:00.0000000 -05:00,2025-06-05 19:00:00.0000000 -05:00,Sisu Youth Services
129115077,4/29/25,Completed,Volunteer,Meal Train,Meal Train,5/1/25,2025-05-01 16:00:00.0000000 -05:00,2025-05-01 19:00:00.0000000 -05:00,Sisu Youth Services
129115077,4/29/25,Completed,Volunteer,Shelter Shift ,Shelter Shift,5/1/25,2025-05-01 17:30:00.0000000 -05:00,2025-05-01 19:30:00.0000000 -05:00,Sisu Youth Services
129115077,1/14/26,Completed,Volunteer,Meal Train 2026,Meal Train,1/1/26,2026-01-01 16:30:00.0000000 -06:00,2026-01-01 18:00:00.0000000 -06:00,Sisu Youth Services
129117690,1/3/24,Completed,Attendee,Volunteer Refresher ,Training,1/6/24,2024-01-06 14:00:00.0000000 -06:00,2024-01-06 16:00:00.0000000 -06:00,Sisu Youth Services
129118121,1/3/24,No Show,Attendee,Volunteer Refresher ,Training,1/6/24,2024-01-06 14:00:00.0000000 -06:00,2024-01-06 16:00:00.0000000 -06:00,Sisu Youth Services
129118123,1/3/24,No Show,Attendee,Volunteer Refresher ,Training,1/6/24,2024-01-06 14:00:00.0000000 -06:00,2024-01-06 16:00:00.0000000 -06:00,Sisu Youth Services
129118123,11/8/23,Sched-Web,Volunteer,November Meal Train ,Meal Train,11/29/23,2023-11-29 16:00:00.0000000 -06:00,2023-11-29 18:00:00.0000000 -06:00,Sisu Youth Services
129118123,11/8/23,Sched-Web,Volunteer,November Meal Train ,Meal Train,11/2/23,2023-11-02 16:00:00.0000000 -05:00,2023-11-02 18:00:00.0000000 -05:00,Sisu Youth Services
129118123,11/8/23,Sched-Web,Volunteer,November Meal Train ,Meal Train,11/15/23,2023-11-15 16:00:00.0000000 -06:00,2023-11-15 18:00:00.0000000 -06:00,Sisu Youth Services
129118123,2/15/24,Completed,Volunteer,February Meal Train,Meal Train,2/15/24,2024-02-15 16:00:00.0000000 -06:00,2024-02-15 17:30:00.0000000 -06:00,Sisu Youth Services
129118123,6/7/24,Completed,Volunteer,June Meal Train,Meal Train,6/29/24,2024-06-29 17:00:00.0000000 -05:00,2024-06-29 19:30:00.0000000 -05:00,Sisu Youth Services
129118123,6/7/24,Completed,Volunteer,June Meal Train,Meal Train,6/22/24,2024-06-22 17:00:00.0000000 -05:00,2024-06-22 19:30:00.0000000 -05:00,Sisu Youth Services
129118123,9/2/24,Completed,Volunteer,Meal Train,Meal Train,9/8/24,2024-09-08 16:30:00.0000000 -05:00,2024-09-08 19:30:00.0000000 -05:00,Sisu Youth Services
129118123,9/2/24,Completed,Volunteer,Meal Train,Meal Train,9/28/24,2024-09-28 16:30:00.0000000 -05:00,2024-09-28 19:30:00.0000000 -05:00,Sisu Youth Services
129118123,2/15/23,Completed,Volunteer,Meal Train,Meal Train,1/9/23,2023-01-09 17:00:00.0000000 -05:00,2023-01-09 18:00:00.0000000 -05:00,Sisu Youth Services
129118123,2/15/23,Completed,Volunteer,Meal Train,Meal Train,1/26/23,2023-01-26 17:00:00.0000000 -05:00,2023-01-26 18:00:00.0000000 -05:00,Sisu Youth Services
129118123,4/4/23,Completed,Volunteer,Meal Train,Meal Train,3/22/23,2023-03-22 17:00:00.0000000 -04:00,2023-03-22 18:00:00.0000000 -04:00,Sisu Youth Services
129118123,4/4/23,Completed,Volunteer,Meal Train,Meal Train,3/18/23,2023-03-18 17:00:00.0000000 -04:00,2023-03-18 18:00:00.0000000 -04:00,Sisu Youth Services
129118123,4/4/23,Completed,Volunteer,Meal Train,Meal Train,3/29/23,2023-03-29 17:00:00.0000000 -04:00,2023-03-29 18:00:00.0000000 -04:00,Sisu Youth Services
129118123,4/4/23,Completed,Volunteer,Meal Train,Meal Train,3/30/23,2023-03-30 17:00:00.0000000 -04:00,2023-03-30 18:00:00.0000000 -04:00,Sisu Youth Services
129118123,9/19/23,Sched-Web,Volunteer,Sept Meal Train ,Meal Train,9/20/23,2023-09-20 16:30:00.0000000 -05:00,2023-09-20 18:30:00.0000000 -05:00,Sisu Youth Services
129118123,9/19/23,Completed,Volunteer,August Meal Train ,Meal Train,8/29/23,2023-08-29 16:30:00.0000000 -04:00,2023-08-29 18:00:00.0000000 -04:00,Sisu Youth Services
129118123,2/13/25,Completed,Volunteer,Meal Train,Meal Train,2/1/25,2025-02-01 16:00:00.0000000 -06:00,2025-02-01 19:00:00.0000000 -06:00,Sisu Youth Services
129118171,1/3/24,Completed,Attendee,Volunteer Refresher ,Training,1/6/24,2024-01-06 14:00:00.0000000 -06:00,2024-01-06 16:00:00.0000000 -06:00,Sisu Youth Services
129118861,1/3/24,Completed,Attendee,Volunteer Refresher ,Training,1/6/24,2024-01-06 14:00:00.0000000 -06:00,2024-01-06 16:00:00.0000000 -06:00,Sisu Youth Services
129119455,1/4/24,Completed,Attendee,Volunteer Refresher ,Training,1/6/24,2024-01-06 14:00:00.0000000 -06:00,2024-01-06 16:00:00.0000000 -06:00,Sisu Youth Services
129120434,1/4/24,Completed,Attendee,Volunteer Refresher ,Training,1/6/24,2024-01-06 14:00:00.0000000 -06:00,2024-01-06 16:00:00.0000000 -06:00,Sisu Youth Services
129120453,1/4/24,Completed,Volunteer,January Meal Train,Meal Train,1/11/24,2024-01-11 16:30:00.0000000 -06:00,2024-01-11 18:00:00.0000000 -06:00,Sisu Youth Services
129120489,1/4/24,Completed,Volunteer,January Meal Train,Meal Train,1/26/24,2024-01-26 16:30:00.0000000 -06:00,2024-01-26 18:00:00.0000000 -06:00,Sisu Youth Services
129120489,1/4/24,Completed,Volunteer,Oct Meal Train ,Meal Train,10/20/23,2023-10-20 16:30:00.0000000 -05:00,2023-10-20 18:00:00.0000000 -05:00,Sisu Youth Services
129123433,1/4/24,No Show,Attendee,Volunteer Refresher ,Training,1/6/24,2024-01-06 14:00:00.0000000 -06:00,2024-01-06 16:00:00.0000000 -06:00,Sisu Youth Services
129127771,1/6/24,No Show,Attendee,Volunteer Refresher ,Training,1/6/24,2024-01-06 14:00:00.0000000 -06:00,2024-01-06 16:00:00.0000000 -06:00,Sisu Youth Services
129235258,12/19/24,Completed,Volunteer,Sisu Santa Squad,Group Volunteer,12/17/24,2024-12-17 17:00:00.0000000 -05:00,2024-12-17 19:00:00.0000000 -05:00,
129246246,1/15/24,Completed,Volunteer,January Meal Train,Meal Train,1/18/24,2024-01-18 16:30:00.0000000 -06:00,2024-01-18 18:00:00.0000000 -06:00,Sisu Youth Services
129418070,1/22/24,Completed,Volunteer,January Meal Train,Meal Train,1/24/24,2024-01-24 16:30:00.0000000 -06:00,2024-01-24 18:00:00.0000000 -06:00,Sisu Youth Services
129418070,2/15/24,Completed,Volunteer,February Meal Train,Meal Train,2/23/24,2024-02-23 16:00:00.0000000 -06:00,2024-02-23 17:30:00.0000000 -06:00,Sisu Youth Services
129418070,3/28/24,Completed,Volunteer,March Meal Train,Meal Train,3/27/24,2024-03-27 16:30:00.0000000 -06:00,2024-03-27 18:00:00.0000000 -06:00,Sisu Youth Services
129418070,9/30/24,Completed,Volunteer,Meal Train,Meal Train,9/25/24,2024-09-25 16:30:00.0000000 -05:00,2024-09-25 19:30:00.0000000 -05:00,Sisu Youth Services
129418070,10/29/24,Completed,Volunteer,Meal Train,Meal Train,10/23/24,2024-10-23 16:30:00.0000000 -05:00,2024-10-23 19:30:00.0000000 -05:00,Sisu Youth Services
129418070,1/1/25,Completed,Volunteer,Meal Train,Meal Train,11/20/24,2024-11-20 16:30:00.0000000 -06:00,2024-11-20 19:30:00.0000000 -06:00,Sisu Youth Services
129418070,1/1/25,Completed,Volunteer,Meal Train,Meal Train,12/23/24,2024-12-23 16:30:00.0000000 -06:00,2024-12-23 19:30:00.0000000 -06:00,Sisu Youth Services
129418070,5/3/24,Completed,Volunteer,April Meal Train,Meal Train,4/24/24,2024-04-24 16:00:00.0000000 -05:00,2024-04-24 18:30:00.0000000 -05:00,Sisu Youth Services
129418070,4/17/25,Completed,Volunteer,Meal Train,Meal Train,4/30/25,2025-04-30 16:00:00.0000000 -05:00,2025-04-30 19:00:00.0000000 -05:00,Sisu Youth Services
129418084,4/2/24,Completed,Volunteer,April Meal Train,Meal Train,4/6/24,2024-04-06 16:00:00.0000000 -05:00,2024-04-06 18:30:00.0000000 -05:00,Sisu Youth Services
129418084,1/22/24,Completed,Volunteer,January Meal Train,Meal Train,1/29/24,2024-01-29 16:30:00.0000000 -06:00,2024-01-29 18:00:00.0000000 -06:00,Sisu Youth Services
129418090,1/22/24,Completed,Volunteer,January Meal Train,Meal Train,1/29/24,2024-01-29 16:30:00.0000000 -06:00,2024-01-29 18:00:00.0000000 -06:00,Sisu Youth Services
130385225,2/12/24,Completed,Attendee,Volunteer Orientation ,Training,2/24/24,2024-02-24 14:30:00.0000000 -05:00,2024-02-24 16:00:00.0000000 -05:00,Sisu Youth Services
130385225,7/31/24,Completed,Volunteer,June Shelter Shift,Shelter Shift,6/6/24,2024-06-06 17:00:00.0000000 -05:00,2024-06-06 18:00:00.0000000 -05:00,Sisu Youth Services
130385225,7/31/24,Completed,Volunteer,Shadow Shift ,Shelter Shift,5/23/24,2024-05-23 18:00:00.0000000 -05:00,2024-05-23 20:00:00.0000000 -05:00,Sisu Youth Services
130385225,7/31/24,Completed,Volunteer,June Shelter Shift,Shelter Shift,6/13/24,2024-06-13 17:00:00.0000000 -05:00,2024-06-13 18:00:00.0000000 -05:00,Sisu Youth Services
130406026,5/21/24,Completed,Volunteer,May Shelter Shift ,Shelter Shift,5/28/24,2024-05-28 19:00:00.0000000 -06:00,2024-05-28 22:00:00.0000000 -06:00,Sisu Youth Services
130406026,5/21/24,Completed,Volunteer,May Shelter Shift ,Shelter Shift,5/21/24,2024-05-21 19:00:00.0000000 -06:00,2024-05-21 22:00:00.0000000 -06:00,Sisu Youth Services
130406026,5/21/24,Completed,Volunteer,May Shelter Shift ,Shelter Shift,5/14/24,2024-05-14 19:00:00.0000000 -06:00,2024-05-14 22:00:00.0000000 -06:00,Sisu Youth Services
130406026,5/21/24,Completed,Volunteer,May Shelter Shift ,Shelter Shift,5/7/24,2024-05-07 19:00:00.0000000 -06:00,2024-05-07 22:00:00.0000000 -06:00,Sisu Youth Services
130406026,2/13/24,Completed,Attendee,Volunteer Orientation ,Training,2/24/24,2024-02-24 14:30:00.0000000 -05:00,2024-02-24 16:00:00.0000000 -05:00,Sisu Youth Services
130406026,9/30/24,Completed,Volunteer,Shelter Shifts,Shelter Shift,9/6/24,2024-09-06 19:00:00.0000000 -04:00,2024-09-06 22:00:00.0000000 -04:00,Sisu Youth Services
130406026,9/30/24,Completed,Volunteer,Shelter Shifts,Shelter Shift,9/27/24,2024-09-27 19:00:00.0000000 -04:00,2024-09-27 22:00:00.0000000 -04:00,Sisu Youth Services
130406026,10/21/24,Completed,Volunteer,Shelter Shifts,Shelter Shift,10/4/24,2024-10-04 16:00:00.0000000 -04:00,2024-10-04 19:00:00.0000000 -04:00,Sisu Youth Services
130424515,2/15/24,Completed,Volunteer,February Meal Train,Meal Train,2/22/24,2024-02-22 16:00:00.0000000 -06:00,2024-02-22 17:30:00.0000000 -06:00,Sisu Youth Services
130460896,2/20/24,No Show,Attendee,Volunteer Orientation ,Training,2/24/24,2024-02-24 14:30:00.0000000 -05:00,2024-02-24 16:00:00.0000000 -05:00,Sisu Youth Services
130470451,2/22/24,No Show,Attendee,Volunteer Orientation ,Training,2/24/24,2024-02-24 14:30:00.0000000 -05:00,2024-02-24 16:00:00.0000000 -05:00,Sisu Youth Services
130597813,2/27/24,Completed,Volunteer,March Meal Train,Meal Train,3/2/24,2024-03-02 16:30:00.0000000 -06:00,2024-03-02 18:00:00.0000000 -06:00,Sisu Youth Services
130597912,2/27/24,Completed,Volunteer,March Meal Train,Meal Train,3/18/24,2024-03-18 16:30:00.0000000 -06:00,2024-03-18 18:00:00.0000000 -06:00,Sisu Youth Services
130607726,2/28/24,Completed,Volunteer,OCCC Volunteer Day ,Group Volunteer,2/16/24,2024-02-16 10:00:00.0000000 -06:00,2024-02-16 12:00:00.0000000 -06:00,
130607736,2/28/24,Completed,Volunteer,OCCC Volunteer Day ,Group Volunteer,2/16/24,2024-02-16 10:00:00.0000000 -06:00,2024-02-16 12:00:00.0000000 -06:00,
130607742,2/28/24,Completed,Volunteer,OCCC Volunteer Day ,Group Volunteer,2/16/24,2024-02-16 10:00:00.0000000 -06:00,2024-02-16 12:00:00.0000000 -06:00,
130607755,2/28/24,Completed,Volunteer,OCCC Volunteer Day ,Group Volunteer,2/16/24,2024-02-16 10:00:00.0000000 -06:00,2024-02-16 12:00:00.0000000 -06:00,
130607755,3/18/24,Completed,Volunteer,March Meal Train,Meal Train,3/18/24,2024-03-18 16:30:00.0000000 -06:00,2024-03-18 18:00:00.0000000 -06:00,Sisu Youth Services
130607756,2/28/24,Completed,Volunteer,OCCC Volunteer Day ,Group Volunteer,2/16/24,2024-02-16 10:00:00.0000000 -06:00,2024-02-16 12:00:00.0000000 -06:00,
130607759,2/28/24,Completed,Volunteer,OCCC Volunteer Day ,Group Volunteer,2/16/24,2024-02-16 10:00:00.0000000 -06:00,2024-02-16 12:00:00.0000000 -06:00,
130607763,2/28/24,Completed,Volunteer,OCCC Volunteer Day ,Group Volunteer,2/16/24,2024-02-16 10:00:00.0000000 -06:00,2024-02-16 12:00:00.0000000 -06:00,
130633198,11/21/23,Sched-Web,Attendee,Volunteer Refresher,Training,12/2/23,2023-12-02 14:00:00.0000000 -06:00,2023-12-02 16:00:00.0000000 -06:00,
130633198,3/4/24,Completed,Attendee,Welcome Home Team Volunteer Meeting,Training,3/20/24,2024-03-20 18:00:00.0000000 -05:00,2024-03-20 19:00:00.0000000 -05:00,
130633198,3/10/23,Completed,Volunteer,Shelter Shift,Shelter Shift,2/2/23,2023-02-02 19:00:00.0000000 -05:00,2023-02-02 22:00:00.0000000 -05:00,Sisu Youth Services
130633198,3/10/23,Completed,Volunteer,Shelter Shift,Shelter Shift,2/9/23,2023-02-09 16:00:00.0000000 -05:00,2023-02-09 19:00:00.0000000 -05:00,Sisu Youth Services
130633198,3/10/23,Completed,Volunteer,Shelter Shift,Shelter Shift,2/16/23,2023-02-16 16:00:00.0000000 -05:00,2023-02-16 19:00:00.0000000 -05:00,Sisu Youth Services
130633198,2/13/23,Completed,Volunteer,Shelter Shift,Shelter Shift,1/25/23,2023-01-25 19:00:00.0000000 -06:00,2023-01-25 22:00:00.0000000 -06:00,Sisu Youth Services
130633198,2/13/23,Completed,Volunteer,Shelter Shift,Shelter Shift,1/26/23,2023-01-26 19:00:00.0000000 -06:00,2023-01-26 22:00:00.0000000 -06:00,Sisu Youth Services
130633198,3/10/23,Completed,Volunteer,Shelter Shift,Shelter Shift,2/23/23,2023-02-23 16:00:00.0000000 -05:00,2023-02-23 19:00:00.0000000 -05:00,Sisu Youth Services
130633198,4/3/23,Completed,Volunteer,Shelter Shift,Shelter Shift,3/2/23,2023-03-02 19:00:00.0000000 -05:00,2023-03-02 22:00:00.0000000 -05:00,Sisu Youth Services
130633198,8/23/23,Completed,Volunteer,August Shelter ,Shelter Shift,8/3/23,2023-08-03 19:00:00.0000000 -05:00,2023-08-03 22:00:00.0000000 -05:00,Sisu Youth Services
130633198,8/23/23,Completed,Volunteer,August Shelter ,Shelter Shift,8/17/23,2023-08-17 19:00:00.0000000 -05:00,2023-08-17 22:00:00.0000000 -05:00,Sisu Youth Services
130633198,7/17/23,Completed,Volunteer,July Shelter Shift ,Shelter Shift,7/10/23,2023-07-10 16:00:00.0000000 -06:00,2023-07-10 19:00:00.0000000 -06:00,Sisu Youth Services
130633198,8/1/23,Completed,Volunteer,July Shelter Shift ,Shelter Shift,7/20/23,2023-07-20 16:00:00.0000000 -04:00,2023-07-20 19:00:00.0000000 -04:00,Sisu Youth Services
130633198,5/3/23,Completed,Volunteer,April Shelter Shift,Shelter Shift,4/3/23,2023-04-03 16:00:00.0000000 -04:00,2023-04-03 19:00:00.0000000 -04:00,Sisu Youth Services
130633198,5/3/23,Completed,Volunteer,April Shelter Shift,Shelter Shift,4/17/23,2023-04-17 16:00:00.0000000 -04:00,2023-04-17 19:00:00.0000000 -04:00,Sisu Youth Services
130633198,5/3/23,Completed,Volunteer,April Shelter Shift,Shelter Shift,4/10/23,2023-04-10 16:00:00.0000000 -04:00,2023-04-10 19:00:00.0000000 -04:00,Sisu Youth Services
130633198,4/3/23,Completed,Volunteer,Shelter Shift,Shelter Shift,3/30/23,2023-03-30 19:00:00.0000000 -04:00,2023-03-30 22:00:00.0000000 -04:00,Sisu Youth Services
130633198,4/3/23,Completed,Volunteer,Shelter Shift,Shelter Shift,3/16/23,2023-03-16 19:00:00.0000000 -04:00,2023-03-16 22:00:00.0000000 -04:00,Sisu Youth Services
130633198,4/3/23,Completed,Volunteer,Shelter Shift,Shelter Shift,3/23/23,2023-03-23 19:00:00.0000000 -04:00,2023-03-23 22:00:00.0000000 -04:00,Sisu Youth Services
130633198,4/3/23,Completed,Volunteer,Shelter Shift,Shelter Shift,3/9/23,2023-03-09 19:00:00.0000000 -05:00,2023-03-09 22:00:00.0000000 -05:00,Sisu Youth Services
130633198,4/3/23,Completed,Volunteer,Shelter Shift,Shelter Shift,3/13/23,2023-03-13 19:00:00.0000000 -04:00,2023-03-13 22:00:00.0000000 -04:00,Sisu Youth Services
130633198,5/12/23,Completed,Volunteer,May Shelter Shift,Shelter Shift,5/2/23,2023-05-02 19:00:00.0000000 -04:00,2023-05-02 22:00:00.0000000 -04:00,Sisu Youth Services
130633198,3/20/24,Sched-Web,Volunteer,Welcome Home Day,Group Volunteer,3/23/24,2024-03-23 10:00:00.0000000 -05:00,2024-03-23 12:00:00.0000000 -05:00,Sisu Youth Services
130633198,1/31/24,Completed,Volunteer,January Shelter Shift,Shelter Shift,1/25/24,2024-01-25 19:00:00.0000000 -06:00,2024-01-25 22:00:00.0000000 -06:00,Sisu Youth Services
130633198,3/8/24,Completed,Volunteer,February Shelter Shift ,Shelter Shift,2/2/24,2024-02-02 16:00:00.0000000 -06:00,2024-02-02 19:00:00.0000000 -06:00,Sisu Youth Services
130633198,5/3/24,Completed,Volunteer,March Shelter Shift ,Shelter Shift,3/14/24,2024-03-14 19:00:00.0000000 -05:00,2024-03-14 22:00:00.0000000 -05:00,Sisu Youth Services
130633198,5/3/24,Completed,Volunteer,March Shelter Shift ,Shelter Shift,3/28/24,2024-03-28 19:00:00.0000000 -05:00,2024-03-28 22:00:00.0000000 -05:00,Sisu Youth Services
130633198,5/3/24,Completed,Volunteer,March Shelter Shift ,Shelter Shift,3/7/24,2024-03-07 19:00:00.0000000 -06:00,2024-03-07 22:00:00.0000000 -06:00,Sisu Youth Services
130633198,1/11/24,Completed,Volunteer,January Shelter Shift,Shelter Shift,1/9/24,2024-01-09 19:00:00.0000000 -06:00,2024-01-09 22:00:00.0000000 -06:00,Sisu Youth Services
130633198,1/19/24,Completed,Volunteer,January Shelter Shift,Shelter Shift,1/11/24,2024-01-11 19:00:00.0000000 -06:00,2024-01-11 22:00:00.0000000 -06:00,Sisu Youth Services
130633198,1/19/24,Completed,Volunteer,January Shelter Shift,Shelter Shift,1/18/24,2024-01-18 19:00:00.0000000 -06:00,2024-01-18 22:00:00.0000000 -06:00,Sisu Youth Services
130633198,12/14/23,Confirmed,Volunteer,Shelter Shift December ,Shelter Shift,12/7/23,2023-12-07 19:00:00.0000000 -06:00,2023-12-07 21:00:00.0000000 -06:00,Sisu Youth Services
130633198,12/14/23,Completed,Volunteer,Shelter Shift December ,Shelter Shift,12/14/23,2023-12-14 19:00:00.0000000 -06:00,2023-12-14 21:00:00.0000000 -06:00,Sisu Youth Services
130633198,12/14/23,Completed,Volunteer,October Shelter Shift ,Shelter Shift,10/5/23,2023-10-05 19:00:00.0000000 -05:00,2023-10-05 22:00:00.0000000 -05:00,Sisu Youth Services
130633198,12/14/23,Completed,Volunteer,October Shelter Shift ,Shelter Shift,10/12/23,2023-10-12 19:00:00.0000000 -05:00,2023-10-12 22:00:00.0000000 -05:00,Sisu Youth Services
130633198,12/14/23,Completed,Volunteer,October Shelter Shift ,Shelter Shift,10/16/23,2023-10-16 19:00:00.0000000 -05:00,2023-10-16 22:00:00.0000000 -05:00,Sisu Youth Services
130633198,10/25/23,Completed,Volunteer,Sisu Packing Party ,Group Volunteer,11/11/23,2023-11-11 10:30:00.0000000 -05:00,2023-11-11 12:30:00.0000000 -05:00,Sisu Youth Services
130633198,5/21/24,Completed,Volunteer,May Shelter Shift ,Shelter Shift,5/9/24,2024-05-09 19:00:00.0000000 -06:00,2024-05-09 22:00:00.0000000 -06:00,Sisu Youth Services
130633198,5/21/24,Completed,Volunteer,May Shelter Shift ,Shelter Shift,5/30/24,2024-05-30 19:00:00.0000000 -06:00,2024-05-30 22:00:00.0000000 -06:00,Sisu Youth Services
130633198,5/21/24,Completed,Volunteer,May Shelter Shift ,Shelter Shift,5/22/24,2024-05-22 19:00:00.0000000 -06:00,2024-05-22 22:00:00.0000000 -06:00,Sisu Youth Services
130633198,5/3/24,Completed,Volunteer,April Shelter Shift,Shelter Shift,4/25/24,2024-04-25 19:00:00.0000000 -05:00,2024-04-25 22:00:00.0000000 -05:00,Sisu Youth Services
130633198,5/3/24,Completed,Volunteer,April Shelter Shift,Shelter Shift,4/4/24,2024-04-04 19:00:00.0000000 -05:00,2024-04-04 22:00:00.0000000 -05:00,Sisu Youth Services
130633198,5/3/24,Completed,Volunteer,April Shelter Shift,Shelter Shift,4/11/24,2024-04-11 19:00:00.0000000 -05:00,2024-04-11 22:00:00.0000000 -05:00,Sisu Youth Services
130633198,5/21/24,Completed,Volunteer,May Shelter Shift ,Shelter Shift,5/2/24,2024-05-02 19:00:00.0000000 -06:00,2024-05-02 22:00:00.0000000 -06:00,Sisu Youth Services
130633198,7/29/24,Completed,Volunteer,June Shelter Shift,Shelter Shift,6/6/24,2024-06-06 19:00:00.0000000 -05:00,2024-06-06 22:00:00.0000000 -05:00,Sisu Youth Services
130633198,7/29/24,Completed,Volunteer,June Shelter Shift,Shelter Shift,6/27/24,2024-06-27 19:00:00.0000000 -05:00,2024-06-27 22:00:00.0000000 -05:00,Sisu Youth Services
130633198,10/21/24,Completed,Volunteer,Shelter Shifts,Shelter Shift,10/8/24,2024-10-08 19:00:00.0000000 -04:00,2024-10-08 22:00:00.0000000 -04:00,Sisu Youth Services
130633198,10/21/24,Completed,Volunteer,Shelter Shifts,Shelter Shift,10/1/24,2024-10-01 19:00:00.0000000 -04:00,2024-10-01 22:00:00.0000000 -04:00,Sisu Youth Services
130633198,9/23/24,Completed,Volunteer,Shelter Shifts,Shelter Shift,9/26/24,2024-09-26 19:00:00.0000000 -04:00,2024-09-26 22:00:00.0000000 -04:00,Sisu Youth Services
130633198,9/23/24,Completed,Volunteer,Shelter Shifts,Shelter Shift,9/19/24,2024-09-19 19:00:00.0000000 -04:00,2024-09-19 22:00:00.0000000 -04:00,Sisu Youth Services
130633198,9/23/24,Completed,Volunteer,Shelter Shifts,Shelter Shift,9/5/24,2024-09-05 19:00:00.0000000 -04:00,2024-09-05 22:00:00.0000000 -04:00,Sisu Youth Services
130633198,9/23/24,Completed,Volunteer,Shelter Shifts,Shelter Shift,9/12/24,2024-09-12 19:00:00.0000000 -04:00,2024-09-12 22:00:00.0000000 -04:00,Sisu Youth Services
130633198,8/19/24,Completed,Volunteer,Shelter Shifts,Shelter Shift,8/8/24,2024-08-08 19:00:00.0000000 -04:00,2024-08-08 22:00:00.0000000 -04:00,Sisu Youth Services
130633198,7/29/24,Completed,Volunteer,Shelter Shifts,Shelter Shift,7/25/24,2024-07-25 19:00:00.0000000 -04:00,2024-07-25 22:00:00.0000000 -04:00,Sisu Youth Services
130633198,7/29/24,Completed,Volunteer,Shelter Shifts,Shelter Shift,7/18/24,2024-07-18 19:00:00.0000000 -04:00,2024-07-18 22:00:00.0000000 -04:00,Sisu Youth Services
130633198,10/21/24,Completed,Volunteer,Shelter Shifts,Shelter Shift,10/15/24,2024-10-15 16:00:00.0000000 -04:00,2024-10-15 19:00:00.0000000 -04:00,Sisu Youth Services
130633198,10/21/24,Completed,Volunteer,Shelter Shifts,Shelter Shift,10/29/24,2024-10-29 19:00:00.0000000 -04:00,2024-10-29 22:00:00.0000000 -04:00,Sisu Youth Services
130633198,10/21/24,Completed,Volunteer,Shelter Shifts,Shelter Shift,10/22/24,2024-10-22 19:00:00.0000000 -04:00,2024-10-22 22:00:00.0000000 -04:00,Sisu Youth Services
130633198,4/29/25,Completed,Volunteer,Shelter Shifts,Shelter Shift,12/3/24,2024-12-03 19:00:00.0000000 -05:00,2024-12-03 22:00:00.0000000 -05:00,Sisu Youth Services
130633198,11/19/24,Completed,Volunteer,Shelter Shifts,Shelter Shift,11/19/24,2024-11-19 19:00:00.0000000 -05:00,2024-11-19 22:00:00.0000000 -05:00,Sisu Youth Services
130633198,11/19/24,Completed,Volunteer,Shelter Shifts,Shelter Shift,11/12/24,2024-11-12 19:00:00.0000000 -05:00,2024-11-12 22:00:00.0000000 -05:00,Sisu Youth Services
130633198,4/29/25,Completed,Volunteer,Shelter Shift ,Shelter Shift,1/9/25,2025-01-09 19:00:00.0000000 -06:00,2025-01-09 22:00:00.0000000 -06:00,Sisu Youth Services
130633198,4/29/25,Completed,Volunteer,Shelter Shift ,Shelter Shift,2/20/25,2025-02-20 19:00:00.0000000 -06:00,2025-02-20 22:00:00.0000000 -06:00,Sisu Youth Services
130633198,4/29/25,Completed,Volunteer,Shelter Shift ,Shelter Shift,3/13/25,2025-03-13 19:00:00.0000000 -05:00,2025-03-13 22:00:00.0000000 -05:00,Sisu Youth Services
130633198,4/29/25,Completed,Volunteer,Shelter Shift ,Shelter Shift,4/3/25,2025-04-03 19:00:00.0000000 -05:00,2025-04-03 22:00:00.0000000 -05:00,Sisu Youth Services
130633198,5/29/25,Completed,Volunteer,Shelter Shift ,Shelter Shift,5/9/25,2025-05-09 19:00:00.0000000 -05:00,2025-05-09 22:00:00.0000000 -05:00,Sisu Youth Services
130641347,3/20/24,Sched-Web,Volunteer,Welcome Home Day,Group Volunteer,3/23/24,2024-03-23 10:00:00.0000000 -05:00,2024-03-23 12:00:00.0000000 -05:00,Sisu Youth Services
130641347,3/20/24,Sched-Web,Volunteer,Welcome Home Day,Group Volunteer,3/23/24,2024-03-23 12:00:00.0000000 -05:00,2024-03-23 14:00:00.0000000 -05:00,Sisu Youth Services
130641347,3/6/24,Completed,Attendee,Welcome Home Team Volunteer Meeting,Training,3/20/24,2024-03-20 18:00:00.0000000 -05:00,2024-03-20 19:00:00.0000000 -05:00,
130641489,3/6/24,Completed,Attendee,Welcome Home Team Volunteer Meeting,Training,3/20/24,2024-03-20 18:00:00.0000000 -05:00,2024-03-20 19:00:00.0000000 -05:00,
130645397,3/6/24,Completed,Attendee,Welcome Home Team Volunteer Meeting,Training,3/20/24,2024-03-20 18:00:00.0000000 -05:00,2024-03-20 19:00:00.0000000 -05:00,
130645411,3/6/24,Completed,Attendee,Welcome Home Team Volunteer Meeting,Training,3/20/24,2024-03-20 18:00:00.0000000 -05:00,2024-03-20 19:00:00.0000000 -05:00,
130645411,3/20/24,Sched-Web,Volunteer,Welcome Home Day,Group Volunteer,3/23/24,2024-03-23 11:00:00.0000000 -05:00,2024-03-23 14:00:00.0000000 -05:00,Sisu Youth Services
130645411,3/20/24,Sched-Web,Volunteer,Welcome Home Day,Group Volunteer,3/23/24,2024-03-23 12:00:00.0000000 -05:00,2024-03-23 14:00:00.0000000 -05:00,Sisu Youth Services
130646555,3/7/24,Cancelled,Attendee,Welcome Home Team Volunteer Meeting,Training,3/20/24,2024-03-20 18:00:00.0000000 -05:00,2024-03-20 19:00:00.0000000 -05:00,
130647989,3/7/24,Completed,Attendee,Welcome Home Team Volunteer Meeting,Training,3/20/24,2024-03-20 18:00:00.0000000 -05:00,2024-03-20 19:00:00.0000000 -05:00,
130647989,3/22/24,Completed,Volunteer,Welcome Home Day,Group Volunteer,3/23/24,2024-03-23 12:00:00.0000000 -05:00,2024-03-23 14:00:00.0000000 -05:00,Sisu Youth Services
130647995,3/7/24,Completed,Attendee,Welcome Home Team Volunteer Meeting,Training,3/20/24,2024-03-20 18:00:00.0000000 -05:00,2024-03-20 19:00:00.0000000 -05:00,
130652011,3/7/24,Completed,Volunteer,March Meal Train,Meal Train,3/16/24,2024-03-16 16:30:00.0000000 -06:00,2024-03-16 18:00:00.0000000 -06:00,Sisu Youth Services
130654267,3/9/24,Completed,Attendee,Welcome Home Team Volunteer Meeting,Training,3/20/24,2024-03-20 18:00:00.0000000 -05:00,2024-03-20 19:00:00.0000000 -05:00,
130666754,3/13/24,Completed,Attendee,Welcome Home Team Volunteer Meeting,Training,3/20/24,2024-03-20 18:00:00.0000000 -05:00,2024-03-20 19:00:00.0000000 -05:00,
130667949,3/14/24,Completed,Volunteer,Heritage Hall GSA Volunteer Day,Group Volunteer,3/10/24,2024-03-10 12:00:00.0000000 -05:00,2024-03-10 14:00:00.0000000 -05:00,Sisu Youth Services
130667958,3/14/24,Completed,Volunteer,Heritage Hall GSA Volunteer Day,Group Volunteer,3/10/24,2024-03-10 12:00:00.0000000 -05:00,2024-03-10 14:00:00.0000000 -05:00,Sisu Youth Services
130667962,3/14/24,Completed,Volunteer,Heritage Hall GSA Volunteer Day,Group Volunteer,3/10/24,2024-03-10 12:00:00.0000000 -05:00,2024-03-10 14:00:00.0000000 -05:00,Sisu Youth Services
130667966,3/14/24,Completed,Volunteer,Heritage Hall GSA Volunteer Day,Group Volunteer,3/10/24,2024-03-10 12:00:00.0000000 -05:00,2024-03-10 14:00:00.0000000 -05:00,Sisu Youth Services
130667975,3/14/24,Completed,Volunteer,March Shelter Shift ,Shelter Shift,3/14/24,2024-03-14 19:00:00.0000000 -05:00,2024-03-14 22:00:00.0000000 -05:00,Sisu Youth Services
130674639,3/20/24,Sched-Web,Volunteer,Welcome Home Day,Group Volunteer,3/23/24,2024-03-23 12:00:00.0000000 -05:00,2024-03-23 14:00:00.0000000 -05:00,Sisu Youth Services
130674639,7/16/24,Completed,Volunteer,Meal Train,Meal Train,7/17/24,2024-07-17 16:30:00.0000000 -05:00,2024-07-17 19:30:00.0000000 -05:00,Sisu Youth Services
130674639,3/18/24,Completed,Attendee,Welcome Home Team Volunteer Meeting,Training,3/20/24,2024-03-20 18:00:00.0000000 -05:00,2024-03-20 19:00:00.0000000 -05:00,
130674639,6/10/24,Sched-Web,Volunteer,Welcome Home Volunteer Day,Group Volunteer,6/15/24,2024-06-15 10:00:00.0000000 -05:00,2024-06-15 13:00:00.0000000 -05:00,
130679440,3/19/24,Completed,Attendee,Welcome Home Team Volunteer Meeting,Training,3/20/24,2024-03-20 18:00:00.0000000 -05:00,2024-03-20 19:00:00.0000000 -05:00,
130695990,3/6/24,Completed,Attendee,Welcome Home Team Volunteer Meeting,Training,3/20/24,2024-03-20 18:00:00.0000000 -05:00,2024-03-20 19:00:00.0000000 -05:00,
130695990,3/22/24,Sched-Web,Volunteer,Welcome Home Day,Group Volunteer,3/23/24,2024-03-23 12:00:00.0000000 -05:00,2024-03-23 14:00:00.0000000 -05:00,Sisu Youth Services
130696448,3/22/24,Sched-Web,Volunteer,Welcome Home Day,Group Volunteer,3/23/24,2024-03-23 12:00:00.0000000 -05:00,2024-03-23 14:00:00.0000000 -05:00,Sisu Youth Services
130765036,4/1/24,Completed,Volunteer,Automotive Skills,PYD,3/17/24,2024-03-17 14:00:00.0000000 -05:00,2024-03-17 15:30:00.0000000 -05:00,Sisu Youth Services
130765036,4/9/24,Completed,Volunteer,Automotive Skills,PYD,4/7/24,2024-04-07 14:00:00.0000000 -05:00,2024-04-07 15:30:00.0000000 -05:00,Sisu Youth Services
130769009,4/2/24,Completed,Volunteer,April Meal Train,Meal Train,4/1/24,2024-04-01 16:00:00.0000000 -05:00,2024-04-01 18:30:00.0000000 -05:00,Sisu Youth Services
130780336,4/2/24,Completed,Volunteer,April Meal Train,Meal Train,4/5/24,2024-04-05 16:00:00.0000000 -05:00,2024-04-05 18:30:00.0000000 -05:00,Sisu Youth Services
130780336,2/27/24,No Show,Volunteer,March Meal Train,Meal Train,3/28/24,2024-03-28 16:30:00.0000000 -06:00,2024-03-28 18:00:00.0000000 -06:00,Sisu Youth Services
130780336,10/6/23,Sched-Web,Volunteer,Oct Meal Train ,Meal Train,10/25/23,2023-10-25 16:30:00.0000000 -05:00,2023-10-25 18:00:00.0000000 -05:00,Sisu Youth Services
130780336,3/10/23,Completed,Volunteer,Meal Train,Meal Train,2/15/23,2023-02-15 17:00:00.0000000 -05:00,2023-02-15 18:00:00.0000000 -05:00,Sisu Youth Services
130780336,2/17/23,Completed,Volunteer,Meal Train,Meal Train,2/16/23,2023-02-16 17:00:00.0000000 -05:00,2023-02-16 18:00:00.0000000 -05:00,Sisu Youth Services
130780336,5/3/23,Completed,Volunteer,April Meal Train ,Meal Train,4/20/23,2023-04-20 17:00:00.0000000 -04:00,2023-04-20 18:00:00.0000000 -04:00,Sisu Youth Services
130780336,8/16/23,Sched-Web,Volunteer,August Meal Train ,Meal Train,8/31/23,2023-08-31 16:30:00.0000000 -04:00,2023-08-31 18:00:00.0000000 -04:00,Sisu Youth Services
130780336,9/5/23,Sched-Web,Volunteer,Sept Meal Train ,Meal Train,9/27/23,2023-09-27 16:30:00.0000000 -05:00,2023-09-27 18:30:00.0000000 -05:00,Sisu Youth Services
130830251,7/17/23,Scheduled,Volunteer,July Shelter Shift ,Shelter Shift,7/22/23,2023-07-22 10:00:00.0000000 -04:00,2023-07-22 13:00:00.0000000 -04:00,Sisu Youth Services
130830251,7/17/23,Completed,Volunteer,July Shelter Shift ,Shelter Shift,7/15/23,2023-07-15 16:00:00.0000000 -06:00,2023-07-15 19:00:00.0000000 -06:00,Sisu Youth Services
130830251,7/17/23,Completed,Volunteer,July Shelter Shift ,Shelter Shift,7/8/23,2023-07-08 16:00:00.0000000 -06:00,2023-07-08 19:00:00.0000000 -06:00,Sisu Youth Services
130830251,7/17/23,Completed,Volunteer,July Shelter Shift ,Shelter Shift,7/1/23,2023-07-01 16:00:00.0000000 -06:00,2023-07-01 19:00:00.0000000 -06:00,Sisu Youth Services
130830251,5/3/23,Completed,Volunteer,April Shelter Shift,Shelter Shift,4/29/23,2023-04-29 16:00:00.0000000 -04:00,2023-04-29 19:00:00.0000000 -04:00,Sisu Youth Services
130830251,4/3/23,Completed,Volunteer,Shelter Shift ,Shelter Shift,3/23/23,2023-03-23 16:00:00.0000000 -04:00,2023-03-23 19:00:00.0000000 -04:00,Sisu Youth Services
130830251,4/3/23,Completed,Volunteer,Shelter Shift ,Shelter Shift,3/16/23,2023-03-16 16:00:00.0000000 -04:00,2023-03-16 19:00:00.0000000 -04:00,Sisu Youth Services
130830251,4/3/23,Completed,Volunteer,Shelter Shift ,Shelter Shift,3/11/23,2023-03-11 16:00:00.0000000 -05:00,2023-03-11 19:00:00.0000000 -05:00,Sisu Youth Services
130830251,4/3/23,Completed,Volunteer,Shelter Shift ,Shelter Shift,3/4/23,2023-03-04 16:00:00.0000000 -05:00,2023-03-04 19:00:00.0000000 -05:00,Sisu Youth Services
130830251,3/10/23,Completed,Volunteer,Shelter Shift,Shelter Shift,2/11/23,2023-02-11 16:00:00.0000000 -05:00,2023-02-11 19:00:00.0000000 -05:00,Sisu Youth Services
130830251,12/27/23,No Show,Attendee,Volunteer Refresher ,Training,1/6/24,2024-01-06 14:00:00.0000000 -06:00,2024-01-06 16:00:00.0000000 -06:00,Sisu Youth Services
130830251,1/31/24,Completed,Volunteer,January Shelter Shift,Shelter Shift,1/20/24,2024-01-20 10:00:00.0000000 -06:00,2024-01-20 12:00:00.0000000 -06:00,Sisu Youth Services
130830251,1/11/24,Scheduled,Volunteer,January Shelter Shift,Shelter Shift,1/13/24,2024-01-13 10:00:00.0000000 -06:00,2024-01-13 12:00:00.0000000 -06:00,Sisu Youth Services
130830251,1/31/24,Completed,Volunteer,January Shelter Shift,Shelter Shift,1/6/24,2024-01-06 10:00:00.0000000 -06:00,2024-01-06 12:00:00.0000000 -06:00,Sisu Youth Services
130830251,4/16/24,Completed,Volunteer,April Shelter Shift,Shelter Shift,4/14/24,2024-04-14 10:00:00.0000000 -05:00,2024-04-14 13:00:00.0000000 -05:00,Sisu Youth Services
130830251,5/3/24,Completed,Volunteer,April Shelter Shift,Shelter Shift,4/27/24,2024-04-27 10:00:00.0000000 -05:00,2024-04-27 13:00:00.0000000 -05:00,Sisu Youth Services
130830251,8/19/24,Completed,Volunteer,May Shelter Shift ,Shelter Shift,5/5/24,2024-05-05 16:00:00.0000000 -06:00,2024-05-05 19:00:00.0000000 -06:00,Sisu Youth Services
130830251,3/29/25,Sched-Web,Volunteer,EDII Volunteer Day ,Group Volunteer,3/29/25,2025-03-29 11:30:00.0000000 -05:00,2025-03-29 13:30:00.0000000 -05:00,Sisu Youth Services
130830251,2/27/25,Completed,Volunteer,Shelter Shift ,Shelter Shift,2/15/25,2025-02-15 09:00:00.0000000 -06:00,2025-02-15 12:00:00.0000000 -06:00,Sisu Youth Services
130830251,10/21/24,Completed,Volunteer,Shelter Shifts,Shelter Shift,10/27/24,2024-10-27 19:00:00.0000000 -04:00,2024-10-27 22:00:00.0000000 -04:00,Sisu Youth Services
130830251,8/19/24,Completed,Volunteer,Shelter Shifts,Shelter Shift,8/24/24,2024-08-24 19:00:00.0000000 -04:00,2024-08-24 22:00:00.0000000 -04:00,Sisu Youth Services
130830251,8/19/24,Completed,Volunteer,Shelter Shifts,Shelter Shift,8/31/24,2024-08-31 19:00:00.0000000 -04:00,2024-08-31 22:00:00.0000000 -04:00,Sisu Youth Services
130849212,4/9/24,Completed,Volunteer,OCU Big Service Day,Group Volunteer,4/6/24,2024-04-06 10:00:00.0000000 -05:00,2024-04-06 12:00:00.0000000 -05:00,Sisu Youth Services
130849219,4/9/24,Completed,Volunteer,OCU Big Service Day,Group Volunteer,4/6/24,2024-04-06 10:00:00.0000000 -05:00,2024-04-06 12:00:00.0000000 -05:00,Sisu Youth Services
130849233,4/9/24,Completed,Volunteer,OCU Big Service Day,Group Volunteer,4/6/24,2024-04-06 10:00:00.0000000 -05:00,2024-04-06 12:00:00.0000000 -05:00,Sisu Youth Services
130849240,4/9/24,Completed,Volunteer,OCU Big Service Day,Group Volunteer,4/6/24,2024-04-06 10:00:00.0000000 -05:00,2024-04-06 12:00:00.0000000 -05:00,Sisu Youth Services
130856627,4/9/24,Completed,Volunteer,Eclipse Party ,PYD,4/8/24,2024-04-08 12:30:00.0000000 -05:00,2024-04-08 14:00:00.0000000 -05:00,Sisu Youth Services
130858529,7/29/24,Completed,Volunteer,Shelter Shifts,Shelter Shift,7/5/24,2024-07-05 19:00:00.0000000 -04:00,2024-07-05 22:00:00.0000000 -04:00,Sisu Youth Services
130858604,7/29/24,Completed,Volunteer,Shelter Shifts,Shelter Shift,7/2/24,2024-07-02 17:30:00.0000000 -04:00,2024-07-02 19:30:00.0000000 -04:00,Sisu Youth Services
130858604,10/21/24,Completed,Volunteer,Shelter Shifts,Shelter Shift,9/29/24,2024-09-29 17:30:00.0000000 -04:00,2024-09-29 19:30:00.0000000 -04:00,Sisu Youth Services
130858604,10/21/24,Completed,Volunteer,Shelter Shifts,Shelter Shift,10/15/24,2024-10-15 16:00:00.0000000 -04:00,2024-10-15 19:00:00.0000000 -04:00,Sisu Youth Services
130858604,1/1/25,Completed,Volunteer,Shelter Shifts,Shelter Shift,11/11/24,2024-11-11 17:30:00.0000000 -05:00,2024-11-11 19:30:00.0000000 -05:00,Sisu Youth Services
130858604,11/19/24,Completed,Volunteer,Shelter Shifts,Shelter Shift,11/5/24,2024-11-05 17:30:00.0000000 -05:00,2024-11-05 19:30:00.0000000 -05:00,Sisu Youth Services
130858604,11/19/24,Completed,Volunteer,Shelter Shifts,Shelter Shift,11/13/24,2024-11-13 17:30:00.0000000 -05:00,2024-11-13 19:30:00.0000000 -05:00,Sisu Youth Services
130858604,1/1/25,Completed,Volunteer,Shelter Shifts,Shelter Shift,12/3/24,2024-12-03 17:30:00.0000000 -05:00,2024-12-03 19:30:00.0000000 -05:00,Sisu Youth Services
130858604,1/1/25,Completed,Volunteer,Shelter Shifts,Shelter Shift,12/24/24,2024-12-24 17:30:00.0000000 -05:00,2024-12-24 19:30:00.0000000 -05:00,Sisu Youth Services
130858604,1/1/25,Completed,Volunteer,Shelter Shifts,Shelter Shift,12/28/24,2024-12-28 17:30:00.0000000 -05:00,2024-12-28 19:30:00.0000000 -05:00,Sisu Youth Services
130858604,1/1/25,Completed,Volunteer,Shelter Shifts,Shelter Shift,12/13/24,2024-12-13 17:30:00.0000000 -05:00,2024-12-13 19:30:00.0000000 -05:00,Sisu Youth Services
130858604,1/1/25,Completed,Volunteer,Shelter Shifts,Shelter Shift,12/31/24,2024-12-31 17:30:00.0000000 -05:00,2024-12-31 19:30:00.0000000 -05:00,Sisu Youth Services
130858604,2/27/25,Completed,Volunteer,Shelter Shift ,Shelter Shift,2/18/25,2025-02-18 17:30:00.0000000 -06:00,2025-02-18 19:30:00.0000000 -06:00,Sisu Youth Services
130858604,2/4/25,Completed,Volunteer,Shelter Shift ,Shelter Shift,2/1/25,2025-02-01 17:30:00.0000000 -06:00,2025-02-01 19:30:00.0000000 -06:00,Sisu Youth Services
130858604,2/27/25,Completed,Volunteer,Shelter Shift ,Shelter Shift,2/11/25,2025-02-11 17:30:00.0000000 -06:00,2025-02-11 19:30:00.0000000 -06:00,Sisu Youth Services
130858604,2/27/25,Completed,Volunteer,Shelter Shift ,Shelter Shift,2/6/25,2025-02-06 17:30:00.0000000 -06:00,2025-02-06 19:30:00.0000000 -06:00,Sisu Youth Services
130858604,1/20/25,Completed,Volunteer,Shelter Shift ,Shelter Shift,1/10/25,2025-01-10 17:30:00.0000000 -06:00,2025-01-10 19:30:00.0000000 -06:00,Sisu Youth Services
130858604,1/10/25,Completed,Volunteer,Shelter Shift ,Shelter Shift,1/6/25,2025-01-06 17:30:00.0000000 -06:00,2025-01-06 19:30:00.0000000 -06:00,Sisu Youth Services
130858604,1/20/25,Completed,Volunteer,Shelter Shift ,Shelter Shift,1/14/25,2025-01-14 17:30:00.0000000 -06:00,2025-01-14 19:30:00.0000000 -06:00,Sisu Youth Services
130858604,4/16/25,Completed,Volunteer,Shelter Shift ,Shelter Shift,4/2/25,2025-04-02 17:30:00.0000000 -05:00,2025-04-02 19:30:00.0000000 -05:00,Sisu Youth Services
130858604,4/16/25,Completed,Volunteer,Shelter Shift ,Shelter Shift,4/8/25,2025-04-08 17:30:00.0000000 -05:00,2025-04-08 19:30:00.0000000 -05:00,Sisu Youth Services
130858604,4/29/25,Completed,Volunteer,Shelter Shift ,Shelter Shift,4/18/25,2025-04-18 17:30:00.0000000 -05:00,2025-04-18 19:30:00.0000000 -05:00,Sisu Youth Services
130858604,4/16/25,Completed,Volunteer,Shelter Shift ,Shelter Shift,3/16/25,2025-03-16 17:30:00.0000000 -05:00,2025-03-16 19:30:00.0000000 -05:00,Sisu Youth Services
130858604,4/16/25,Completed,Volunteer,Shelter Shift ,Shelter Shift,3/11/25,2025-03-11 17:30:00.0000000 -05:00,2025-03-11 19:30:00.0000000 -05:00,Sisu Youth Services
130858604,4/16/25,Completed,Volunteer,Shelter Shift ,Shelter Shift,3/1/25,2025-03-01 17:30:00.0000000 -06:00,2025-03-01 19:30:00.0000000 -06:00,Sisu Youth Services
130858604,2/27/25,Completed,Volunteer,Shelter Shift ,Shelter Shift,2/21/25,2025-02-21 17:30:00.0000000 -06:00,2025-02-21 19:30:00.0000000 -06:00,Sisu Youth Services
130858604,1/5/26,Completed,Volunteer,Shelter Shift ,Shelter Shift,11/7/25,2025-11-07 17:30:00.0000000 -06:00,2025-11-07 19:30:00.0000000 -06:00,Sisu Youth Services
130858604,1/5/26,Completed,Volunteer,Shelter Shift ,Shelter Shift,12/4/25,2025-12-04 17:30:00.0000000 -06:00,2025-12-04 19:30:00.0000000 -06:00,Sisu Youth Services
130858604,1/5/26,Completed,Volunteer,Shelter Shift ,Shelter Shift,12/9/25,2025-12-09 17:30:00.0000000 -06:00,2025-12-09 19:30:00.0000000 -06:00,Sisu Youth Services
130858604,1/5/26,Completed,Volunteer,Shelter Shift ,Shelter Shift,12/30/25,2025-12-30 17:30:00.0000000 -06:00,2025-12-30 19:30:00.0000000 -06:00,Sisu Youth Services
130858604,1/5/26,Completed,Volunteer,Shelter Shift ,Shelter Shift,11/29/25,2025-11-29 17:30:00.0000000 -06:00,2025-11-29 19:30:00.0000000 -06:00,Sisu Youth Services
130858604,5/29/25,Completed,Volunteer,Shelter Shift ,Shelter Shift,5/16/25,2025-05-16 17:30:00.0000000 -05:00,2025-05-16 19:30:00.0000000 -05:00,Sisu Youth Services
130858604,5/29/25,Completed,Volunteer,Shelter Shift ,Shelter Shift,5/5/25,2025-05-05 17:30:00.0000000 -05:00,2025-05-05 19:30:00.0000000 -05:00,Sisu Youth Services
130858604,4/29/25,Completed,Volunteer,Shelter Shift ,Shelter Shift,4/29/25,2025-04-29 17:30:00.0000000 -05:00,2025-04-29 19:30:00.0000000 -05:00,Sisu Youth Services
130858604,9/8/25,Completed,Volunteer,Shelter Shift ,Shelter Shift,6/30/25,2025-06-30 17:30:00.0000000 -05:00,2025-06-30 19:30:00.0000000 -05:00,Sisu Youth Services
130858604,6/26/25,Completed,Volunteer,Shelter Shift ,Shelter Shift,6/18/25,2025-06-18 17:30:00.0000000 -05:00,2025-06-18 19:30:00.0000000 -05:00,Sisu Youth Services
130858604,5/29/25,Completed,Volunteer,Shelter Shift ,Shelter Shift,5/30/25,2025-05-30 17:30:00.0000000 -05:00,2025-05-30 19:30:00.0000000 -05:00,Sisu Youth Services
130858604,6/26/25,Completed,Volunteer,Shelter Shift ,Shelter Shift,6/7/25,2025-06-07 17:30:00.0000000 -05:00,2025-06-07 19:30:00.0000000 -05:00,Sisu Youth Services
130858604,11/17/25,Completed,Volunteer,Shelter Shift ,Shelter Shift,9/18/25,2025-09-18 17:30:00.0000000 -05:00,2025-09-18 19:30:00.0000000 -05:00,Sisu Youth Services
130858604,9/8/25,Completed,Volunteer,Shelter Shift ,Shelter Shift,9/3/25,2025-09-03 17:30:00.0000000 -05:00,2025-09-03 19:30:00.0000000 -05:00,Sisu Youth Services
130858604,11/17/25,Completed,Volunteer,Shelter Shift ,Shelter Shift,10/3/25,2025-10-03 16:00:00.0000000 -05:00,2025-10-03 19:00:00.0000000 -05:00,Sisu Youth Services
130858604,11/17/25,Completed,Volunteer,Shelter Shift ,Shelter Shift,10/28/25,2025-10-28 17:30:00.0000000 -05:00,2025-10-28 19:30:00.0000000 -05:00,Sisu Youth Services
130858604,11/17/25,Completed,Volunteer,Shelter Shift ,Shelter Shift,10/18/25,2025-10-18 17:30:00.0000000 -05:00,2025-10-18 19:30:00.0000000 -05:00,Sisu Youth Services
130858604,1/5/26,Completed,Volunteer,Shelter Shift ,Shelter Shift,11/11/25,2025-11-11 17:30:00.0000000 -06:00,2025-11-11 19:30:00.0000000 -06:00,Sisu Youth Services
130858604,9/8/25,Completed,Volunteer,Shelter Shift ,Shelter Shift,8/16/25,2025-08-16 17:30:00.0000000 -05:00,2025-08-16 19:30:00.0000000 -05:00,Sisu Youth Services
130858604,9/8/25,Completed,Volunteer,Shelter Shift ,Shelter Shift,8/26/25,2025-08-26 17:30:00.0000000 -05:00,2025-08-26 19:30:00.0000000 -05:00,Sisu Youth Services
130858604,9/8/25,Completed,Volunteer,Shelter Shift ,Shelter Shift,7/30/25,2025-07-30 17:30:00.0000000 -05:00,2025-07-30 19:30:00.0000000 -05:00,Sisu Youth Services
130858604,9/8/25,Completed,Volunteer,Shelter Shift ,Shelter Shift,7/5/25,2025-07-05 17:30:00.0000000 -05:00,2025-07-05 19:30:00.0000000 -05:00,Sisu Youth Services
130858604,9/8/25,Completed,Volunteer,Shelter Shift ,Shelter Shift,7/19/25,2025-07-19 17:30:00.0000000 -05:00,2025-07-19 19:30:00.0000000 -05:00,Sisu Youth Services
130858604,9/8/25,Completed,Volunteer,Shelter Shift ,Shelter Shift,7/11/25,2025-07-11 17:30:00.0000000 -05:00,2025-07-11 19:30:00.0000000 -05:00,Sisu Youth Services
130858604,1/27/26,Completed,Volunteer,Shelter Shift ,Shelter Shift,1/5/26,2026-01-05 17:30:00.0000000 -06:00,2026-01-05 20:00:00.0000000 -06:00,Sisu Youth Services
130858604,1/27/26,Completed,Volunteer,Shelter Shift ,Shelter Shift,1/22/26,2026-01-22 17:30:00.0000000 -06:00,2026-01-22 20:00:00.0000000 -06:00,Sisu Youth Services
130858604,1/27/26,Completed,Volunteer,Shelter Shift ,Shelter Shift,1/26/26,2026-01-26 17:30:00.0000000 -06:00,2026-01-26 20:00:00.0000000 -06:00,Sisu Youth Services
130858604,1/27/26,Completed,Volunteer,Shelter Shift ,Shelter Shift,1/24/26,2026-01-24 17:30:00.0000000 -06:00,2026-01-24 20:00:00.0000000 -06:00,Sisu Youth Services
130858604,1/27/26,Completed,Volunteer,Shelter Shift ,Shelter Shift,1/13/26,2026-01-13 17:30:00.0000000 -06:00,2026-01-13 20:00:00.0000000 -06:00,Sisu Youth Services
130858604,7/29/24,Completed,Volunteer,June Shelter Shift,Shelter Shift,6/22/24,2024-06-22 17:30:00.0000000 -05:00,2024-06-22 19:30:00.0000000 -05:00,Sisu Youth Services
130858604,7/4/24,Completed,Volunteer,June Shelter Shift,Shelter Shift,6/11/24,2024-06-11 17:30:00.0000000 -05:00,2024-06-11 19:30:00.0000000 -05:00,Sisu Youth Services
130858886,4/10/24,Completed,Volunteer,April Meal Train,Meal Train,4/18/24,2024-04-18 16:00:00.0000000 -05:00,2024-04-18 18:30:00.0000000 -05:00,Sisu Youth Services
130875622,7/29/24,Completed,Volunteer,June Shelter Shift,Shelter Shift,6/19/24,2024-06-19 19:00:00.0000000 -05:00,2024-06-19 22:00:00.0000000 -05:00,Sisu Youth Services
130875622,6/26/25,Completed,Volunteer,Shelter Shift ,Shelter Shift,6/18/25,2025-06-18 09:00:00.0000000 -05:00,2025-06-18 12:00:00.0000000 -05:00,Sisu Youth Services
130875622,1/28/25,Completed,Volunteer,Shelter Shift ,Shelter Shift,1/12/25,2025-01-12 09:00:00.0000000 -06:00,2025-01-12 12:00:00.0000000 -06:00,Sisu Youth Services
130875622,1/28/25,Completed,Volunteer,Shelter Shifts,Shelter Shift,12/15/24,2024-12-15 16:00:00.0000000 -05:00,2024-12-15 19:00:00.0000000 -05:00,Sisu Youth Services
130875622,1/28/25,Completed,Volunteer,Shelter Shifts,Shelter Shift,11/10/24,2024-11-10 16:00:00.0000000 -05:00,2024-11-10 19:00:00.0000000 -05:00,Sisu Youth Services
130875622,1/28/25,Completed,Volunteer,Shelter Shifts,Shelter Shift,10/13/24,2024-10-13 16:00:00.0000000 -04:00,2024-10-13 19:00:00.0000000 -04:00,Sisu Youth Services
130875622,9/23/24,Completed,Volunteer,Shelter Shifts,Shelter Shift,9/21/24,2024-09-21 19:00:00.0000000 -04:00,2024-09-21 22:00:00.0000000 -04:00,Sisu Youth Services
130875622,9/23/24,Completed,Volunteer,Shelter Shifts,Shelter Shift,9/8/24,2024-09-08 19:00:00.0000000 -04:00,2024-09-08 22:00:00.0000000 -04:00,Sisu Youth Services
130875622,7/29/24,Completed,Volunteer,Shelter Shifts,Shelter Shift,7/24/24,2024-07-24 16:00:00.0000000 -04:00,2024-07-24 19:00:00.0000000 -04:00,Sisu Youth Services
130926108,4/29/25,Completed,Volunteer,Shelter Shift ,Shelter Shift,3/20/25,2025-03-20 19:00:00.0000000 -05:00,2025-03-20 22:00:00.0000000 -05:00,Sisu Youth Services
130926108,4/29/25,Completed,Volunteer,Shelter Shift ,Shelter Shift,4/12/25,2025-04-12 19:00:00.0000000 -05:00,2025-04-12 22:00:00.0000000 -05:00,Sisu Youth Services
130926108,4/29/25,Completed,Volunteer,Shelter Shift ,Shelter Shift,3/29/25,2025-03-29 19:00:00.0000000 -05:00,2025-03-29 22:00:00.0000000 -05:00,Sisu Youth Services
130926108,4/29/25,Completed,Volunteer,Shelter Shift ,Shelter Shift,4/5/25,2025-04-05 19:00:00.0000000 -05:00,2025-04-05 22:00:00.0000000 -05:00,Sisu Youth Services
130926108,5/29/25,Completed,Volunteer,Shelter Shift ,Shelter Shift,5/31/25,2025-05-31 17:30:00.0000000 -05:00,2025-05-31 19:30:00.0000000 -05:00,Sisu Youth Services
130926108,4/29/25,Completed,Volunteer,Shelter Shift ,Shelter Shift,4/26/25,2025-04-26 17:30:00.0000000 -05:00,2025-04-26 19:30:00.0000000 -05:00,Sisu Youth Services
130926108,5/29/25,Completed,Volunteer,Shelter Shift ,Shelter Shift,5/3/25,2025-05-03 17:30:00.0000000 -05:00,2025-05-03 19:30:00.0000000 -05:00,Sisu Youth Services
130926108,5/29/25,Completed,Volunteer,Shelter Shift ,Shelter Shift,5/14/25,2025-05-14 17:30:00.0000000 -05:00,2025-05-14 19:30:00.0000000 -05:00,Sisu Youth Services
130926108,4/29/25,Completed,Volunteer,Shadow Shift ,Shelter Shift,3/19/25,2025-03-19 19:00:00.0000000 -05:00,2025-03-19 22:00:00.0000000 -05:00,Sisu Youth Services
130928694,5/21/24,Completed,Volunteer,May Shelter Shift ,Shelter Shift,5/22/24,2024-05-22 17:00:00.0000000 -06:00,2024-05-22 20:00:00.0000000 -06:00,Sisu Youth Services
130929119,4/16/24,Completed,Volunteer,Book Club,PYD,4/20/24,2024-04-20 13:00:00.0000000 -05:00,2024-04-20 15:00:00.0000000 -05:00,Sisu Youth Services
130929119,4/16/24,Completed,Volunteer,Book Club,PYD,2/17/24,2024-02-17 13:00:00.0000000 -06:00,2024-02-17 15:00:00.0000000 -06:00,Sisu Youth Services
130929120,4/16/24,Completed,Volunteer,Book Club,PYD,4/20/24,2024-04-20 13:00:00.0000000 -05:00,2024-04-20 15:00:00.0000000 -05:00,Sisu Youth Services
130929120,4/16/24,Completed,Volunteer,Book Club,PYD,2/17/24,2024-02-17 13:00:00.0000000 -06:00,2024-02-17 15:00:00.0000000 -06:00,Sisu Youth Services
130929280,5/21/24,Completed,Volunteer,Shadow Shift ,Shelter Shift,5/20/24,2024-05-20 18:00:00.0000000 -05:00,2024-05-20 20:00:00.0000000 -05:00,Sisu Youth Services
130929280,9/23/24,Completed,Volunteer,Shelter Shifts,Shelter Shift,9/25/24,2024-09-25 17:30:00.0000000 -04:00,2024-09-25 19:30:00.0000000 -04:00,Sisu Youth Services
130929280,9/23/24,Completed,Volunteer,Shelter Shifts,Shelter Shift,9/28/24,2024-09-28 17:30:00.0000000 -04:00,2024-09-28 19:30:00.0000000 -04:00,Sisu Youth Services
130929280,11/19/24,Completed,Volunteer,Shelter Shifts,Shelter Shift,11/4/24,2024-11-04 17:30:00.0000000 -05:00,2024-11-04 19:30:00.0000000 -05:00,Sisu Youth Services
130929280,1/1/25,Completed,Volunteer,Shelter Shifts,Shelter Shift,12/18/24,2024-12-18 17:30:00.0000000 -05:00,2024-12-18 19:30:00.0000000 -05:00,Sisu Youth Services
130929280,1/1/25,Completed,Volunteer,Shelter Shifts,Shelter Shift,12/2/24,2024-12-02 19:00:00.0000000 -05:00,2024-12-02 22:00:00.0000000 -05:00,Sisu Youth Services
130929280,11/19/24,Completed,Volunteer,Shelter Shifts,Shelter Shift,11/18/24,2024-11-18 17:30:00.0000000 -05:00,2024-11-18 19:30:00.0000000 -05:00,Sisu Youth Services
130947595,7/29/24,Completed,Volunteer,June Shelter Shift,Shelter Shift,6/19/24,2024-06-19 19:00:00.0000000 -05:00,2024-06-19 22:00:00.0000000 -05:00,Sisu Youth Services
131004738,8/6/24,Completed,Volunteer,Meal Train,Meal Train,7/31/24,2024-07-31 16:30:00.0000000 -05:00,2024-07-31 19:30:00.0000000 -05:00,Sisu Youth Services
131004738,5/16/24,Completed,Volunteer,May Meal Train,Meal Train,5/19/24,2024-05-19 16:00:00.0000000 -05:00,2024-05-19 19:00:00.0000000 -05:00,Sisu Youth Services
131004738,4/22/24,Completed,Volunteer,April Meal Train,Meal Train,4/25/24,2024-04-25 16:00:00.0000000 -05:00,2024-04-25 18:30:00.0000000 -05:00,Sisu Youth Services
131004738,4/22/24,Completed,Volunteer,April Meal Train,Meal Train,4/23/24,2024-04-23 16:00:00.0000000 -05:00,2024-04-23 18:30:00.0000000 -05:00,Sisu Youth Services
131004738,4/29/25,Completed,Volunteer,Meal Train,Meal Train,4/28/25,2025-04-28 16:00:00.0000000 -05:00,2025-04-28 19:00:00.0000000 -05:00,Sisu Youth Services
131004738,4/17/25,Completed,Volunteer,Meal Train,Meal Train,4/16/25,2025-04-16 16:00:00.0000000 -05:00,2025-04-16 19:00:00.0000000 -05:00,Sisu Youth Services
131439933,5/7/24,Completed,Volunteer,May Meal Train,Meal Train,5/23/24,2024-05-23 16:00:00.0000000 -05:00,2024-05-23 19:00:00.0000000 -05:00,Sisu Youth Services
131500244,9/23/24,Completed,Volunteer,Shadow Shift ,Shelter Shift,9/21/24,2024-09-21 18:00:00.0000000 -05:00,2024-09-21 20:00:00.0000000 -05:00,Sisu Youth Services
131500244,10/21/24,Completed,Volunteer,Shelter Shifts,Shelter Shift,10/16/24,2024-10-16 17:30:00.0000000 -04:00,2024-10-16 19:30:00.0000000 -04:00,Sisu Youth Services
131500761,5/9/24,Completed,Volunteer,Birthday Party,PYD,5/31/24,2024-05-31 16:00:00.0000000 -05:00,2024-05-31 18:00:00.0000000 -05:00,Sisu Youth Services
131522389,7/29/24,Completed,Volunteer,Shelter Shifts,Shelter Shift,7/24/24,2024-07-24 17:30:00.0000000 -04:00,2024-07-24 19:30:00.0000000 -04:00,Sisu Youth Services
131641724,1/20/25,Completed,Volunteer,Meal Train,Meal Train,1/11/25,2025-01-11 16:00:00.0000000 -06:00,2025-01-11 19:00:00.0000000 -06:00,Sisu Youth Services
131641724,8/18/25,Completed,Volunteer,Meal Train,Meal Train,7/12/25,2025-07-12 16:00:00.0000000 -05:00,2025-07-12 19:00:00.0000000 -05:00,Sisu Youth Services
131641724,6/26/25,Completed,Volunteer,Meal Train,Meal Train,6/15/25,2025-06-15 16:00:00.0000000 -05:00,2025-06-15 19:00:00.0000000 -05:00,Sisu Youth Services
131641724,2/13/25,Completed,Volunteer,Meal Train,Meal Train,2/9/25,2025-02-09 16:00:00.0000000 -06:00,2025-02-09 19:00:00.0000000 -06:00,Sisu Youth Services
131641724,4/17/25,Completed,Volunteer,Meal Train,Meal Train,4/12/25,2025-04-12 16:00:00.0000000 -05:00,2025-04-12 19:00:00.0000000 -05:00,Sisu Youth Services
131641724,3/10/25,Completed,Volunteer,Meal Train,Meal Train,3/8/25,2025-03-08 16:00:00.0000000 -06:00,2025-03-08 19:00:00.0000000 -06:00,Sisu Youth Services
131641724,3/10/25,Completed,Volunteer,Meal Train,Meal Train,3/1/25,2025-03-01 16:00:00.0000000 -06:00,2025-03-01 19:00:00.0000000 -06:00,Sisu Youth Services
131641724,5/14/24,Completed,Volunteer,May Meal Train,Meal Train,5/11/24,2024-05-11 16:00:00.0000000 -05:00,2024-05-11 19:00:00.0000000 -05:00,Sisu Youth Services
131641724,6/7/24,Completed,Volunteer,June Meal Train,Meal Train,6/12/24,2024-06-12 17:00:00.0000000 -05:00,2024-06-12 19:30:00.0000000 -05:00,Sisu Youth Services
131641724,8/19/24,Completed,Volunteer,Meal Train,Meal Train,8/10/24,2024-08-10 16:30:00.0000000 -05:00,2024-08-10 19:30:00.0000000 -05:00,Sisu Youth Services
131641724,8/19/24,Completed,Volunteer,Meal Train,Meal Train,8/19/24,2024-08-19 16:30:00.0000000 -05:00,2024-08-19 19:30:00.0000000 -05:00,Sisu Youth Services
131641724,1/1/25,Completed,Volunteer,Meal Train,Meal Train,12/14/24,2024-12-14 16:30:00.0000000 -06:00,2024-12-14 19:30:00.0000000 -06:00,Sisu Youth Services
131641724,1/1/25,Completed,Volunteer,Meal Train,Meal Train,11/9/24,2024-11-09 16:30:00.0000000 -06:00,2024-11-09 19:30:00.0000000 -06:00,Sisu Youth Services
131641724,1/1/25,Completed,Volunteer,Meal Train,Meal Train,10/12/24,2024-10-12 16:30:00.0000000 -05:00,2024-10-12 19:30:00.0000000 -05:00,Sisu Youth Services
131668408,6/7/24,Completed,Volunteer,June Meal Train,Meal Train,6/30/24,2024-06-30 17:00:00.0000000 -05:00,2024-06-30 19:30:00.0000000 -05:00,Sisu Youth Services
131668408,6/18/24,Completed,Volunteer,May Meal Train,Meal Train,5/30/24,2024-05-30 16:00:00.0000000 -05:00,2024-05-30 19:00:00.0000000 -05:00,Sisu Youth Services
131668408,6/20/25,Completed,Attendee,Volunteer Orientation,Vol Orientatio,7/19/25,2025-07-19 11:00:00.0000000 -05:00,2025-07-19 12:30:00.0000000 -05:00,Sisu Youth Services
131668427,5/29/25,Completed,Volunteer,Meal Train,Meal Train,5/30/25,2025-05-30 16:00:00.0000000 -05:00,2025-05-30 19:00:00.0000000 -05:00,Sisu Youth Services
131668427,5/16/24,Completed,Volunteer,May Meal Train,Meal Train,5/31/24,2024-05-31 16:00:00.0000000 -05:00,2024-05-31 19:00:00.0000000 -05:00,Sisu Youth Services
131668427,10/29/24,Completed,Volunteer,Meal Train,Meal Train,10/25/24,2024-10-25 16:30:00.0000000 -05:00,2024-10-25 19:30:00.0000000 -05:00,Sisu Youth Services
131668427,1/1/25,Completed,Volunteer,Meal Train,Meal Train,12/20/24,2024-12-20 16:30:00.0000000 -06:00,2024-12-20 19:30:00.0000000 -06:00,Sisu Youth Services
132027583,6/7/24,Completed,Volunteer,June Meal Train,Meal Train,6/7/24,2024-06-07 17:00:00.0000000 -05:00,2024-06-07 19:30:00.0000000 -05:00,Sisu Youth Services
132054855,6/5/24,Completed,Volunteer,Birthday Party,PYD,5/31/24,2024-05-31 16:00:00.0000000 -05:00,2024-05-31 18:00:00.0000000 -05:00,Sisu Youth Services
132054857,6/5/24,Completed,Volunteer,Birthday Party,PYD,5/31/24,2024-05-31 16:00:00.0000000 -05:00,2024-05-31 18:00:00.0000000 -05:00,Sisu Youth Services
132054862,6/5/24,Completed,Volunteer,Birthday Party,PYD,5/31/24,2024-05-31 16:00:00.0000000 -05:00,2024-05-31 18:00:00.0000000 -05:00,Sisu Youth Services
132256471,7/22/24,Completed,Volunteer,Shadow Shift ,Shelter Shift,7/18/24,2024-07-18 18:00:00.0000000 -05:00,2024-07-18 20:00:00.0000000 -05:00,Sisu Youth Services
132256471,9/23/24,Completed,Volunteer,Shelter Shifts,Shelter Shift,9/24/24,2024-09-24 17:30:00.0000000 -04:00,2024-09-24 19:30:00.0000000 -04:00,Sisu Youth Services
132256471,9/23/24,Completed,Volunteer,Shelter Shifts,Shelter Shift,9/16/24,2024-09-16 17:30:00.0000000 -04:00,2024-09-16 19:30:00.0000000 -04:00,Sisu Youth Services
132256471,10/21/24,Completed,Volunteer,Shelter Shifts,Shelter Shift,10/18/24,2024-10-18 17:30:00.0000000 -04:00,2024-10-18 19:30:00.0000000 -04:00,Sisu Youth Services
132256471,11/19/24,Completed,Volunteer,Shelter Shifts,Shelter Shift,11/6/24,2024-11-06 17:30:00.0000000 -05:00,2024-11-06 19:30:00.0000000 -05:00,Sisu Youth Services
132376139,7/8/24,Sched-Web,Volunteer,St. John Nepomuk Youth Group Volunteer Day,Group Volunteer,7/18/24,2024-07-18 09:00:00.0000000 -05:00,2024-07-18 11:30:00.0000000 -05:00,Sisu Youth Services
132401686,1/1/25,Completed,Volunteer,Meal Train,Meal Train,10/11/24,2024-10-11 16:30:00.0000000 -05:00,2024-10-11 19:30:00.0000000 -05:00,Sisu Youth Services
132401686,6/19/24,Completed,Volunteer,June Meal Train,Meal Train,6/19/24,2024-06-19 17:00:00.0000000 -05:00,2024-06-19 19:30:00.0000000 -05:00,Sisu Youth Services
132401686,6/26/25,Completed,Volunteer,Meal Train,Meal Train,6/20/25,2025-06-20 16:00:00.0000000 -05:00,2025-06-20 19:00:00.0000000 -05:00,Sisu Youth Services
132424639,9/23/24,Completed,Volunteer,Shadow Shift ,Shelter Shift,9/21/24,2024-09-21 18:00:00.0000000 -05:00,2024-09-21 20:00:00.0000000 -05:00,Sisu Youth Services
132424639,7/27/24,No Show,Data Entry,July Volunteer Orientation (VIRTUAL),Vol Recruitment,7/27/24,2024-07-27 14:00:00.0000000 -05:00,2024-07-27 15:00:00.0000000 -05:00,
132491003,12/19/24,Completed,Volunteer,Sisu Santa Squad,Group Volunteer,12/17/24,2024-12-17 17:00:00.0000000 -05:00,2024-12-17 19:00:00.0000000 -05:00,
132491003,1/20/25,Completed,Volunteer,Meal Train,Meal Train,1/16/25,2025-01-16 16:00:00.0000000 -06:00,2025-01-16 19:00:00.0000000 -06:00,Sisu Youth Services
132492372,7/9/24,Completed,Volunteer,Meal Train,Meal Train,7/20/24,2024-07-20 16:30:00.0000000 -05:00,2024-07-20 19:30:00.0000000 -05:00,Sisu Youth Services
132492372,9/12/24,Completed,Volunteer,Birthday Party,PYD,8/30/24,2024-08-30 16:00:00.0000000 -05:00,2024-08-30 18:00:00.0000000 -05:00,Sisu Youth Services
132496765,7/11/24,Completed,Volunteer,Meal Train,Meal Train,7/13/24,2024-07-13 16:30:00.0000000 -05:00,2024-07-13 19:30:00.0000000 -05:00,Sisu Youth Services
132496857,7/12/24,Sched-Web,Data Entry,July Volunteer Orientation (VIRTUAL),Vol Recruitment,7/27/24,2024-07-27 14:00:00.0000000 -05:00,2024-07-27 15:00:00.0000000 -05:00,
132544846,7/15/24,Completed,Volunteer,Meal Train,Meal Train,7/21/24,2024-07-21 16:30:00.0000000 -05:00,2024-07-21 19:30:00.0000000 -05:00,Sisu Youth Services
132658397,7/24/24,Sched-Web,Data Entry,July Volunteer Orientation (VIRTUAL),Vol Recruitment,7/27/24,2024-07-27 14:00:00.0000000 -05:00,2024-07-27 15:00:00.0000000 -05:00,
132658397,11/22/24,Completed,Volunteer,Shadow Shift ,Shelter Shift,10/9/24,2024-10-09 18:00:00.0000000 -05:00,2024-10-09 20:00:00.0000000 -05:00,Sisu Youth Services
132658397,11/22/24,Completed,Volunteer,Shelter Shifts,Shelter Shift,10/30/24,2024-10-30 17:30:00.0000000 -04:00,2024-10-30 19:30:00.0000000 -04:00,Sisu Youth Services
132658397,11/19/24,Completed,Volunteer,Shelter Shifts,Shelter Shift,11/3/24,2024-11-03 17:30:00.0000000 -05:00,2024-11-03 19:30:00.0000000 -05:00,Sisu Youth Services
132659668,11/19/24,Completed,Volunteer,Shelter Shifts,Shelter Shift,11/6/24,2024-11-06 17:30:00.0000000 -05:00,2024-11-06 19:30:00.0000000 -05:00,Sisu Youth Services
132659668,11/19/24,Completed,Volunteer,Shelter Shifts,Shelter Shift,11/16/24,2024-11-16 17:30:00.0000000 -05:00,2024-11-16 19:30:00.0000000 -05:00,Sisu Youth Services
132659668,1/1/25,Completed,Volunteer,Shelter Shifts,Shelter Shift,12/6/24,2024-12-06 17:30:00.0000000 -05:00,2024-12-06 19:30:00.0000000 -05:00,Sisu Youth Services
132659668,7/26/24,Completed,Attendee,July Volunteer Orientation (VIRTUAL),Vol Recruitment,7/27/24,2024-07-27 14:00:00.0000000 -05:00,2024-07-27 15:00:00.0000000 -05:00,
132678566,12/5/24,Completed,Data Entry,Connection and Care,Vol Recruitment,12/10/24,2024-12-10 18:30:00.0000000 -05:00,2024-12-10 20:00:00.0000000 -05:00,
132693652,7/26/24,Sched-Web,Data Entry,July Volunteer Orientation (VIRTUAL),Vol Recruitment,7/27/24,2024-07-27 14:00:00.0000000 -05:00,2024-07-27 15:00:00.0000000 -05:00,
132789761,8/1/24,Completed,Volunteer,Meal Train,Meal Train,8/17/24,2024-08-17 16:30:00.0000000 -05:00,2024-08-17 19:30:00.0000000 -05:00,Sisu Youth Services
132929522,8/7/24,Completed,Volunteer,Client Haircuts ,PYD,8/5/24,2024-08-05 10:00:00.0000000 -05:00,2024-08-05 13:00:00.0000000 -05:00,Sisu Youth Services
132929522,8/7/24,Scheduled,Volunteer,Client Haircuts ,PYD,8/12/24,2024-08-12 10:00:00.0000000 -05:00,2024-08-12 13:00:00.0000000 -05:00,Sisu Youth Services
132929522,2/27/25,Completed,Volunteer,Drop In Haircuts ,Shelter Shift,2/19/25,2025-02-19 10:00:00.0000000 -05:00,2025-02-19 13:00:00.0000000 -05:00,Sisu Youth Services
132931995,8/8/24,Sched-Web,Volunteer,RSM Volunteer Day,Group Volunteer,8/8/24,2024-08-08 10:00:00.0000000 -05:00,2024-08-08 17:00:00.0000000 -05:00,Sisu Youth Services
132933680,8/8/24,Sched-Web,Volunteer,RSM Volunteer Day,Group Volunteer,8/8/24,2024-08-08 10:00:00.0000000 -05:00,2024-08-08 17:00:00.0000000 -05:00,Sisu Youth Services
132933682,8/8/24,Sched-Web,Volunteer,RSM Volunteer Day,Group Volunteer,8/8/24,2024-08-08 10:00:00.0000000 -05:00,2024-08-08 17:00:00.0000000 -05:00,Sisu Youth Services
132933684,8/8/24,Sched-Web,Volunteer,RSM Volunteer Day,Group Volunteer,8/8/24,2024-08-08 10:00:00.0000000 -05:00,2024-08-08 17:00:00.0000000 -05:00,Sisu Youth Services
132933691,8/8/24,Sched-Web,Volunteer,RSM Volunteer Day,Group Volunteer,8/8/24,2024-08-08 10:00:00.0000000 -05:00,2024-08-08 17:00:00.0000000 -05:00,Sisu Youth Services
132933695,8/8/24,Sched-Web,Volunteer,RSM Volunteer Day,Group Volunteer,8/8/24,2024-08-08 10:00:00.0000000 -05:00,2024-08-08 17:00:00.0000000 -05:00,Sisu Youth Services
132933697,8/8/24,Sched-Web,Volunteer,RSM Volunteer Day,Group Volunteer,8/8/24,2024-08-08 10:00:00.0000000 -05:00,2024-08-08 17:00:00.0000000 -05:00,Sisu Youth Services
132933698,8/8/24,Sched-Web,Volunteer,RSM Volunteer Day,Group Volunteer,8/8/24,2024-08-08 10:00:00.0000000 -05:00,2024-08-08 17:00:00.0000000 -05:00,Sisu Youth Services
132933700,8/8/24,Sched-Web,Volunteer,RSM Volunteer Day,Group Volunteer,8/8/24,2024-08-08 10:00:00.0000000 -05:00,2024-08-08 17:00:00.0000000 -05:00,Sisu Youth Services
132933703,8/8/24,Sched-Web,Volunteer,RSM Volunteer Day,Group Volunteer,8/8/24,2024-08-08 10:00:00.0000000 -05:00,2024-08-08 17:00:00.0000000 -05:00,Sisu Youth Services
132933704,8/8/24,Sched-Web,Volunteer,RSM Volunteer Day,Group Volunteer,8/8/24,2024-08-08 10:00:00.0000000 -05:00,2024-08-08 17:00:00.0000000 -05:00,Sisu Youth Services
132933707,8/8/24,Sched-Web,Volunteer,RSM Volunteer Day,Group Volunteer,8/8/24,2024-08-08 10:00:00.0000000 -05:00,2024-08-08 17:00:00.0000000 -05:00,Sisu Youth Services
132933710,8/8/24,Sched-Web,Volunteer,RSM Volunteer Day,Group Volunteer,8/8/24,2024-08-08 10:00:00.0000000 -05:00,2024-08-08 17:00:00.0000000 -05:00,Sisu Youth Services
132933712,8/8/24,Sched-Web,Volunteer,RSM Volunteer Day,Group Volunteer,8/8/24,2024-08-08 10:00:00.0000000 -05:00,2024-08-08 17:00:00.0000000 -05:00,Sisu Youth Services
132933713,8/8/24,Sched-Web,Volunteer,RSM Volunteer Day,Group Volunteer,8/8/24,2024-08-08 10:00:00.0000000 -05:00,2024-08-08 17:00:00.0000000 -05:00,Sisu Youth Services
132933714,8/8/24,Sched-Web,Volunteer,RSM Volunteer Day,Group Volunteer,8/8/24,2024-08-08 10:00:00.0000000 -05:00,2024-08-08 17:00:00.0000000 -05:00,Sisu Youth Services
132933720,8/8/24,Sched-Web,Volunteer,RSM Volunteer Day,Group Volunteer,8/8/24,2024-08-08 10:00:00.0000000 -05:00,2024-08-08 17:00:00.0000000 -05:00,Sisu Youth Services
132933726,8/8/24,Sched-Web,Volunteer,RSM Volunteer Day,Group Volunteer,8/8/24,2024-08-08 10:00:00.0000000 -05:00,2024-08-08 17:00:00.0000000 -05:00,Sisu Youth Services
132657689,7/24/24,Sched-Web,Data Entry,July Volunteer Orientation (VIRTUAL),Vol Recruitment,7/27/24,2024-07-27 14:00:00.0000000 -05:00,2024-07-27 15:00:00.0000000 -05:00,
132933753,8/8/24,Sched-Web,Volunteer,RSM Volunteer Day,Group Volunteer,8/8/24,2024-08-08 10:00:00.0000000 -05:00,2024-08-08 17:00:00.0000000 -05:00,Sisu Youth Services
132933908,8/8/24,Sched-Web,Volunteer,RSM Volunteer Day,Group Volunteer,8/8/24,2024-08-08 10:00:00.0000000 -05:00,2024-08-08 17:00:00.0000000 -05:00,Sisu Youth Services
132933927,8/8/24,Sched-Web,Volunteer,RSM Volunteer Day,Group Volunteer,8/8/24,2024-08-08 10:00:00.0000000 -05:00,2024-08-08 17:00:00.0000000 -05:00,Sisu Youth Services
132934243,8/8/24,Sched-Web,Volunteer,RSM Volunteer Day,Group Volunteer,8/8/24,2024-08-08 10:00:00.0000000 -05:00,2024-08-08 17:00:00.0000000 -05:00,Sisu Youth Services
133026921,9/2/24,Completed,Volunteer,Health Corp ,PYD,8/19/24,2024-08-19 16:30:00.0000000 -05:00,2024-08-19 17:30:00.0000000 -05:00,Sisu Youth Services
133026921,9/2/24,Completed,Volunteer,Health Corp ,PYD,8/26/24,2024-08-26 16:30:00.0000000 -05:00,2024-08-26 17:30:00.0000000 -05:00,Sisu Youth Services
133026921,10/21/24,Completed,Volunteer,Health Corp ,PYD,9/30/24,2024-09-30 16:30:00.0000000 -05:00,2024-09-30 17:30:00.0000000 -05:00,Sisu Youth Services
133026921,10/21/24,Completed,Volunteer,Health Corp ,PYD,10/7/24,2024-10-07 16:30:00.0000000 -05:00,2024-10-07 17:30:00.0000000 -05:00,Sisu Youth Services
133026921,10/21/24,Completed,Volunteer,Health Corp ,PYD,10/14/24,2024-10-14 16:30:00.0000000 -05:00,2024-10-14 17:30:00.0000000 -05:00,Sisu Youth Services
133026921,2/4/25,Completed,Volunteer,PYD Workshop,PYD,1/28/25,2025-01-28 16:00:00.0000000 -06:00,2025-01-28 18:00:00.0000000 -06:00,Sisu Youth Services
133026921,1/20/25,Completed,Volunteer,PYD Workshop,PYD,1/14/25,2025-01-14 16:00:00.0000000 -06:00,2025-01-14 18:00:00.0000000 -06:00,Sisu Youth Services
133049243,2/27/25,Completed,Volunteer,PYD Workshop,PYD,2/6/25,2025-02-06 16:00:00.0000000 -06:00,2025-02-06 18:00:00.0000000 -06:00,Sisu Youth Services
133049243,2/27/25,Completed,Volunteer,PYD Workshop,PYD,1/30/25,2025-01-30 16:00:00.0000000 -06:00,2025-01-30 18:00:00.0000000 -06:00,Sisu Youth Services
133049243,2/27/25,Completed,Volunteer,PYD Workshop,PYD,2/27/25,2025-02-27 16:00:00.0000000 -06:00,2025-02-27 18:00:00.0000000 -06:00,Sisu Youth Services
133049243,5/29/25,Completed,Volunteer,PYD Workshop,PYD,5/8/25,2025-05-08 16:00:00.0000000 -05:00,2025-05-08 18:00:00.0000000 -05:00,Sisu Youth Services
133049243,5/29/25,Completed,Volunteer,PYD Workshop,PYD,5/15/25,2025-05-15 16:00:00.0000000 -05:00,2025-05-15 18:00:00.0000000 -05:00,Sisu Youth Services
133049243,9/23/24,Completed,Volunteer,Shelter Shifts,Shelter Shift,9/12/24,2024-09-12 19:00:00.0000000 -04:00,2024-09-12 22:00:00.0000000 -04:00,Sisu Youth Services
133049243,9/23/24,Completed,Volunteer,Shelter Shifts,Shelter Shift,9/5/24,2024-09-05 19:00:00.0000000 -04:00,2024-09-05 22:00:00.0000000 -04:00,Sisu Youth Services
133049243,9/23/24,Completed,Volunteer,Shelter Shifts,Shelter Shift,8/29/24,2024-08-29 19:00:00.0000000 -04:00,2024-08-29 22:00:00.0000000 -04:00,Sisu Youth Services
133049243,9/30/24,Completed,Volunteer,Shelter Shifts,Shelter Shift,9/19/24,2024-09-19 19:00:00.0000000 -04:00,2024-09-19 22:00:00.0000000 -04:00,Sisu Youth Services
133480225,8/28/24,Completed,Volunteer,Client Haircuts ,PYD,8/23/24,2024-08-23 10:00:00.0000000 -05:00,2024-08-23 13:00:00.0000000 -05:00,Sisu Youth Services
133480225,8/21/24,Completed,Volunteer,Client Haircuts ,PYD,7/10/24,2024-07-10 10:00:00.0000000 -05:00,2024-07-10 13:00:00.0000000 -05:00,Sisu Youth Services
133480225,1/27/26,Scheduled,Volunteer,Drop In Haircuts ,Shelter Shift,1/28/26,2026-01-28 10:00:00.0000000 -05:00,2026-01-28 13:00:00.0000000 -05:00,Sisu Youth Services
133480225,2/27/25,Completed,Volunteer,Drop In Haircuts ,Shelter Shift,2/5/25,2025-02-05 10:00:00.0000000 -05:00,2025-02-05 13:00:00.0000000 -05:00,Sisu Youth Services
133483644,8/21/24,Completed,Volunteer,Client Haircuts ,PYD,7/17/24,2024-07-17 10:00:00.0000000 -05:00,2024-07-17 13:00:00.0000000 -05:00,Sisu Youth Services
133768833,4/25/24,Completed,Volunteer,April Shelter Shift,Shelter Shift,4/24/24,2024-04-24 17:30:00.0000000 -05:00,2024-04-24 19:30:00.0000000 -05:00,Sisu Youth Services
133785591,10/4/24,Completed,Volunteer,LexisNexis Volunteer Group,Group Volunteer,10/4/24,2024-10-04 09:00:00.0000000 -05:00,2024-10-04 12:00:00.0000000 -05:00,Sisu Youth Services
133835552,2/28/25,No Show,Attendee,March Volunteer Orientation ,Vol Orientatio,3/1/25,2025-03-01 11:00:00.0000000 -06:00,2025-03-01 12:00:00.0000000 -06:00,Sisu Youth Services
133913030,3/12/25,Completed,Volunteer,Trunk or Treat ,Group Volunteer,10/25/24,2024-10-25 18:00:00.0000000 -05:00,2024-10-25 20:00:00.0000000 -05:00,Sisu Youth Services
134143030,5/29/25,Completed,Volunteer,PYD Workshop,PYD,5/4/25,2025-05-04 16:00:00.0000000 -05:00,2025-05-04 18:00:00.0000000 -05:00,Sisu Youth Services
134143030,4/16/25,Completed,Volunteer,PYD Workshop,PYD,4/6/25,2025-04-06 16:00:00.0000000 -05:00,2025-04-06 18:00:00.0000000 -05:00,Sisu Youth Services
134143030,4/16/25,Completed,Volunteer,PYD Workshop,PYD,3/2/25,2025-03-02 16:00:00.0000000 -06:00,2025-03-02 18:00:00.0000000 -06:00,Sisu Youth Services
134143030,2/4/25,Completed,Volunteer,PYD Workshop,PYD,2/2/25,2025-02-02 16:00:00.0000000 -06:00,2025-02-02 18:00:00.0000000 -06:00,Sisu Youth Services
134143030,2/4/25,Completed,Volunteer,PYD Workshop,PYD,1/5/25,2025-01-05 16:00:00.0000000 -06:00,2025-01-05 18:00:00.0000000 -06:00,Sisu Youth Services
134143030,1/27/26,Completed,Volunteer,PYD Workshop,PYD,12/7/25,2025-12-07 16:00:00.0000000 -06:00,2025-12-07 18:00:00.0000000 -06:00,Sisu Youth Services
134143030,1/27/26,Completed,Volunteer,PYD Workshop,PYD,11/2/25,2025-11-02 16:00:00.0000000 -06:00,2025-11-02 18:00:00.0000000 -06:00,Sisu Youth Services
134143030,1/27/26,Completed,Volunteer,PYD Workshop,PYD,10/5/25,2025-10-05 16:00:00.0000000 -05:00,2025-10-05 18:00:00.0000000 -05:00,Sisu Youth Services
134143030,9/8/25,Completed,Volunteer,PYD Workshop,PYD,9/7/25,2025-09-07 16:00:00.0000000 -05:00,2025-09-07 18:00:00.0000000 -05:00,Sisu Youth Services
134143030,9/8/25,Completed,Volunteer,PYD Workshop,PYD,8/3/25,2025-08-03 16:00:00.0000000 -05:00,2025-08-03 18:00:00.0000000 -05:00,Sisu Youth Services
134143030,9/8/25,Completed,Volunteer,PYD Workshop,PYD,7/6/25,2025-07-06 16:00:00.0000000 -05:00,2025-07-06 18:00:00.0000000 -05:00,Sisu Youth Services
134143030,5/29/25,Completed,Volunteer,PYD Workshop,PYD,6/1/25,2025-06-01 16:00:00.0000000 -05:00,2025-06-01 18:00:00.0000000 -05:00,Sisu Youth Services
134143030,8/19/24,Completed,Volunteer,Shelter Shifts,Shelter Shift,8/18/24,2024-08-18 16:00:00.0000000 -04:00,2024-08-18 19:00:00.0000000 -04:00,Sisu Youth Services
134143030,11/19/24,Completed,Volunteer,Shelter Shifts,Shelter Shift,11/3/24,2024-11-03 19:00:00.0000000 -05:00,2024-11-03 22:00:00.0000000 -05:00,Sisu Youth Services
134143030,1/27/26,Completed,Volunteer,PYD ,PYD,1/4/26,2026-01-04 12:00:00.0000000 -06:00,2026-01-04 13:00:00.0000000 -06:00,Sisu Youth Services
134143030,7/1/24,Completed,Volunteer,Shadow Shift ,Shelter Shift,6/27/24,2024-06-27 18:00:00.0000000 -05:00,2024-06-27 20:00:00.0000000 -05:00,Sisu Youth Services
134143925,5/2/25,Completed,Attendee,Volunteer Orientation,Vol Orientatio,5/3/25,2025-05-03 11:00:00.0000000 -04:00,2025-05-03 12:30:00.0000000 -04:00,Sisu Youth Services
134143925,12/2/25,Scheduled,Volunteer,PYD Workshop,PYD,12/3/25,2025-12-03 16:00:00.0000000 -06:00,2025-12-03 18:00:00.0000000 -06:00,Sisu Youth Services
134143925,12/2/25,Sched-Web,Volunteer,Meal Train,Meal Train,12/3/25,2025-12-03 16:00:00.0000000 -06:00,2025-12-03 19:00:00.0000000 -06:00,Sisu Youth Services
134143969,1/1/25,Completed,Volunteer,Shelter Shifts,Shelter Shift,12/11/24,2024-12-11 19:00:00.0000000 -05:00,2024-12-11 22:00:00.0000000 -05:00,Sisu Youth Services
134143969,9/23/24,Completed,Volunteer,Shadow Shift ,Shelter Shift,9/17/24,2024-09-17 18:00:00.0000000 -05:00,2024-09-17 20:00:00.0000000 -05:00,Sisu Youth Services
134144865,1/14/25,Completed,Data Entry,Sammies with Sisu,Vol Recruitment,1/21/25,2025-01-21 12:00:00.0000000 -06:00,2025-01-21 13:00:00.0000000 -06:00,
134144865,5/29/25,Completed,Volunteer,Shadow Shift ,Shelter Shift,4/23/25,2025-04-23 19:00:00.0000000 -05:00,2025-04-23 22:00:00.0000000 -05:00,Sisu Youth Services
134144865,5/29/25,Completed,Volunteer,Shelter Shift ,Shelter Shift,5/19/25,2025-05-19 17:30:00.0000000 -05:00,2025-05-19 19:30:00.0000000 -05:00,Sisu Youth Services
134144865,5/29/25,Completed,Volunteer,Shelter Shift ,Shelter Shift,5/5/25,2025-05-05 17:30:00.0000000 -05:00,2025-05-05 19:30:00.0000000 -05:00,Sisu Youth Services
134158362,2/4/25,Completed,Volunteer,Shadow Shift ,Shelter Shift,1/8/25,2025-01-08 19:00:00.0000000 -06:00,2025-01-08 22:00:00.0000000 -06:00,Sisu Youth Services
134158362,2/4/25,Completed,Volunteer,Shadow Shift ,Shelter Shift,2/2/25,2025-02-02 19:00:00.0000000 -06:00,2025-02-02 22:00:00.0000000 -06:00,Sisu Youth Services
134171407,9/12/24,Scheduled,Volunteer,Client Haircuts ,PYD,9/23/24,2024-09-23 10:00:00.0000000 -05:00,2024-09-23 13:00:00.0000000 -05:00,Sisu Youth Services
134171746,1/20/25,Completed,Volunteer,Meal Train,Meal Train,1/26/25,2025-01-26 16:00:00.0000000 -06:00,2025-01-26 19:00:00.0000000 -06:00,Sisu Youth Services
134171746,1/1/25,Completed,Volunteer,Meal Train,Meal Train,10/24/24,2024-10-24 16:30:00.0000000 -05:00,2024-10-24 19:30:00.0000000 -05:00,Sisu Youth Services
134305765,10/23/24,Completed,Volunteer,Women of Faith ,Group Volunteer,10/22/24,2024-10-22 10:00:00.0000000 -05:00,2024-10-22 12:00:00.0000000 -05:00,Sisu Youth Services
134475960,9/20/24,Completed,Volunteer,Meal Train,Meal Train,10/3/24,2024-10-03 16:30:00.0000000 -05:00,2024-10-03 19:30:00.0000000 -05:00,Sisu Youth Services
134475960,9/20/24,Completed,Volunteer,Sept Meal Train ,Meal Train,9/14/23,2023-09-14 16:30:00.0000000 -05:00,2023-09-14 18:30:00.0000000 -05:00,Sisu Youth Services
134475960,9/20/24,Completed,Volunteer,Sept Meal Train ,Meal Train,9/7/23,2023-09-07 16:30:00.0000000 -05:00,2023-09-07 18:30:00.0000000 -05:00,Sisu Youth Services
134476027,1/21/25,Sched-Web,Data Entry,Sammies with Sisu,Vol Recruitment,1/21/25,2025-01-21 12:00:00.0000000 -06:00,2025-01-21 13:00:00.0000000 -06:00,
134476027,9/20/24,Completed,Volunteer,Trunk or Treat ,Group Volunteer,10/25/24,2024-10-25 18:00:00.0000000 -05:00,2024-10-25 20:00:00.0000000 -05:00,Sisu Youth Services
134559020,9/26/24,Sched-Web,Volunteer,Fence Building Day ,Group Volunteer,10/6/24,2024-10-06 11:00:00.0000000 -05:00,2024-10-06 15:00:00.0000000 -05:00,Sisu Youth Services
134559020,3/5/25,Completed,Volunteer,Meal Train,Meal Train,2/28/25,2025-02-28 16:00:00.0000000 -06:00,2025-02-28 19:00:00.0000000 -06:00,
134612834,11/19/24,Completed,Volunteer,Shelter Shifts,Shelter Shift,11/12/24,2024-11-12 19:00:00.0000000 -05:00,2024-11-12 22:00:00.0000000 -05:00,Sisu Youth Services
134856975,10/10/24,Completed,Volunteer,LexisNexis Volunteer Group,Group Volunteer,10/4/24,2024-10-04 09:00:00.0000000 -05:00,2024-10-04 12:00:00.0000000 -05:00,Sisu Youth Services
134856976,10/10/24,Completed,Volunteer,LexisNexis Volunteer Group,Group Volunteer,10/4/24,2024-10-04 09:00:00.0000000 -05:00,2024-10-04 12:00:00.0000000 -05:00,Sisu Youth Services
134856981,10/10/24,Completed,Volunteer,LexisNexis Volunteer Group,Group Volunteer,10/4/24,2024-10-04 09:00:00.0000000 -05:00,2024-10-04 12:00:00.0000000 -05:00,Sisu Youth Services
134856982,10/10/24,Completed,Volunteer,LexisNexis Volunteer Group,Group Volunteer,10/4/24,2024-10-04 09:00:00.0000000 -05:00,2024-10-04 12:00:00.0000000 -05:00,Sisu Youth Services
134856983,10/10/24,Completed,Volunteer,LexisNexis Volunteer Group,Group Volunteer,10/4/24,2024-10-04 09:00:00.0000000 -05:00,2024-10-04 12:00:00.0000000 -05:00,Sisu Youth Services
134856984,10/10/24,Completed,Volunteer,LexisNexis Volunteer Group,Group Volunteer,10/4/24,2024-10-04 09:00:00.0000000 -05:00,2024-10-04 12:00:00.0000000 -05:00,Sisu Youth Services
134857007,10/10/24,Completed,Volunteer,LexisNexis Volunteer Group,Group Volunteer,10/4/24,2024-10-04 09:00:00.0000000 -05:00,2024-10-04 12:00:00.0000000 -05:00,Sisu Youth Services
134907491,10/21/24,Completed,Volunteer,Health Corp ,PYD,10/14/24,2024-10-14 16:30:00.0000000 -05:00,2024-10-14 17:30:00.0000000 -05:00,Sisu Youth Services
134958489,10/23/24,Completed,Volunteer,Women of Faith ,Group Volunteer,10/22/24,2024-10-22 10:00:00.0000000 -05:00,2024-10-22 12:00:00.0000000 -05:00,Sisu Youth Services
134958497,10/23/24,Completed,Volunteer,Women of Faith ,Group Volunteer,10/22/24,2024-10-22 10:00:00.0000000 -05:00,2024-10-22 12:00:00.0000000 -05:00,Sisu Youth Services
134962651,10/24/24,Completed,Volunteer,Women of Faith ,Group Volunteer,10/22/24,2024-10-22 10:00:00.0000000 -05:00,2024-10-22 12:00:00.0000000 -05:00,Sisu Youth Services
134962671,10/24/24,Completed,Volunteer,Women of Faith ,Group Volunteer,10/22/24,2024-10-22 10:00:00.0000000 -05:00,2024-10-22 12:00:00.0000000 -05:00,Sisu Youth Services
134962673,10/24/24,Completed,Volunteer,Women of Faith ,Group Volunteer,10/22/24,2024-10-22 10:00:00.0000000 -05:00,2024-10-22 12:00:00.0000000 -05:00,Sisu Youth Services
134962684,10/24/24,Completed,Volunteer,Women of Faith ,Group Volunteer,10/22/24,2024-10-22 10:00:00.0000000 -05:00,2024-10-22 12:00:00.0000000 -05:00,Sisu Youth Services
134962693,10/24/24,Completed,Volunteer,Women of Faith ,Group Volunteer,10/22/24,2024-10-22 10:00:00.0000000 -05:00,2024-10-22 12:00:00.0000000 -05:00,Sisu Youth Services
134962702,10/24/24,Completed,Volunteer,Women of Faith ,Group Volunteer,10/22/24,2024-10-22 10:00:00.0000000 -05:00,2024-10-22 12:00:00.0000000 -05:00,Sisu Youth Services
134963831,2/26/25,Completed,Volunteer,Shelter Shifts,Shelter Shift,12/30/24,2024-12-30 19:00:00.0000000 -05:00,2024-12-30 22:00:00.0000000 -05:00,Sisu Youth Services
134963831,1/1/25,Completed,Volunteer,Shelter Shifts,Shelter Shift,12/13/24,2024-12-13 17:30:00.0000000 -05:00,2024-12-13 19:30:00.0000000 -05:00,Sisu Youth Services
134963831,1/30/25,Completed,Volunteer,Shelter Shifts,Shelter Shift,12/19/24,2024-12-19 17:30:00.0000000 -05:00,2024-12-19 19:30:00.0000000 -05:00,Sisu Youth Services
134963831,1/30/25,Completed,Volunteer,Shelter Shifts,Shelter Shift,12/23/24,2024-12-23 19:00:00.0000000 -05:00,2024-12-23 22:00:00.0000000 -05:00,Sisu Youth Services
134963831,2/26/25,Completed,Volunteer,Shelter Shifts,Shelter Shift,11/16/24,2024-11-16 16:00:00.0000000 -05:00,2024-11-16 19:00:00.0000000 -05:00,Sisu Youth Services
134963831,2/26/25,Completed,Volunteer,Meal Train,Meal Train,1/17/25,2025-01-17 16:00:00.0000000 -06:00,2025-01-17 19:00:00.0000000 -06:00,Sisu Youth Services
134963831,2/26/25,Completed,Volunteer,Shelter Shift ,Shelter Shift,1/1/25,2025-01-01 16:00:00.0000000 -06:00,2025-01-01 19:00:00.0000000 -06:00,Sisu Youth Services
134963831,2/26/25,Completed,Volunteer,Shelter Shift ,Shelter Shift,1/17/25,2025-01-17 17:30:00.0000000 -06:00,2025-01-17 19:30:00.0000000 -06:00,Sisu Youth Services
134963831,2/26/25,Completed,Volunteer,Shelter Shift ,Shelter Shift,2/7/25,2025-02-07 17:30:00.0000000 -06:00,2025-02-07 19:30:00.0000000 -06:00,Sisu Youth Services
134963831,1/30/25,Completed,Volunteer,Shelter Shift ,Shelter Shift,1/24/25,2025-01-24 17:30:00.0000000 -06:00,2025-01-24 19:30:00.0000000 -06:00,Sisu Youth Services
134963831,2/26/25,Completed,Volunteer,Shelter Shift ,Shelter Shift,2/21/25,2025-02-21 17:30:00.0000000 -06:00,2025-02-21 19:30:00.0000000 -06:00,Sisu Youth Services
134963831,5/29/25,Completed,Volunteer,Shelter Shift ,Shelter Shift,5/16/25,2025-05-16 17:30:00.0000000 -05:00,2025-05-16 19:30:00.0000000 -05:00,Sisu Youth Services
134963831,5/29/25,Completed,Volunteer,Shelter Shift ,Shelter Shift,5/7/25,2025-05-07 09:00:00.0000000 -05:00,2025-05-07 12:00:00.0000000 -05:00,Sisu Youth Services
134963831,6/2/25,Completed,Volunteer,Shelter Shift ,Shelter Shift,5/31/25,2025-05-31 17:30:00.0000000 -05:00,2025-05-31 19:30:00.0000000 -05:00,Sisu Youth Services
134963831,2/26/25,Completed,Volunteer,Shadow Shift ,Shelter Shift,11/22/24,2024-11-22 18:00:00.0000000 -06:00,2024-11-22 20:00:00.0000000 -06:00,Sisu Youth Services
134963831,1/30/25,Completed,Volunteer,Shadow Shift ,Shelter Shift,11/27/24,2024-11-27 18:00:00.0000000 -06:00,2024-11-27 20:00:00.0000000 -06:00,Sisu Youth Services
134973896,2/12/25,Completed,Attendee,March Volunteer Orientation ,Vol Orientatio,3/1/25,2025-03-01 11:00:00.0000000 -06:00,2025-03-01 12:00:00.0000000 -06:00,Sisu Youth Services
134985825,10/29/24,Sched-Web,Volunteer,OU Little Event Volunteer Day,Group Volunteer,10/26/24,2024-10-26 09:00:00.0000000 -04:00,2024-10-26 12:00:00.0000000 -04:00,Sisu Youth Services
134987232,10/29/24,Sched-Web,Volunteer,OU Little Event Volunteer Day,Group Volunteer,10/26/24,2024-10-26 09:00:00.0000000 -04:00,2024-10-26 12:00:00.0000000 -04:00,Sisu Youth Services
134987238,10/29/24,Sched-Web,Volunteer,OU Little Event Volunteer Day,Group Volunteer,10/26/24,2024-10-26 09:00:00.0000000 -04:00,2024-10-26 12:00:00.0000000 -04:00,Sisu Youth Services
134987239,10/29/24,Sched-Web,Volunteer,OU Little Event Volunteer Day,Group Volunteer,10/26/24,2024-10-26 09:00:00.0000000 -04:00,2024-10-26 12:00:00.0000000 -04:00,Sisu Youth Services
134987241,10/29/24,Sched-Web,Volunteer,OU Little Event Volunteer Day,Group Volunteer,10/26/24,2024-10-26 09:00:00.0000000 -04:00,2024-10-26 12:00:00.0000000 -04:00,Sisu Youth Services
135117620,1/15/25,Completed,Data Entry,Sammies with Sisu,Vol Recruitment,1/21/25,2025-01-21 12:00:00.0000000 -06:00,2025-01-21 13:00:00.0000000 -06:00,
135167002,2/4/25,Completed,Volunteer,Shelter Shift ,Shelter Shift,1/25/25,2025-01-25 09:00:00.0000000 -06:00,2025-01-25 12:00:00.0000000 -06:00,Sisu Youth Services
135167002,2/4/25,Completed,Volunteer,Shelter Shift ,Shelter Shift,1/19/25,2025-01-19 17:30:00.0000000 -06:00,2025-01-19 19:30:00.0000000 -06:00,Sisu Youth Services
135167002,6/26/25,Completed,Volunteer,Shelter Shift ,Shelter Shift,6/8/25,2025-06-08 09:00:00.0000000 -05:00,2025-06-08 12:00:00.0000000 -05:00,Sisu Youth Services
135167002,6/26/25,Completed,Volunteer,Shelter Shift ,Shelter Shift,6/13/25,2025-06-13 16:00:00.0000000 -05:00,2025-06-13 19:00:00.0000000 -05:00,Sisu Youth Services
135167002,9/8/25,Completed,Volunteer,Shelter Shift ,Shelter Shift,7/5/25,2025-07-05 09:00:00.0000000 -05:00,2025-07-05 12:00:00.0000000 -05:00,Sisu Youth Services
135167002,9/8/25,Completed,Volunteer,Shelter Shift ,Shelter Shift,8/17/25,2025-08-17 09:00:00.0000000 -05:00,2025-08-17 12:00:00.0000000 -05:00,Sisu Youth Services
135167002,9/8/25,Completed,Volunteer,Shelter Shift ,Shelter Shift,8/3/25,2025-08-03 09:00:00.0000000 -05:00,2025-08-03 12:00:00.0000000 -05:00,Sisu Youth Services
135178940,4/16/25,Completed,Volunteer,Shadow Shift ,Shelter Shift,4/1/25,2025-04-01 19:00:00.0000000 -05:00,2025-04-01 22:00:00.0000000 -05:00,Sisu Youth Services
135182073,3/3/25,Completed,Attendee,March Volunteer Orientation ,Vol Orientatio,3/1/25,2025-03-01 11:00:00.0000000 -06:00,2025-03-01 12:00:00.0000000 -06:00,Sisu Youth Services
135184517,1/28/25,Completed,Volunteer,Shadow Shift ,Shelter Shift,1/5/25,2025-01-05 19:00:00.0000000 -06:00,2025-01-05 22:00:00.0000000 -06:00,Sisu Youth Services
135184517,1/28/25,Completed,Volunteer,Shelter Shift ,Shelter Shift,1/26/25,2025-01-26 09:00:00.0000000 -06:00,2025-01-26 12:00:00.0000000 -06:00,Sisu Youth Services
135184517,2/27/25,Completed,Volunteer,Shelter Shift ,Shelter Shift,2/16/25,2025-02-16 09:00:00.0000000 -06:00,2025-02-16 12:00:00.0000000 -06:00,Sisu Youth Services
135302295,1/17/25,Completed,Volunteer,Sisu Santa Squad,Group Volunteer,12/17/24,2024-12-17 17:00:00.0000000 -05:00,2024-12-17 19:00:00.0000000 -05:00,
135302325,12/19/24,Completed,Volunteer,Sisu Santa Squad,Group Volunteer,12/17/24,2024-12-17 17:00:00.0000000 -05:00,2024-12-17 19:00:00.0000000 -05:00,
135302332,11/11/25,Scheduled,Volunteer,Shelter Shift ,Shelter Shift,11/22/25,2025-11-22 09:00:00.0000000 -06:00,2025-11-22 12:00:00.0000000 -06:00,Sisu Youth Services
135302336,6/12/24,Scheduled,Volunteer,Pride Outreach Team,Shelter Shift,6/22/24,2024-06-22 08:00:00.0000000 -05:00,2024-06-22 10:00:00.0000000 -05:00,Sisu Youth Services
135302343,4/9/24,Completed,Volunteer,Eclipse Party ,PYD,4/8/24,2024-04-08 12:30:00.0000000 -05:00,2024-04-08 14:00:00.0000000 -05:00,Sisu Youth Services
135302343,4/2/24,Completed,Volunteer,Birthday Party,PYD,3/29/24,2024-03-29 16:00:00.0000000 -05:00,2024-03-29 18:00:00.0000000 -05:00,Sisu Youth Services
135302343,1/2/24,Completed,Attendee,Volunteer Refresher ,Training,1/6/24,2024-01-06 14:00:00.0000000 -06:00,2024-01-06 16:00:00.0000000 -06:00,Sisu Youth Services
135302343,1/14/25,Completed,Volunteer,Sisu Santa Squad,Group Volunteer,12/17/24,2024-12-17 17:00:00.0000000 -05:00,2024-12-17 19:00:00.0000000 -05:00,
135302343,2/15/23,Completed,Volunteer,Meal Train,Meal Train,1/2/23,2023-01-02 17:00:00.0000000 -05:00,2023-01-02 18:00:00.0000000 -05:00,Sisu Youth Services
135302343,8/8/23,Sched-Web,Volunteer,August Meal Train ,Meal Train,8/19/23,2023-08-19 16:30:00.0000000 -04:00,2023-08-19 18:00:00.0000000 -04:00,Sisu Youth Services
135302343,2/13/25,Completed,Volunteer,Meal Train,Meal Train,2/2/25,2025-02-02 16:00:00.0000000 -06:00,2025-02-02 19:00:00.0000000 -06:00,Sisu Youth Services
135302343,3/10/25,Completed,Volunteer,Meal Train,Meal Train,3/15/25,2025-03-15 16:00:00.0000000 -05:00,2025-03-15 19:00:00.0000000 -05:00,Sisu Youth Services
135334589,12/2/24,Completed,Volunteer,Meal Train,Meal Train,12/21/24,2024-12-21 16:30:00.0000000 -06:00,2024-12-21 19:30:00.0000000 -06:00,Sisu Youth Services
135337699,1/27/26,Completed,Volunteer,PYD Workshop,PYD,10/12/25,2025-10-12 16:00:00.0000000 -05:00,2025-10-12 18:00:00.0000000 -05:00,Sisu Youth Services
135337699,1/27/26,Completed,Volunteer,PYD Workshop,PYD,12/14/25,2025-12-14 16:00:00.0000000 -06:00,2025-12-14 18:00:00.0000000 -06:00,Sisu Youth Services
135337699,1/27/26,Completed,Volunteer,PYD Workshop,PYD,8/23/25,2025-08-23 16:00:00.0000000 -05:00,2025-08-23 18:00:00.0000000 -05:00,Sisu Youth Services
135337699,1/27/26,Completed,Volunteer,PYD Workshop,PYD,9/5/25,2025-09-05 16:00:00.0000000 -05:00,2025-09-05 18:00:00.0000000 -05:00,Sisu Youth Services
135337699,1/27/26,Completed,Volunteer,Shadow Shift ,Shelter Shift,2/15/25,2025-02-15 19:00:00.0000000 -06:00,2025-02-15 22:00:00.0000000 -06:00,Sisu Youth Services
135337699,1/27/26,Completed,Volunteer,PYD ,PYD,1/18/26,2026-01-18 12:00:00.0000000 -06:00,2026-01-18 13:00:00.0000000 -06:00,Sisu Youth Services
135371464,12/19/24,Completed,Volunteer,Sisu Santa Squad,Group Volunteer,12/17/24,2024-12-17 17:00:00.0000000 -05:00,2024-12-17 19:00:00.0000000 -05:00,
135371472,12/19/24,Completed,Volunteer,Sisu Santa Squad,Group Volunteer,12/17/24,2024-12-17 17:00:00.0000000 -05:00,2024-12-17 19:00:00.0000000 -05:00,
135371482,12/19/24,Completed,Volunteer,Sisu Santa Squad,Group Volunteer,12/17/24,2024-12-17 17:00:00.0000000 -05:00,2024-12-17 19:00:00.0000000 -05:00,
135371483,12/19/24,Completed,Volunteer,Sisu Santa Squad,Group Volunteer,12/17/24,2024-12-17 17:00:00.0000000 -05:00,2024-12-17 19:00:00.0000000 -05:00,
135371489,12/19/24,Completed,Volunteer,Sisu Santa Squad,Group Volunteer,12/17/24,2024-12-17 17:00:00.0000000 -05:00,2024-12-17 19:00:00.0000000 -05:00,
135371490,12/19/24,Completed,Volunteer,Sisu Santa Squad,Group Volunteer,12/17/24,2024-12-17 17:00:00.0000000 -05:00,2024-12-17 19:00:00.0000000 -05:00,
135371494,12/19/24,Completed,Volunteer,Sisu Santa Squad,Group Volunteer,12/17/24,2024-12-17 17:00:00.0000000 -05:00,2024-12-17 19:00:00.0000000 -05:00,
135371500,12/19/24,Completed,Volunteer,Sisu Santa Squad,Group Volunteer,12/17/24,2024-12-17 17:00:00.0000000 -05:00,2024-12-17 19:00:00.0000000 -05:00,
135371504,12/19/24,Completed,Volunteer,Sisu Santa Squad,Group Volunteer,12/17/24,2024-12-17 17:00:00.0000000 -05:00,2024-12-17 19:00:00.0000000 -05:00,
135371510,12/19/24,Completed,Volunteer,Sisu Santa Squad,Group Volunteer,12/17/24,2024-12-17 17:00:00.0000000 -05:00,2024-12-17 19:00:00.0000000 -05:00,
135371510,2/27/25,No Show,Attendee,March Volunteer Orientation ,Vol Orientatio,3/1/25,2025-03-01 11:00:00.0000000 -06:00,2025-03-01 12:00:00.0000000 -06:00,Sisu Youth Services
135371514,12/19/24,Completed,Volunteer,Sisu Santa Squad,Group Volunteer,12/17/24,2024-12-17 17:00:00.0000000 -05:00,2024-12-17 19:00:00.0000000 -05:00,
135371515,12/19/24,Completed,Volunteer,Sisu Santa Squad,Group Volunteer,12/17/24,2024-12-17 17:00:00.0000000 -05:00,2024-12-17 19:00:00.0000000 -05:00,
135371524,12/19/24,Completed,Volunteer,Sisu Santa Squad,Group Volunteer,12/17/24,2024-12-17 17:00:00.0000000 -05:00,2024-12-17 19:00:00.0000000 -05:00,
135371529,12/19/24,Completed,Volunteer,Sisu Santa Squad,Group Volunteer,12/17/24,2024-12-17 17:00:00.0000000 -05:00,2024-12-17 19:00:00.0000000 -05:00,
135371532,12/19/24,Completed,Volunteer,Sisu Santa Squad,Group Volunteer,12/17/24,2024-12-17 17:00:00.0000000 -05:00,2024-12-17 19:00:00.0000000 -05:00,
135371536,12/19/24,Completed,Volunteer,Sisu Santa Squad,Group Volunteer,12/17/24,2024-12-17 17:00:00.0000000 -05:00,2024-12-17 19:00:00.0000000 -05:00,
135371542,12/19/24,Completed,Volunteer,Sisu Santa Squad,Group Volunteer,12/17/24,2024-12-17 17:00:00.0000000 -05:00,2024-12-17 19:00:00.0000000 -05:00,
135371588,1/14/25,Completed,Volunteer,Sisu Santa Squad,Group Volunteer,12/17/24,2024-12-17 17:00:00.0000000 -05:00,2024-12-17 19:00:00.0000000 -05:00,
135371612,12/19/24,Completed,Volunteer,Sisu Santa Squad,Group Volunteer,12/17/24,2024-12-17 17:00:00.0000000 -05:00,2024-12-17 19:00:00.0000000 -05:00,
135604208,12/19/24,Completed,Volunteer,Sisu Santa Squad,Group Volunteer,12/17/24,2024-12-17 17:00:00.0000000 -05:00,2024-12-17 19:00:00.0000000 -05:00,
135634760,1/28/25,Completed,Volunteer,Shadow Shift ,Shelter Shift,1/15/25,2025-01-15 19:00:00.0000000 -06:00,2025-01-15 22:00:00.0000000 -06:00,Sisu Youth Services
135716342,1/7/25,Completed,Attendee,Feb Volunteer Orientation,Vol Orientatio,2/1/25,2025-02-01 11:00:00.0000000 -06:00,2025-02-01 12:00:00.0000000 -06:00,Sisu Youth Services
135725336,1/8/25,No Show,Attendee,Feb Volunteer Orientation,Vol Orientatio,2/1/25,2025-02-01 11:00:00.0000000 -06:00,2025-02-01 12:00:00.0000000 -06:00,Sisu Youth Services
135725336,4/16/25,Completed,Volunteer,Shelter Shift ,Shelter Shift,4/12/25,2025-04-12 09:00:00.0000000 -05:00,2025-04-12 12:00:00.0000000 -05:00,Sisu Youth Services
135725336,4/16/25,Completed,Volunteer,Shadow Shift ,Shelter Shift,3/18/25,2025-03-18 19:00:00.0000000 -05:00,2025-03-18 22:00:00.0000000 -05:00,Sisu Youth Services
135725336,4/29/25,Completed,Volunteer,Shelter Shift ,Shelter Shift,4/23/25,2025-04-23 09:00:00.0000000 -05:00,2025-04-23 12:00:00.0000000 -05:00,Sisu Youth Services
135731761,1/10/25,Completed,Volunteer,PYD Workshop,PYD,1/8/25,2025-01-08 16:00:00.0000000 -06:00,2025-01-08 18:00:00.0000000 -06:00,Sisu Youth Services
135737547,2/27/25,Completed,Volunteer,Shelter Shift ,Shelter Shift,2/22/25,2025-02-22 16:00:00.0000000 -06:00,2025-02-22 19:00:00.0000000 -06:00,Sisu Youth Services
135746947,1/14/25,Sched-Web,Data Entry,Sammies with Sisu,Vol Recruitment,1/21/25,2025-01-21 12:00:00.0000000 -06:00,2025-01-21 13:00:00.0000000 -06:00,
135749637,1/15/25,Completed,Data Entry,Sammies with Sisu,Vol Recruitment,1/21/25,2025-01-21 12:00:00.0000000 -06:00,2025-01-21 13:00:00.0000000 -06:00,
135749935,1/17/25,Completed,Attendee,Feb Volunteer Orientation,Vol Orientatio,2/1/25,2025-02-01 11:00:00.0000000 -06:00,2025-02-01 12:00:00.0000000 -06:00,Sisu Youth Services
135749935,4/29/25,Completed,Volunteer,Shadow Shift ,Shelter Shift,3/19/25,2025-03-19 19:00:00.0000000 -05:00,2025-03-19 22:00:00.0000000 -05:00,Sisu Youth Services
135749963,4/16/25,Completed,Volunteer,Shadow Shift ,Shelter Shift,2/12/25,2025-02-12 19:00:00.0000000 -06:00,2025-02-12 22:00:00.0000000 -06:00,Sisu Youth Services
135749963,5/29/25,Completed,Volunteer,Shelter Shift ,Shelter Shift,5/7/25,2025-05-07 17:30:00.0000000 -05:00,2025-05-07 19:30:00.0000000 -05:00,Sisu Youth Services
135749963,6/26/25,Completed,Volunteer,Shelter Shift ,Shelter Shift,6/12/25,2025-06-12 17:30:00.0000000 -05:00,2025-06-12 19:30:00.0000000 -05:00,Sisu Youth Services
135749963,1/28/25,Completed,Attendee,Feb Volunteer Orientation,Vol Orientatio,2/1/25,2025-02-01 11:00:00.0000000 -06:00,2025-02-01 12:00:00.0000000 -06:00,Sisu Youth Services
135749963,4/16/25,Completed,Volunteer,Shelter Shift ,Shelter Shift,3/3/25,2025-03-03 17:30:00.0000000 -06:00,2025-03-03 19:30:00.0000000 -06:00,Sisu Youth Services
135749963,4/16/25,Completed,Volunteer,Shelter Shift ,Shelter Shift,3/17/25,2025-03-17 17:30:00.0000000 -05:00,2025-03-17 19:30:00.0000000 -05:00,Sisu Youth Services
135749963,4/16/25,Completed,Volunteer,Shelter Shift ,Shelter Shift,4/6/25,2025-04-06 17:30:00.0000000 -05:00,2025-04-06 19:30:00.0000000 -05:00,Sisu Youth Services
135749963,4/16/25,Completed,Volunteer,Shelter Shift ,Shelter Shift,3/27/25,2025-03-27 17:30:00.0000000 -05:00,2025-03-27 19:30:00.0000000 -05:00,Sisu Youth Services
135794723,1/17/25,Sched-Web,Data Entry,Sammies with Sisu,Vol Recruitment,1/21/25,2025-01-21 12:00:00.0000000 -06:00,2025-01-21 13:00:00.0000000 -06:00,
135800581,1/20/25,Completed,Attendee,Feb Volunteer Orientation,Vol Orientatio,2/1/25,2025-02-01 11:00:00.0000000 -06:00,2025-02-01 12:00:00.0000000 -06:00,Sisu Youth Services
135800619,2/10/25,Completed,Attendee,March Volunteer Orientation ,Vol Orientatio,3/1/25,2025-03-01 11:00:00.0000000 -06:00,2025-03-01 12:00:00.0000000 -06:00,Sisu Youth Services
135801046,1/20/25,Completed,Volunteer,PYD Workshop,PYD,1/14/25,2025-01-14 16:00:00.0000000 -06:00,2025-01-14 18:00:00.0000000 -06:00,Sisu Youth Services
135801046,1/20/25,Completed,Volunteer,PYD Workshop,PYD,1/20/25,2025-01-20 16:00:00.0000000 -06:00,2025-01-20 18:00:00.0000000 -06:00,Sisu Youth Services
135801046,2/4/25,Walk In,Volunteer,PYD Workshop,PYD,1/28/25,2025-01-28 16:00:00.0000000 -06:00,2025-01-28 18:00:00.0000000 -06:00,Sisu Youth Services
135801046,7/8/25,Completed,Volunteer,PYD Workshop,PYD,6/9/25,2025-06-09 16:00:00.0000000 -05:00,2025-06-09 18:00:00.0000000 -05:00,Sisu Youth Services
135802289,1/21/25,Completed,Data Entry,Sammies with Sisu,Vol Recruitment,1/21/25,2025-01-21 12:00:00.0000000 -06:00,2025-01-21 13:00:00.0000000 -06:00,
135813352,1/23/25,Completed,Attendee,Feb Volunteer Orientation,Vol Orientatio,2/1/25,2025-02-01 11:00:00.0000000 -06:00,2025-02-01 12:00:00.0000000 -06:00,Sisu Youth Services
135834762,1/24/25,No Show,Attendee,Feb Volunteer Orientation,Vol Orientatio,2/1/25,2025-02-01 11:00:00.0000000 -06:00,2025-02-01 12:00:00.0000000 -06:00,Sisu Youth Services
135835240,1/23/25,Completed,Attendee,March Volunteer Orientation ,Vol Orientatio,3/1/25,2025-03-01 11:00:00.0000000 -06:00,2025-03-01 12:00:00.0000000 -06:00,Sisu Youth Services
135835240,4/29/25,Completed,Volunteer,Shelter Shift ,Shelter Shift,4/23/25,2025-04-23 17:30:00.0000000 -05:00,2025-04-23 19:30:00.0000000 -05:00,Sisu Youth Services
135850819,5/29/25,Completed,Volunteer,Shelter Shift ,Shelter Shift,5/7/25,2025-05-07 17:30:00.0000000 -05:00,2025-05-07 19:30:00.0000000 -05:00,Sisu Youth Services
135850819,5/29/25,Completed,Volunteer,Shelter Shift ,Shelter Shift,5/14/25,2025-05-14 17:30:00.0000000 -05:00,2025-05-14 19:30:00.0000000 -05:00,Sisu Youth Services
135850819,5/29/25,Completed,Volunteer,Shelter Shift ,Shelter Shift,5/21/25,2025-05-21 17:30:00.0000000 -05:00,2025-05-21 19:30:00.0000000 -05:00,Sisu Youth Services
135850819,6/26/25,Completed,Volunteer,Shelter Shift ,Shelter Shift,6/10/25,2025-06-10 17:30:00.0000000 -05:00,2025-06-10 19:30:00.0000000 -05:00,Sisu Youth Services
135850819,9/8/25,Completed,Volunteer,Shelter Shift ,Shelter Shift,7/1/25,2025-07-01 17:30:00.0000000 -05:00,2025-07-01 19:30:00.0000000 -05:00,Sisu Youth Services
135850819,11/17/25,Completed,Volunteer,Shelter Shift ,Shelter Shift,10/21/25,2025-10-21 17:30:00.0000000 -05:00,2025-10-21 19:30:00.0000000 -05:00,Sisu Youth Services
135850819,11/17/25,Completed,Volunteer,Shelter Shift ,Shelter Shift,11/4/25,2025-11-04 17:30:00.0000000 -06:00,2025-11-04 19:30:00.0000000 -06:00,Sisu Youth Services
135850819,11/17/25,Completed,Volunteer,Shelter Shift ,Shelter Shift,10/6/25,2025-10-06 17:30:00.0000000 -05:00,2025-10-06 19:30:00.0000000 -05:00,Sisu Youth Services
135850819,11/17/25,Completed,Volunteer,Shelter Shift ,Shelter Shift,10/14/25,2025-10-14 17:30:00.0000000 -05:00,2025-10-14 19:30:00.0000000 -05:00,Sisu Youth Services
135850819,9/8/25,Completed,Volunteer,Shelter Shift ,Shelter Shift,9/9/25,2025-09-09 17:30:00.0000000 -05:00,2025-09-09 19:30:00.0000000 -05:00,Sisu Youth Services
135850819,9/8/25,Completed,Volunteer,Shelter Shift ,Shelter Shift,8/5/25,2025-08-05 17:30:00.0000000 -05:00,2025-08-05 19:30:00.0000000 -05:00,Sisu Youth Services
135850819,9/8/25,Completed,Volunteer,Shelter Shift ,Shelter Shift,8/12/25,2025-08-12 17:30:00.0000000 -05:00,2025-08-12 19:30:00.0000000 -05:00,Sisu Youth Services
135850819,9/8/25,Completed,Volunteer,Shelter Shift ,Shelter Shift,7/8/25,2025-07-08 17:30:00.0000000 -05:00,2025-07-08 19:30:00.0000000 -05:00,Sisu Youth Services
135850819,9/8/25,Completed,Volunteer,Shelter Shift ,Shelter Shift,7/15/25,2025-07-15 17:30:00.0000000 -05:00,2025-07-15 19:30:00.0000000 -05:00,Sisu Youth Services
135850819,9/8/25,Completed,Volunteer,Shelter Shift ,Shelter Shift,7/29/25,2025-07-29 17:30:00.0000000 -05:00,2025-07-29 19:30:00.0000000 -05:00,Sisu Youth Services
135850819,9/8/25,Completed,Volunteer,Shelter Shift ,Shelter Shift,7/22/25,2025-07-22 17:30:00.0000000 -05:00,2025-07-22 19:30:00.0000000 -05:00,Sisu Youth Services
135850819,1/5/26,Completed,Volunteer,Shelter Shift ,Shelter Shift,11/25/25,2025-11-25 17:30:00.0000000 -06:00,2025-11-25 19:30:00.0000000 -06:00,Sisu Youth Services
135850819,2/27/25,Completed,Volunteer,Shadow Shift ,Shelter Shift,2/21/25,2025-02-21 19:00:00.0000000 -06:00,2025-02-21 22:00:00.0000000 -06:00,Sisu Youth Services
135850819,1/30/25,Completed,Attendee,Feb Volunteer Orientation,Vol Orientatio,2/1/25,2025-02-01 11:00:00.0000000 -06:00,2025-02-01 12:00:00.0000000 -06:00,Sisu Youth Services
135850819,4/16/25,Completed,Volunteer,Shelter Shift ,Shelter Shift,3/25/25,2025-03-25 17:30:00.0000000 -05:00,2025-03-25 19:30:00.0000000 -05:00,Sisu Youth Services
135850819,4/16/25,Completed,Volunteer,Shelter Shift ,Shelter Shift,4/3/25,2025-04-03 17:30:00.0000000 -05:00,2025-04-03 19:30:00.0000000 -05:00,Sisu Youth Services
135850819,4/16/25,Completed,Volunteer,Shelter Shift ,Shelter Shift,4/15/25,2025-04-15 17:30:00.0000000 -05:00,2025-04-15 19:30:00.0000000 -05:00,Sisu Youth Services
135850819,4/16/25,Completed,Volunteer,Shelter Shift ,Shelter Shift,3/13/25,2025-03-13 17:30:00.0000000 -05:00,2025-03-13 19:30:00.0000000 -05:00,Sisu Youth Services
135850819,4/16/25,Completed,Volunteer,Shelter Shift ,Shelter Shift,3/5/25,2025-03-05 17:30:00.0000000 -06:00,2025-03-05 19:30:00.0000000 -06:00,Sisu Youth Services
135850819,4/16/25,Completed,Volunteer,Shelter Shift ,Shelter Shift,3/6/25,2025-03-06 17:30:00.0000000 -06:00,2025-03-06 19:30:00.0000000 -06:00,Sisu Youth Services
135850819,4/16/25,Completed,Volunteer,Shelter Shift ,Shelter Shift,3/9/25,2025-03-09 16:00:00.0000000 -05:00,2025-03-09 19:00:00.0000000 -05:00,Sisu Youth Services
135853791,2/3/25,Sched-Web,Attendee,March Volunteer Orientation ,Vol Orientatio,3/1/25,2025-03-01 11:00:00.0000000 -06:00,2025-03-01 12:00:00.0000000 -06:00,Sisu Youth Services
135854904,1/30/25,Completed,Attendee,Feb Volunteer Orientation,Vol Orientatio,2/1/25,2025-02-01 11:00:00.0000000 -06:00,2025-02-01 12:00:00.0000000 -06:00,Sisu Youth Services
135863222,3/3/25,Completed,Attendee,March Volunteer Orientation ,Vol Orientatio,3/1/25,2025-03-01 11:00:00.0000000 -06:00,2025-03-01 12:00:00.0000000 -06:00,Sisu Youth Services
135867311,1/13/25,Completed,Attendee,Feb Volunteer Orientation,Vol Orientatio,2/1/25,2025-02-01 11:00:00.0000000 -06:00,2025-02-01 12:00:00.0000000 -06:00,Sisu Youth Services
135870683,2/4/25,No Show,Attendee,March Volunteer Orientation ,Vol Orientatio,3/1/25,2025-03-01 11:00:00.0000000 -06:00,2025-03-01 12:00:00.0000000 -06:00,Sisu Youth Services
135872153,3/16/25,Completed,Volunteer,SOLACE Youth Group,Group Volunteer,3/16/25,2025-03-16 12:00:00.0000000 -04:00,2025-03-16 15:00:00.0000000 -04:00,Sisu Youth Services
135875180,3/3/25,Completed,Attendee,March Volunteer Orientation ,Vol Orientatio,3/1/25,2025-03-01 11:00:00.0000000 -06:00,2025-03-01 12:00:00.0000000 -06:00,Sisu Youth Services
135875180,2/4/25,Completed,Volunteer,Meal Train,Meal Train,1/31/25,2025-01-31 16:00:00.0000000 -06:00,2025-01-31 19:00:00.0000000 -06:00,Sisu Youth Services
135876113,2/7/25,No Show,Attendee,March Volunteer Orientation ,Vol Orientatio,3/1/25,2025-03-01 11:00:00.0000000 -06:00,2025-03-01 12:00:00.0000000 -06:00,Sisu Youth Services
135889974,2/22/25,Completed,Attendee,March Volunteer Orientation ,Vol Orientatio,3/1/25,2025-03-01 11:00:00.0000000 -06:00,2025-03-01 12:00:00.0000000 -06:00,Sisu Youth Services
135889974,7/10/25,Completed,Volunteer,PYD Workshop,PYD,6/16/25,2025-06-16 16:00:00.0000000 -05:00,2025-06-16 18:00:00.0000000 -05:00,Sisu Youth Services
135889974,7/10/25,Completed,Volunteer,PYD Workshop,PYD,6/23/25,2025-06-23 16:00:00.0000000 -05:00,2025-06-23 18:00:00.0000000 -05:00,Sisu Youth Services
135889974,7/10/25,Completed,Volunteer,PYD Workshop,PYD,7/9/25,2025-07-09 16:00:00.0000000 -05:00,2025-07-09 18:00:00.0000000 -05:00,Sisu Youth Services
135891612,2/10/25,No Show,Attendee,March Volunteer Orientation ,Vol Orientatio,3/1/25,2025-03-01 11:00:00.0000000 -06:00,2025-03-01 12:00:00.0000000 -06:00,Sisu Youth Services
135892172,2/6/25,Completed,Volunteer,Shelter Shift ,Shelter Shift,2/1/25,2025-02-01 09:00:00.0000000 -06:00,2025-02-01 12:00:00.0000000 -06:00,Sisu Youth Services
135899169,2/7/25,No Show,Attendee,March Volunteer Orientation ,Vol Orientatio,3/1/25,2025-03-01 11:00:00.0000000 -06:00,2025-03-01 12:00:00.0000000 -06:00,Sisu Youth Services
135899426,4/16/25,Completed,Volunteer,Shadow Shift ,Shelter Shift,4/9/25,2025-04-09 19:00:00.0000000 -05:00,2025-04-09 22:00:00.0000000 -05:00,Sisu Youth Services
135899426,6/26/25,Completed,Volunteer,Shelter Shift ,Shelter Shift,6/4/25,2025-06-04 16:00:00.0000000 -05:00,2025-06-04 19:00:00.0000000 -05:00,Sisu Youth Services
135899992,2/11/25,Completed,Attendee,March Volunteer Orientation ,Vol Orientatio,3/1/25,2025-03-01 11:00:00.0000000 -06:00,2025-03-01 12:00:00.0000000 -06:00,Sisu Youth Services
135954452,2/13/25,Completed,Attendee,March Volunteer Orientation ,Vol Orientatio,3/1/25,2025-03-01 11:00:00.0000000 -06:00,2025-03-01 12:00:00.0000000 -06:00,Sisu Youth Services
135954452,4/29/25,Completed,Volunteer,Shadow Shift ,Shelter Shift,3/12/25,2025-03-12 19:00:00.0000000 -05:00,2025-03-12 22:00:00.0000000 -05:00,Sisu Youth Services
135956997,4/16/25,Completed,Volunteer,Shadow Shift ,Shelter Shift,4/9/25,2025-04-09 19:00:00.0000000 -05:00,2025-04-09 22:00:00.0000000 -05:00,Sisu Youth Services
135956997,6/26/25,Completed,Volunteer,Shelter Shift ,Shelter Shift,6/16/25,2025-06-16 17:30:00.0000000 -05:00,2025-06-16 19:30:00.0000000 -05:00,Sisu Youth Services
135956997,6/26/25,Completed,Volunteer,Shelter Shift ,Shelter Shift,6/1/25,2025-06-01 17:30:00.0000000 -05:00,2025-06-01 19:30:00.0000000 -05:00,Sisu Youth Services
135956997,5/29/25,Completed,Volunteer,Shelter Shift ,Shelter Shift,5/19/25,2025-05-19 17:30:00.0000000 -05:00,2025-05-19 19:30:00.0000000 -05:00,Sisu Youth Services
135956997,5/29/25,Completed,Volunteer,Shelter Shift ,Shelter Shift,5/26/25,2025-05-26 17:30:00.0000000 -05:00,2025-05-26 19:30:00.0000000 -05:00,Sisu Youth Services
135956997,5/29/25,Completed,Volunteer,Shelter Shift ,Shelter Shift,5/12/25,2025-05-12 17:30:00.0000000 -05:00,2025-05-12 19:30:00.0000000 -05:00,Sisu Youth Services
135956997,5/29/25,Completed,Volunteer,Shelter Shift ,Shelter Shift,5/5/25,2025-05-05 17:30:00.0000000 -05:00,2025-05-05 19:30:00.0000000 -05:00,Sisu Youth Services
135956997,4/16/25,Completed,Volunteer,Shelter Shift ,Shelter Shift,4/14/25,2025-04-14 16:00:00.0000000 -05:00,2025-04-14 19:00:00.0000000 -05:00,Sisu Youth Services
135956997,4/29/25,Completed,Volunteer,Shelter Shift ,Shelter Shift,4/21/25,2025-04-21 17:30:00.0000000 -05:00,2025-04-21 19:30:00.0000000 -05:00,Sisu Youth Services
135956997,8/18/25,Completed,Volunteer,Meal Train,Meal Train,7/28/25,2025-07-28 16:00:00.0000000 -05:00,2025-07-28 19:00:00.0000000 -05:00,Sisu Youth Services
135975543,5/29/25,Completed,Volunteer,Shelter Shift ,Shelter Shift,5/28/25,2025-05-28 19:00:00.0000000 -05:00,2025-05-28 22:00:00.0000000 -05:00,Sisu Youth Services
135975543,6/26/25,Completed,Volunteer,Shelter Shift ,Shelter Shift,6/4/25,2025-06-04 17:30:00.0000000 -05:00,2025-06-04 19:30:00.0000000 -05:00,Sisu Youth Services
135975543,6/26/25,Completed,Volunteer,Shelter Shift ,Shelter Shift,6/13/25,2025-06-13 16:00:00.0000000 -05:00,2025-06-13 19:00:00.0000000 -05:00,Sisu Youth Services
135975543,6/26/25,Completed,Volunteer,Shelter Shift ,Shelter Shift,6/25/25,2025-06-25 17:30:00.0000000 -05:00,2025-06-25 19:30:00.0000000 -05:00,Sisu Youth Services
135975543,6/26/25,Completed,Volunteer,Shelter Shift ,Shelter Shift,6/25/25,2025-06-25 16:00:00.0000000 -05:00,2025-06-25 19:00:00.0000000 -05:00,Sisu Youth Services
135975543,4/29/25,Completed,Volunteer,Shadow Shift ,Shelter Shift,4/23/25,2025-04-23 19:00:00.0000000 -05:00,2025-04-23 22:00:00.0000000 -05:00,Sisu Youth Services
136068617,3/27/25,Completed,Attendee,Volunteer Orientation,Vol Orientatio,5/3/25,2025-05-03 11:00:00.0000000 -04:00,2025-05-03 12:30:00.0000000 -04:00,Sisu Youth Services
136068617,6/26/25,Completed,Volunteer,Shelter Shift ,Shelter Shift,6/17/25,2025-06-17 17:30:00.0000000 -05:00,2025-06-17 19:30:00.0000000 -05:00,Sisu Youth Services
136068617,9/10/25,Completed,Volunteer,Shelter Shift ,Shelter Shift,7/3/25,2025-07-03 17:30:00.0000000 -05:00,2025-07-03 19:30:00.0000000 -05:00,Sisu Youth Services
136068617,9/10/25,Completed,Volunteer,Shelter Shift ,Shelter Shift,7/16/25,2025-07-16 17:30:00.0000000 -05:00,2025-07-16 19:30:00.0000000 -05:00,Sisu Youth Services
136068617,9/10/25,Completed,Volunteer,Shelter Shift ,Shelter Shift,7/9/25,2025-07-09 17:30:00.0000000 -05:00,2025-07-09 19:30:00.0000000 -05:00,Sisu Youth Services
136169018,4/29/25,Completed,Volunteer,Shelter Shift ,Shelter Shift,4/22/25,2025-04-22 19:00:00.0000000 -05:00,2025-04-22 22:00:00.0000000 -05:00,Sisu Youth Services
136169018,3/29/25,Sched-Web,Volunteer,EDII Volunteer Day ,Group Volunteer,3/29/25,2025-03-29 11:30:00.0000000 -05:00,2025-03-29 13:30:00.0000000 -05:00,Sisu Youth Services
136169018,8/18/25,Completed,Volunteer,Meal Train,Meal Train,7/11/25,2025-07-11 16:00:00.0000000 -05:00,2025-07-11 19:00:00.0000000 -05:00,Sisu Youth Services
136169018,3/10/25,Completed,Volunteer,Meal Train,Meal Train,2/20/25,2025-02-20 16:00:00.0000000 -06:00,2025-02-20 19:00:00.0000000 -06:00,Sisu Youth Services
136169018,2/4/25,Completed,Volunteer,Meal Train,Meal Train,1/29/25,2025-01-29 16:00:00.0000000 -06:00,2025-01-29 19:00:00.0000000 -06:00,Sisu Youth Services
136169018,2/4/25,Completed,Volunteer,Meal Train,Meal Train,1/22/25,2025-01-22 16:00:00.0000000 -06:00,2025-01-22 19:00:00.0000000 -06:00,Sisu Youth Services
136169018,4/17/25,Completed,Volunteer,Meal Train,Meal Train,4/10/25,2025-04-10 16:00:00.0000000 -05:00,2025-04-10 19:00:00.0000000 -05:00,Sisu Youth Services
136169018,3/10/25,Completed,Volunteer,Meal Train,Meal Train,3/13/25,2025-03-13 16:00:00.0000000 -05:00,2025-03-13 19:00:00.0000000 -05:00,Sisu Youth Services
136169018,1/20/25,Completed,Volunteer,Meal Train,Meal Train,1/10/25,2025-01-10 16:00:00.0000000 -06:00,2025-01-10 19:00:00.0000000 -06:00,Sisu Youth Services
136169018,1/1/25,Completed,Volunteer,Shelter Shifts,Shelter Shift,12/1/24,2024-12-01 17:30:00.0000000 -05:00,2024-12-01 19:30:00.0000000 -05:00,Sisu Youth Services
136169018,1/1/25,Completed,Volunteer,Shelter Shifts,Shelter Shift,12/10/24,2024-12-10 17:30:00.0000000 -05:00,2024-12-10 19:30:00.0000000 -05:00,Sisu Youth Services
136169018,3/5/25,Completed,Volunteer,Meal Train,Meal Train,2/13/25,2025-02-13 16:00:00.0000000 -06:00,2025-02-13 19:00:00.0000000 -06:00,
136169018,7/1/24,No Show,Data Entry,July Volunteer Orientation (VIRTUAL),Vol Recruitment,7/27/24,2024-07-27 14:00:00.0000000 -05:00,2024-07-27 15:00:00.0000000 -05:00,
136169018,8/28/24,Completed,Volunteer,Meal Train,Meal Train,7/6/24,2024-07-06 16:30:00.0000000 -05:00,2024-07-06 19:30:00.0000000 -05:00,Sisu Youth Services
136169018,9/23/24,Completed,Volunteer,Shadow Shift ,Shelter Shift,9/18/24,2024-09-18 18:00:00.0000000 -05:00,2024-09-18 20:00:00.0000000 -05:00,Sisu Youth Services
136169018,11/19/24,Completed,Volunteer,Shadow Shift ,Shelter Shift,11/13/24,2024-11-13 18:00:00.0000000 -06:00,2024-11-13 20:00:00.0000000 -06:00,Sisu Youth Services
136169457,9/17/25,Completed,Attendee,Volunteer Orientation ,Vol Orientatio,9/20/25,2025-09-20 11:00:00.0000000 -05:00,2025-09-20 12:30:00.0000000 -05:00,Sisu Youth Services
136186116,2/27/25,Completed,Attendee,March Volunteer Orientation ,Vol Orientatio,3/1/25,2025-03-01 11:00:00.0000000 -06:00,2025-03-01 12:00:00.0000000 -06:00,Sisu Youth Services
136186139,4/29/25,Completed,Attendee,Volunteer Orientation,Vol Orientatio,5/3/25,2025-05-03 11:00:00.0000000 -04:00,2025-05-03 12:30:00.0000000 -04:00,Sisu Youth Services
136190049,3/3/25,Completed,Attendee,March Volunteer Orientation ,Vol Orientatio,3/1/25,2025-03-01 11:00:00.0000000 -06:00,2025-03-01 12:00:00.0000000 -06:00,Sisu Youth Services
136228455,2/6/25,Scheduled,Attendee,March Volunteer Orientation ,Vol Orientatio,3/1/25,2025-03-01 11:00:00.0000000 -06:00,2025-03-01 12:00:00.0000000 -06:00,Sisu Youth Services
136236043,1/27/26,Completed,Volunteer,Shelter Shift ,Shelter Shift,12/31/25,2025-12-31 17:30:00.0000000 -06:00,2025-12-31 19:30:00.0000000 -06:00,Sisu Youth Services
136236043,5/29/25,Completed,Volunteer,Shelter Shift ,Shelter Shift,5/27/25,2025-05-27 17:30:00.0000000 -05:00,2025-05-27 19:30:00.0000000 -05:00,Sisu Youth Services
136236043,6/26/25,Completed,Volunteer,Shelter Shift ,Shelter Shift,6/17/25,2025-06-17 17:30:00.0000000 -05:00,2025-06-17 19:30:00.0000000 -05:00,Sisu Youth Services
136236043,1/27/26,Completed,Volunteer,Shelter Shift ,Shelter Shift,7/17/25,2025-07-17 17:30:00.0000000 -05:00,2025-07-17 19:30:00.0000000 -05:00,Sisu Youth Services
136236043,1/27/26,Completed,Volunteer,Shelter Shift ,Shelter Shift,8/21/25,2025-08-21 17:30:00.0000000 -05:00,2025-08-21 19:30:00.0000000 -05:00,Sisu Youth Services
136236043,1/27/26,Completed,Volunteer,Shelter Shift ,Shelter Shift,9/25/25,2025-09-25 17:30:00.0000000 -05:00,2025-09-25 19:30:00.0000000 -05:00,Sisu Youth Services
136236043,1/27/26,Completed,Volunteer,Shelter Shift ,Shelter Shift,10/7/25,2025-10-07 17:30:00.0000000 -05:00,2025-10-07 19:30:00.0000000 -05:00,Sisu Youth Services
136236043,1/27/26,Completed,Volunteer,Shelter Shift ,Shelter Shift,11/13/25,2025-11-13 17:30:00.0000000 -06:00,2025-11-13 19:30:00.0000000 -06:00,Sisu Youth Services
136236043,1/27/26,Completed,Volunteer,Meal Train 2026,Meal Train,1/26/26,2026-01-26 16:30:00.0000000 -06:00,2026-01-26 18:00:00.0000000 -06:00,Sisu Youth Services
136236043,1/27/26,Completed,Volunteer,Shelter Shift ,Shelter Shift,1/15/26,2026-01-15 17:30:00.0000000 -06:00,2026-01-15 20:00:00.0000000 -06:00,Sisu Youth Services
136236043,1/1/25,Completed,Volunteer,Shelter Shifts,Shelter Shift,12/19/24,2024-12-19 17:30:00.0000000 -05:00,2024-12-19 19:30:00.0000000 -05:00,Sisu Youth Services
136236043,1/1/25,Completed,Volunteer,Shelter Shifts,Shelter Shift,11/14/24,2024-11-14 17:30:00.0000000 -05:00,2024-11-14 19:30:00.0000000 -05:00,Sisu Youth Services
136236043,8/19/24,Completed,Volunteer,Shelter Shifts,Shelter Shift,8/22/24,2024-08-22 17:30:00.0000000 -04:00,2024-08-22 19:30:00.0000000 -04:00,Sisu Youth Services
136236043,8/19/24,Completed,Volunteer,Shelter Shifts,Shelter Shift,7/25/24,2024-07-25 17:30:00.0000000 -04:00,2024-07-25 19:30:00.0000000 -04:00,Sisu Youth Services
136236043,9/23/24,Completed,Volunteer,Shelter Shifts,Shelter Shift,9/12/24,2024-09-12 17:30:00.0000000 -04:00,2024-09-12 19:30:00.0000000 -04:00,Sisu Youth Services
136236043,6/26/25,Completed,Volunteer,Meal Train,Meal Train,6/11/25,2025-06-11 16:00:00.0000000 -05:00,2025-06-11 19:00:00.0000000 -05:00,Sisu Youth Services
136236043,4/16/25,Completed,Volunteer,Shelter Shift ,Shelter Shift,4/10/25,2025-04-10 17:30:00.0000000 -05:00,2025-04-10 19:30:00.0000000 -05:00,Sisu Youth Services
136236043,4/16/25,Completed,Volunteer,Shelter Shift ,Shelter Shift,4/4/25,2025-04-04 17:30:00.0000000 -05:00,2025-04-04 19:30:00.0000000 -05:00,Sisu Youth Services
136236043,2/27/25,Completed,Volunteer,Shelter Shift ,Shelter Shift,2/27/25,2025-02-27 17:30:00.0000000 -06:00,2025-02-27 19:30:00.0000000 -06:00,Sisu Youth Services
136236043,2/27/25,Completed,Volunteer,Shelter Shift ,Shelter Shift,2/13/25,2025-02-13 17:30:00.0000000 -06:00,2025-02-13 19:30:00.0000000 -06:00,Sisu Youth Services
136236043,1/20/25,Completed,Volunteer,Shelter Shift ,Shelter Shift,1/14/25,2025-01-14 17:30:00.0000000 -06:00,2025-01-14 19:30:00.0000000 -06:00,Sisu Youth Services
136236043,1/27/26,Completed,Volunteer,Meal Train,Meal Train,9/3/25,2025-09-03 16:00:00.0000000 -05:00,2025-09-03 19:00:00.0000000 -05:00,Sisu Youth Services
136236043,6/7/24,Completed,Volunteer,June Meal Train,Meal Train,6/21/24,2024-06-21 17:00:00.0000000 -05:00,2024-06-21 19:30:00.0000000 -05:00,Sisu Youth Services
136236043,4/16/24,Completed,Volunteer,April Shelter Shift,Shelter Shift,4/17/24,2024-04-17 17:30:00.0000000 -05:00,2024-04-17 19:30:00.0000000 -05:00,Sisu Youth Services
136236043,5/3/24,Completed,Volunteer,April Shelter Shift,Shelter Shift,4/29/24,2024-04-29 17:30:00.0000000 -05:00,2024-04-29 19:30:00.0000000 -05:00,Sisu Youth Services
136236043,5/21/24,Completed,Volunteer,May Shelter Shift ,Shelter Shift,5/16/24,2024-05-16 17:00:00.0000000 -06:00,2024-05-16 20:00:00.0000000 -06:00,Sisu Youth Services
136236043,7/29/24,Completed,Volunteer,June Shelter Shift,Shelter Shift,6/20/24,2024-06-20 16:00:00.0000000 -05:00,2024-06-20 19:00:00.0000000 -05:00,Sisu Youth Services
136236043,7/16/24,Completed,Volunteer,Meal Train,Meal Train,7/29/24,2024-07-29 16:30:00.0000000 -05:00,2024-07-29 19:30:00.0000000 -05:00,Sisu Youth Services
136236043,12/21/23,Completed,Attendee,Volunteer Refresher ,Training,1/6/24,2024-01-06 14:00:00.0000000 -06:00,2024-01-06 16:00:00.0000000 -06:00,Sisu Youth Services
136236043,1/31/24,Completed,Volunteer,January Shelter Shift,Shelter Shift,1/17/24,2024-01-17 17:30:00.0000000 -06:00,2024-01-17 19:30:00.0000000 -06:00,Sisu Youth Services
136236043,3/13/24,Completed,Volunteer,March Shelter Shift ,Shelter Shift,3/13/24,2024-03-13 17:30:00.0000000 -05:00,2024-03-13 19:30:00.0000000 -05:00,Sisu Youth Services
136236043,2/13/23,Confirmed,Volunteer,Shelter Shift,Shelter Shift,1/19/23,2023-01-19 16:00:00.0000000 -06:00,2023-01-19 19:00:00.0000000 -06:00,Sisu Youth Services
136236043,3/10/23,Completed,Volunteer,Shelter Shift,Shelter Shift,2/16/23,2023-02-16 16:00:00.0000000 -05:00,2023-02-16 19:00:00.0000000 -05:00,Sisu Youth Services
136236043,4/3/23,Completed,Volunteer,Shelter Shift ,Shelter Shift,3/23/23,2023-03-23 16:00:00.0000000 -04:00,2023-03-23 19:00:00.0000000 -04:00,Sisu Youth Services
136236043,5/3/23,Completed,Volunteer,April Shelter Shift,Shelter Shift,4/27/23,2023-04-27 19:00:00.0000000 -04:00,2023-04-27 22:00:00.0000000 -04:00,Sisu Youth Services
136264558,4/6/25,Completed,Attendee,Volunteer Orientation,Vol Orientatio,5/3/25,2025-05-03 11:00:00.0000000 -04:00,2025-05-03 12:30:00.0000000 -04:00,Sisu Youth Services
136264880,3/17/25,Completed,Volunteer,Meal Train,Meal Train,3/17/25,2025-03-17 16:00:00.0000000 -05:00,2025-03-17 19:00:00.0000000 -05:00,Sisu Youth Services
136266367,1/5/26,Completed,Volunteer,Shelter Shift ,Shelter Shift,12/18/25,2025-12-18 17:30:00.0000000 -06:00,2025-12-18 19:30:00.0000000 -06:00,Sisu Youth Services
136266367,4/16/25,Completed,Volunteer,Shadow Shift ,Shelter Shift,4/16/25,2025-04-16 19:00:00.0000000 -05:00,2025-04-16 22:00:00.0000000 -05:00,Sisu Youth Services
136266367,11/17/25,Completed,Volunteer,Shelter Shift ,Shelter Shift,11/6/25,2025-11-06 17:30:00.0000000 -06:00,2025-11-06 19:30:00.0000000 -06:00,Sisu Youth Services
136266367,11/17/25,Completed,Volunteer,Shelter Shift ,Shelter Shift,10/16/25,2025-10-16 17:30:00.0000000 -05:00,2025-10-16 19:30:00.0000000 -05:00,Sisu Youth Services
136266367,11/17/25,Completed,Volunteer,Shelter Shift ,Shelter Shift,9/18/25,2025-09-18 17:30:00.0000000 -05:00,2025-09-18 19:30:00.0000000 -05:00,Sisu Youth Services
136266367,6/26/25,Completed,Volunteer,Shelter Shift ,Shelter Shift,6/11/25,2025-06-11 17:30:00.0000000 -05:00,2025-06-11 19:30:00.0000000 -05:00,Sisu Youth Services
136266367,11/17/25,Completed,Volunteer,Shelter Shift ,Shelter Shift,7/2/25,2025-07-02 17:30:00.0000000 -05:00,2025-07-02 19:30:00.0000000 -05:00,Sisu Youth Services
136266367,4/29/25,Completed,Volunteer,Shelter Shift ,Shelter Shift,4/30/25,2025-04-30 17:30:00.0000000 -05:00,2025-04-30 19:30:00.0000000 -05:00,Sisu Youth Services
136270858,3/16/25,Completed,Volunteer,SOLACE Youth Group,Group Volunteer,3/16/25,2025-03-16 12:00:00.0000000 -04:00,2025-03-16 15:00:00.0000000 -04:00,Sisu Youth Services
136270863,3/16/25,Completed,Volunteer,SOLACE Youth Group,Group Volunteer,3/16/25,2025-03-16 12:00:00.0000000 -04:00,2025-03-16 15:00:00.0000000 -04:00,Sisu Youth Services
136270864,3/16/25,Completed,Volunteer,SOLACE Youth Group,Group Volunteer,3/16/25,2025-03-16 12:00:00.0000000 -04:00,2025-03-16 15:00:00.0000000 -04:00,Sisu Youth Services
136270866,3/16/25,Completed,Volunteer,SOLACE Youth Group,Group Volunteer,3/16/25,2025-03-16 12:00:00.0000000 -04:00,2025-03-16 15:00:00.0000000 -04:00,Sisu Youth Services
136270870,3/16/25,Completed,Volunteer,SOLACE Youth Group,Group Volunteer,3/16/25,2025-03-16 12:00:00.0000000 -04:00,2025-03-16 15:00:00.0000000 -04:00,Sisu Youth Services
136270955,3/16/25,Completed,Volunteer,SOLACE Youth Group,Group Volunteer,3/16/25,2025-03-16 12:00:00.0000000 -04:00,2025-03-16 15:00:00.0000000 -04:00,Sisu Youth Services
136270965,3/16/25,Completed,Volunteer,SOLACE Youth Group,Group Volunteer,3/16/25,2025-03-16 12:00:00.0000000 -04:00,2025-03-16 15:00:00.0000000 -04:00,Sisu Youth Services
136270976,3/16/25,Completed,Volunteer,SOLACE Youth Group,Group Volunteer,3/16/25,2025-03-16 12:00:00.0000000 -04:00,2025-03-16 15:00:00.0000000 -04:00,Sisu Youth Services
136270977,3/16/25,Completed,Volunteer,SOLACE Youth Group,Group Volunteer,3/16/25,2025-03-16 12:00:00.0000000 -04:00,2025-03-16 15:00:00.0000000 -04:00,Sisu Youth Services
136270992,3/16/25,Completed,Volunteer,SOLACE Youth Group,Group Volunteer,3/16/25,2025-03-16 12:00:00.0000000 -04:00,2025-03-16 15:00:00.0000000 -04:00,Sisu Youth Services
136270994,3/16/25,Completed,Volunteer,SOLACE Youth Group,Group Volunteer,3/16/25,2025-03-16 12:00:00.0000000 -04:00,2025-03-16 15:00:00.0000000 -04:00,Sisu Youth Services
136281806,3/19/25,Completed,Volunteer,Shelter Shift ,Shelter Shift,3/20/25,2025-03-20 16:00:00.0000000 -05:00,2025-03-20 19:00:00.0000000 -05:00,Sisu Youth Services
136378958,4/9/25,No Show,Attendee,Volunteer Orientation,Vol Orientatio,5/3/25,2025-05-03 11:00:00.0000000 -04:00,2025-05-03 12:30:00.0000000 -04:00,Sisu Youth Services
136382245,7/4/25,Completed,Attendee,Volunteer Orientation,Vol Orientatio,7/19/25,2025-07-19 11:00:00.0000000 -05:00,2025-07-19 12:30:00.0000000 -05:00,Sisu Youth Services
136382245,1/27/26,Completed,Volunteer,Shelter Shift ,Shelter Shift,9/24/25,2025-09-24 17:30:00.0000000 -05:00,2025-09-24 19:30:00.0000000 -05:00,Sisu Youth Services
136382245,1/27/26,Completed,Volunteer,Shelter Shift ,Shelter Shift,10/20/25,2025-10-20 17:30:00.0000000 -05:00,2025-10-20 19:30:00.0000000 -05:00,Sisu Youth Services
136382245,1/27/26,Completed,Volunteer,Shelter Shift ,Shelter Shift,11/12/25,2025-11-12 17:30:00.0000000 -06:00,2025-11-12 19:30:00.0000000 -06:00,Sisu Youth Services
136382245,1/27/26,Completed,Volunteer,Shelter Shift ,Shelter Shift,1/1/26,2026-01-01 17:30:00.0000000 -06:00,2026-01-01 20:00:00.0000000 -06:00,Sisu Youth Services
136388596,3/29/25,Sched-Web,Volunteer,EDII Volunteer Day ,Group Volunteer,3/29/25,2025-03-29 11:30:00.0000000 -05:00,2025-03-29 13:30:00.0000000 -05:00,Sisu Youth Services
136388599,3/29/25,Sched-Web,Volunteer,EDII Volunteer Day ,Group Volunteer,3/29/25,2025-03-29 11:30:00.0000000 -05:00,2025-03-29 13:30:00.0000000 -05:00,Sisu Youth Services
136388600,3/29/25,Sched-Web,Volunteer,EDII Volunteer Day ,Group Volunteer,3/29/25,2025-03-29 11:30:00.0000000 -05:00,2025-03-29 13:30:00.0000000 -05:00,Sisu Youth Services
136388601,3/29/25,Sched-Web,Volunteer,EDII Volunteer Day ,Group Volunteer,3/29/25,2025-03-29 11:30:00.0000000 -05:00,2025-03-29 13:30:00.0000000 -05:00,Sisu Youth Services
136388602,3/29/25,Sched-Web,Volunteer,EDII Volunteer Day ,Group Volunteer,3/29/25,2025-03-29 11:30:00.0000000 -05:00,2025-03-29 13:30:00.0000000 -05:00,Sisu Youth Services
136388603,3/29/25,Sched-Web,Volunteer,EDII Volunteer Day ,Group Volunteer,3/29/25,2025-03-29 11:30:00.0000000 -05:00,2025-03-29 13:30:00.0000000 -05:00,Sisu Youth Services
136388604,3/29/25,Sched-Web,Volunteer,EDII Volunteer Day ,Group Volunteer,3/29/25,2025-03-29 11:30:00.0000000 -05:00,2025-03-29 13:30:00.0000000 -05:00,Sisu Youth Services
136388605,3/29/25,Sched-Web,Volunteer,EDII Volunteer Day ,Group Volunteer,3/29/25,2025-03-29 11:30:00.0000000 -05:00,2025-03-29 13:30:00.0000000 -05:00,Sisu Youth Services
136388607,3/29/25,Sched-Web,Volunteer,EDII Volunteer Day ,Group Volunteer,3/29/25,2025-03-29 11:30:00.0000000 -05:00,2025-03-29 13:30:00.0000000 -05:00,Sisu Youth Services
136388628,3/29/25,Sched-Web,Volunteer,EDII Volunteer Day ,Group Volunteer,3/29/25,2025-03-29 11:30:00.0000000 -05:00,2025-03-29 13:30:00.0000000 -05:00,Sisu Youth Services
136397219,10/22/25,Sched-Web,Volunteer,Meal Train,Meal Train,10/27/25,2025-10-27 16:00:00.0000000 -05:00,2025-10-27 19:00:00.0000000 -05:00,Sisu Youth Services
136397219,6/26/25,Completed,Volunteer,Meal Train,Meal Train,6/18/25,2025-06-18 16:00:00.0000000 -05:00,2025-06-18 19:00:00.0000000 -05:00,Sisu Youth Services
136397219,6/26/25,Completed,Volunteer,Meal Train,Meal Train,6/11/25,2025-06-11 16:00:00.0000000 -05:00,2025-06-11 19:00:00.0000000 -05:00,Sisu Youth Services
136397400,7/8/25,Completed,Volunteer,Religious Trauma Network Volunteer Group,Group Volunteer,6/7/25,2025-06-07 10:00:00.0000000 -05:00,2025-06-07 13:00:00.0000000 -05:00,Sisu Youth Services
136452483,1/28/25,Completed,Volunteer,Meal Train,Meal Train,2/3/25,2025-02-03 16:00:00.0000000 -06:00,2025-02-03 19:00:00.0000000 -06:00,Sisu Youth Services
136452483,4/16/25,Completed,Volunteer,Shelter Shift ,Shelter Shift,3/16/25,2025-03-16 09:00:00.0000000 -05:00,2025-03-16 12:00:00.0000000 -05:00,Sisu Youth Services
136452483,4/16/25,Completed,Volunteer,Shelter Shift ,Shelter Shift,3/20/25,2025-03-20 09:00:00.0000000 -05:00,2025-03-20 12:00:00.0000000 -05:00,Sisu Youth Services
136452483,4/16/25,Completed,Volunteer,Shelter Shift ,Shelter Shift,3/12/25,2025-03-12 09:00:00.0000000 -05:00,2025-03-12 12:00:00.0000000 -05:00,Sisu Youth Services
136452483,4/16/25,Completed,Volunteer,Shelter Shift ,Shelter Shift,3/26/25,2025-03-26 19:00:00.0000000 -05:00,2025-03-26 22:00:00.0000000 -05:00,Sisu Youth Services
136452483,4/16/25,Completed,Volunteer,Shelter Shift ,Shelter Shift,4/9/25,2025-04-09 19:00:00.0000000 -05:00,2025-04-09 22:00:00.0000000 -05:00,Sisu Youth Services
136452820,5/26/23,Completed,Attendee,May Volunteer Orientation,Training,5/28/23,2023-05-28 15:00:00.0000000 -05:00,2023-05-28 16:30:00.0000000 -05:00,Sisu Youth Services
136453486,10/24/24,Completed,Volunteer,Shelter Shifts,Shelter Shift,10/22/24,2024-10-22 17:30:00.0000000 -04:00,2024-10-22 19:30:00.0000000 -04:00,Sisu Youth Services
136484302,5/19/25,Sched-Web,Volunteer,Meal Train,Meal Train,6/22/25,2025-06-22 16:00:00.0000000 -05:00,2025-06-22 19:00:00.0000000 -05:00,Sisu Youth Services
136485164,12/19/24,Completed,Volunteer,Sisu Santa Squad,Group Volunteer,12/17/24,2024-12-17 17:00:00.0000000 -05:00,2024-12-17 19:00:00.0000000 -05:00,
136486864,10/24/24,Completed,Volunteer,Women of Faith ,Group Volunteer,10/22/24,2024-10-22 10:00:00.0000000 -05:00,2024-10-22 12:00:00.0000000 -05:00,Sisu Youth Services
136488103,7/8/25,Completed,Volunteer,Heartland Volunteer Day ,Group Volunteer,5/9/25,2025-05-09 10:00:00.0000000 -05:00,2025-05-09 13:00:00.0000000 -05:00,Sisu Youth Services
136488314,10/23/24,Completed,Volunteer,Women of Faith ,Group Volunteer,10/22/24,2024-10-22 10:00:00.0000000 -05:00,2024-10-22 12:00:00.0000000 -05:00,Sisu Youth Services
136491040,4/17/25,Completed,Volunteer,Meal Train,Meal Train,4/9/25,2025-04-09 16:00:00.0000000 -05:00,2025-04-09 19:00:00.0000000 -05:00,Sisu Youth Services
136496324,7/21/23,Sched-Web,Volunteer,Volunteer Paint Party at NEW Sisu HQ,Group Volunteer,7/23/23,2023-07-23 09:00:00.0000000 -05:00,2023-07-23 12:00:00.0000000 -05:00,Sisu Youth Services
136526550,6/26/25,Completed,Volunteer,Shelter Shift ,Shelter Shift,6/25/25,2025-06-25 17:30:00.0000000 -05:00,2025-06-25 19:30:00.0000000 -05:00,Sisu Youth Services
136526550,6/26/25,Completed,Volunteer,Shelter Shift ,Shelter Shift,6/3/25,2025-06-03 17:30:00.0000000 -05:00,2025-06-03 19:30:00.0000000 -05:00,Sisu Youth Services
136528636,5/29/25,Completed,Volunteer,Shelter Shift ,Shelter Shift,5/24/25,2025-05-24 17:30:00.0000000 -05:00,2025-05-24 19:30:00.0000000 -05:00,Sisu Youth Services
136532505,4/16/25,Completed,Attendee,Volunteer Orientation,Vol Orientatio,5/3/25,2025-05-03 11:00:00.0000000 -04:00,2025-05-03 12:30:00.0000000 -04:00,Sisu Youth Services
136532685,4/17/25,Completed,Volunteer,Meal Train,Meal Train,4/23/25,2025-04-23 16:00:00.0000000 -05:00,2025-04-23 19:00:00.0000000 -05:00,Sisu Youth Services
136591488,4/28/25,Completed,Attendee,Volunteer Orientation,Vol Orientatio,5/3/25,2025-05-03 11:00:00.0000000 -04:00,2025-05-03 12:30:00.0000000 -04:00,Sisu Youth Services
136646935,4/29/25,Sched-Web,Attendee,Volunteer Orientation,Vol Orientatio,5/3/25,2025-05-03 11:00:00.0000000 -04:00,2025-05-03 12:30:00.0000000 -04:00,Sisu Youth Services
136653426,4/29/25,Sched-Web,Attendee,Volunteer Orientation,Vol Orientatio,5/3/25,2025-05-03 11:00:00.0000000 -04:00,2025-05-03 12:30:00.0000000 -04:00,Sisu Youth Services
136661213,4/28/25,Completed,Attendee,Volunteer Orientation,Vol Orientatio,5/3/25,2025-05-03 11:00:00.0000000 -04:00,2025-05-03 12:30:00.0000000 -04:00,Sisu Youth Services
136662969,4/29/25,Completed,Attendee,Volunteer Orientation,Vol Orientatio,5/3/25,2025-05-03 11:00:00.0000000 -04:00,2025-05-03 12:30:00.0000000 -04:00,Sisu Youth Services
136662969,5/20/25,Completed,Volunteer,Shadow Shift ,Shelter Shift,5/19/25,2025-05-19 19:00:00.0000000 -05:00,2025-05-19 22:00:00.0000000 -05:00,Sisu Youth Services
136662969,6/26/25,Completed,Volunteer,Shelter Shift ,Shelter Shift,6/10/25,2025-06-10 19:00:00.0000000 -05:00,2025-06-10 22:00:00.0000000 -05:00,Sisu Youth Services
136662969,6/26/25,Completed,Volunteer,Shelter Shift ,Shelter Shift,6/17/25,2025-06-17 19:00:00.0000000 -05:00,2025-06-17 22:00:00.0000000 -05:00,Sisu Youth Services
136670216,4/28/25,Sched-Web,Attendee,Volunteer Orientation,Vol Orientatio,5/3/25,2025-05-03 11:00:00.0000000 -04:00,2025-05-03 12:30:00.0000000 -04:00,Sisu Youth Services
136670219,4/28/25,Sched-Web,Attendee,Volunteer Orientation,Vol Orientatio,5/3/25,2025-05-03 11:00:00.0000000 -04:00,2025-05-03 12:30:00.0000000 -04:00,Sisu Youth Services
136670224,4/28/25,Sched-Web,Attendee,Volunteer Orientation,Vol Orientatio,5/3/25,2025-05-03 11:00:00.0000000 -04:00,2025-05-03 12:30:00.0000000 -04:00,Sisu Youth Services
136670228,4/28/25,Completed,Attendee,Volunteer Orientation,Vol Orientatio,5/3/25,2025-05-03 11:00:00.0000000 -04:00,2025-05-03 12:30:00.0000000 -04:00,Sisu Youth Services
136670229,4/28/25,Completed,Attendee,Volunteer Orientation,Vol Orientatio,5/3/25,2025-05-03 11:00:00.0000000 -04:00,2025-05-03 12:30:00.0000000 -04:00,Sisu Youth Services
136670234,4/28/25,Completed,Attendee,Volunteer Orientation,Vol Orientatio,5/3/25,2025-05-03 11:00:00.0000000 -04:00,2025-05-03 12:30:00.0000000 -04:00,Sisu Youth Services
136670240,4/28/25,Sched-Web,Attendee,Volunteer Orientation,Vol Orientatio,5/3/25,2025-05-03 11:00:00.0000000 -04:00,2025-05-03 12:30:00.0000000 -04:00,Sisu Youth Services
136670243,4/28/25,Sched-Web,Attendee,Volunteer Orientation,Vol Orientatio,5/3/25,2025-05-03 11:00:00.0000000 -04:00,2025-05-03 12:30:00.0000000 -04:00,Sisu Youth Services
136670350,4/28/25,Completed,Attendee,Volunteer Orientation,Vol Orientatio,5/3/25,2025-05-03 11:00:00.0000000 -04:00,2025-05-03 12:30:00.0000000 -04:00,Sisu Youth Services
136678189,4/29/25,Completed,Volunteer,Meal Train,Meal Train,5/3/25,2025-05-03 16:00:00.0000000 -05:00,2025-05-03 19:00:00.0000000 -05:00,Sisu Youth Services
136681177,4/30/25,Sched-Web,Attendee,Volunteer Orientation,Vol Orientatio,5/3/25,2025-05-03 11:00:00.0000000 -04:00,2025-05-03 12:30:00.0000000 -04:00,Sisu Youth Services
136682466,8/18/25,Completed,Volunteer,Meal Train,Meal Train,7/24/25,2025-07-24 16:00:00.0000000 -05:00,2025-07-24 19:00:00.0000000 -05:00,Sisu Youth Services
136682475,5/6/25,Completed,Volunteer,Meal Train,Meal Train,5/5/25,2025-05-05 16:00:00.0000000 -05:00,2025-05-05 19:00:00.0000000 -05:00,Sisu Youth Services
136720679,5/6/25,Completed,Volunteer,OK Connect,Group Volunteer,4/12/25,2025-04-12 10:00:00.0000000 -05:00,2025-04-12 12:00:00.0000000 -05:00,Sisu Youth Services
136720683,5/6/25,Completed,Volunteer,OK Connect,Group Volunteer,4/12/25,2025-04-12 10:00:00.0000000 -05:00,2025-04-12 12:00:00.0000000 -05:00,Sisu Youth Services
136720684,5/6/25,Completed,Volunteer,OK Connect,Group Volunteer,4/12/25,2025-04-12 10:00:00.0000000 -05:00,2025-04-12 12:00:00.0000000 -05:00,Sisu Youth Services
136720691,5/6/25,Completed,Volunteer,OK Connect,Group Volunteer,4/12/25,2025-04-12 10:00:00.0000000 -05:00,2025-04-12 12:00:00.0000000 -05:00,Sisu Youth Services
136720693,5/6/25,Completed,Volunteer,OK Connect,Group Volunteer,4/12/25,2025-04-12 10:00:00.0000000 -05:00,2025-04-12 12:00:00.0000000 -05:00,Sisu Youth Services
136720694,5/6/25,Completed,Volunteer,OK Connect,Group Volunteer,4/12/25,2025-04-12 10:00:00.0000000 -05:00,2025-04-12 12:00:00.0000000 -05:00,Sisu Youth Services
136720695,5/6/25,Completed,Volunteer,OK Connect,Group Volunteer,4/12/25,2025-04-12 10:00:00.0000000 -05:00,2025-04-12 12:00:00.0000000 -05:00,Sisu Youth Services
136720700,5/6/25,Completed,Volunteer,OK Connect,Group Volunteer,4/12/25,2025-04-12 10:00:00.0000000 -05:00,2025-04-12 12:00:00.0000000 -05:00,Sisu Youth Services
136720701,5/6/25,Completed,Volunteer,OK Connect,Group Volunteer,4/12/25,2025-04-12 10:00:00.0000000 -05:00,2025-04-12 12:00:00.0000000 -05:00,Sisu Youth Services
136720702,5/6/25,Completed,Volunteer,OK Connect,Group Volunteer,4/12/25,2025-04-12 10:00:00.0000000 -05:00,2025-04-12 12:00:00.0000000 -05:00,Sisu Youth Services
136720704,5/6/25,Completed,Volunteer,OK Connect,Group Volunteer,4/12/25,2025-04-12 10:00:00.0000000 -05:00,2025-04-12 12:00:00.0000000 -05:00,Sisu Youth Services
136720711,5/6/25,Completed,Volunteer,OK Connect,Group Volunteer,4/12/25,2025-04-12 10:00:00.0000000 -05:00,2025-04-12 12:00:00.0000000 -05:00,Sisu Youth Services
136801354,5/15/25,Completed,Volunteer,Meal Train,Meal Train,5/17/25,2025-05-17 16:00:00.0000000 -05:00,2025-05-17 19:00:00.0000000 -05:00,Sisu Youth Services
136893034,11/17/25,Completed,Volunteer,Meal Train,Meal Train,11/1/25,2025-11-01 16:00:00.0000000 -05:00,2025-11-01 19:00:00.0000000 -05:00,Sisu Youth Services
136893034,11/17/25,Completed,Volunteer,Meal Train,Meal Train,11/15/25,2025-11-15 16:00:00.0000000 -06:00,2025-11-15 19:00:00.0000000 -06:00,Sisu Youth Services
136893034,9/8/25,Completed,Volunteer,Shadow Shift ,Shelter Shift,8/15/25,2025-08-15 19:00:00.0000000 -05:00,2025-08-15 22:00:00.0000000 -05:00,Sisu Youth Services
136893034,1/5/26,Completed,Volunteer,Shelter Shift ,Shelter Shift,12/9/25,2025-12-09 16:00:00.0000000 -06:00,2025-12-09 19:00:00.0000000 -06:00,Sisu Youth Services
136893034,1/27/26,Completed,Volunteer,Shelter Shift ,Shelter Shift,12/13/25,2025-12-13 17:30:00.0000000 -06:00,2025-12-13 19:30:00.0000000 -06:00,Sisu Youth Services
136893034,11/17/25,Completed,Volunteer,Shelter Shift ,Shelter Shift,11/15/25,2025-11-15 17:30:00.0000000 -06:00,2025-11-15 19:30:00.0000000 -06:00,Sisu Youth Services
136893034,11/17/25,Completed,Volunteer,Shelter Shift ,Shelter Shift,11/1/25,2025-11-01 17:30:00.0000000 -05:00,2025-11-01 19:30:00.0000000 -05:00,Sisu Youth Services
136893034,11/17/25,Completed,Volunteer,Shelter Shift ,Shelter Shift,10/7/25,2025-10-07 16:00:00.0000000 -05:00,2025-10-07 19:00:00.0000000 -05:00,Sisu Youth Services
136893034,11/17/25,Completed,Volunteer,Shelter Shift ,Shelter Shift,10/13/25,2025-10-13 16:00:00.0000000 -05:00,2025-10-13 19:00:00.0000000 -05:00,Sisu Youth Services
136893034,11/17/25,Completed,Volunteer,Shelter Shift ,Shelter Shift,9/18/25,2025-09-18 16:00:00.0000000 -05:00,2025-09-18 19:00:00.0000000 -05:00,Sisu Youth Services
136893034,11/17/25,Completed,Volunteer,Shelter Shift ,Shelter Shift,9/11/25,2025-09-11 16:00:00.0000000 -05:00,2025-09-11 19:00:00.0000000 -05:00,Sisu Youth Services
136893034,9/8/25,Completed,Volunteer,Shelter Shift ,Shelter Shift,9/4/25,2025-09-04 19:00:00.0000000 -05:00,2025-09-04 22:00:00.0000000 -05:00,Sisu Youth Services
136893034,9/8/25,Completed,Volunteer,Shelter Shift ,Shelter Shift,8/28/25,2025-08-28 17:30:00.0000000 -05:00,2025-08-28 19:30:00.0000000 -05:00,Sisu Youth Services
136893034,9/8/25,Completed,Volunteer,Shelter Shift ,Shelter Shift,8/19/25,2025-08-19 19:00:00.0000000 -05:00,2025-08-19 22:00:00.0000000 -05:00,Sisu Youth Services
136893034,9/8/25,Completed,Volunteer,Shelter Shift ,Shelter Shift,8/21/25,2025-08-21 17:30:00.0000000 -05:00,2025-08-21 19:30:00.0000000 -05:00,Sisu Youth Services
136893034,9/8/25,Completed,Volunteer,Shelter Shift ,Shelter Shift,8/14/25,2025-08-14 16:00:00.0000000 -05:00,2025-08-14 19:00:00.0000000 -05:00,Sisu Youth Services
136893034,9/8/25,Completed,Volunteer,Shelter Shift ,Shelter Shift,8/7/25,2025-08-07 17:30:00.0000000 -05:00,2025-08-07 19:30:00.0000000 -05:00,Sisu Youth Services
136893034,9/8/25,Completed,Volunteer,Shelter Shift ,Shelter Shift,7/29/25,2025-07-29 19:00:00.0000000 -05:00,2025-07-29 22:00:00.0000000 -05:00,Sisu Youth Services
136893034,9/8/25,Completed,Volunteer,Shelter Shift ,Shelter Shift,7/24/25,2025-07-24 19:00:00.0000000 -05:00,2025-07-24 22:00:00.0000000 -05:00,Sisu Youth Services
136893034,9/8/25,Completed,Volunteer,Shelter Shift ,Shelter Shift,7/26/25,2025-07-26 17:30:00.0000000 -05:00,2025-07-26 19:30:00.0000000 -05:00,Sisu Youth Services
136893034,1/27/26,Completed,Volunteer,Shelter Shift ,Shelter Shift,1/13/26,2026-01-13 16:00:00.0000000 -06:00,2026-01-13 19:00:00.0000000 -06:00,Sisu Youth Services
136893034,11/17/25,Completed,Attendee,Volunteer Commitee Info Session ,Training,9/11/25,2025-09-11 12:00:00.0000000 -05:00,2025-09-11 13:00:00.0000000 -05:00,
136897558,6/27/25,No Show,Attendee,Volunteer Orientation,Vol Orientatio,7/19/25,2025-07-19 11:00:00.0000000 -05:00,2025-07-19 12:30:00.0000000 -05:00,Sisu Youth Services
136927776,5/29/25,Completed,Volunteer,Meal Train,Meal Train,5/28/25,2025-05-28 16:00:00.0000000 -05:00,2025-05-28 19:00:00.0000000 -05:00,Sisu Youth Services
136927780,5/29/25,Completed,Volunteer,Meal Train,Meal Train,5/29/25,2025-05-29 16:00:00.0000000 -05:00,2025-05-29 19:00:00.0000000 -05:00,Sisu Youth Services
137061676,6/27/25,Completed,Attendee,Volunteer Orientation,Vol Orientatio,7/19/25,2025-07-19 11:00:00.0000000 -05:00,2025-07-19 12:30:00.0000000 -05:00,Sisu Youth Services
137125906,6/26/25,Completed,Attendee,Volunteer Orientation,Vol Orientatio,7/19/25,2025-07-19 11:00:00.0000000 -05:00,2025-07-19 12:30:00.0000000 -05:00,Sisu Youth Services
137125906,8/14/25,Completed,Volunteer,Shadow Shift ,Shelter Shift,8/8/25,2025-08-08 19:00:00.0000000 -05:00,2025-08-08 22:00:00.0000000 -05:00,Sisu Youth Services
137125918,8/14/25,Completed,Volunteer,Shadow Shift ,Shelter Shift,8/8/25,2025-08-08 19:00:00.0000000 -05:00,2025-08-08 22:00:00.0000000 -05:00,Sisu Youth Services
137125918,6/26/25,Completed,Attendee,Volunteer Orientation,Vol Orientatio,7/19/25,2025-07-19 11:00:00.0000000 -05:00,2025-07-19 12:30:00.0000000 -05:00,Sisu Youth Services
137126146,7/10/25,Completed,Attendee,Volunteer Orientation,Vol Orientatio,7/19/25,2025-07-19 11:00:00.0000000 -05:00,2025-07-19 12:30:00.0000000 -05:00,Sisu Youth Services
137127469,7/19/25,Completed,Attendee,Volunteer Orientation,Vol Orientatio,7/19/25,2025-07-19 11:00:00.0000000 -05:00,2025-07-19 12:30:00.0000000 -05:00,Sisu Youth Services
137141090,8/14/25,Completed,Volunteer,CompSource ,Group Volunteer,8/12/25,2025-08-12 09:00:00.0000000 -05:00,2025-08-12 15:00:00.0000000 -05:00,Sisu Youth Services
137292122,7/8/25,Completed,Volunteer,PYD Workshop,PYD,6/9/25,2025-06-09 16:00:00.0000000 -05:00,2025-06-09 18:00:00.0000000 -05:00,Sisu Youth Services
137292123,7/8/25,Completed,Volunteer,PYD Workshop,PYD,6/9/25,2025-06-09 16:00:00.0000000 -05:00,2025-06-09 18:00:00.0000000 -05:00,Sisu Youth Services
137292138,7/8/25,Completed,Volunteer,Religious Trauma Network Volunteer Group,Group Volunteer,6/7/25,2025-06-07 10:00:00.0000000 -05:00,2025-06-07 13:00:00.0000000 -05:00,Sisu Youth Services
137292140,7/8/25,Completed,Volunteer,Religious Trauma Network Volunteer Group,Group Volunteer,6/7/25,2025-06-07 10:00:00.0000000 -05:00,2025-06-07 13:00:00.0000000 -05:00,Sisu Youth Services
137292142,7/8/25,Completed,Volunteer,Religious Trauma Network Volunteer Group,Group Volunteer,6/7/25,2025-06-07 10:00:00.0000000 -05:00,2025-06-07 13:00:00.0000000 -05:00,Sisu Youth Services
137292143,7/8/25,Completed,Volunteer,Religious Trauma Network Volunteer Group,Group Volunteer,6/7/25,2025-06-07 10:00:00.0000000 -05:00,2025-06-07 13:00:00.0000000 -05:00,Sisu Youth Services
137292146,7/8/25,Completed,Volunteer,Religious Trauma Network Volunteer Group,Group Volunteer,6/7/25,2025-06-07 10:00:00.0000000 -05:00,2025-06-07 13:00:00.0000000 -05:00,Sisu Youth Services
137292147,7/8/25,Completed,Volunteer,Religious Trauma Network Volunteer Group,Group Volunteer,6/7/25,2025-06-07 10:00:00.0000000 -05:00,2025-06-07 13:00:00.0000000 -05:00,Sisu Youth Services
137292152,7/8/25,Completed,Volunteer,Religious Trauma Network Volunteer Group,Group Volunteer,6/7/25,2025-06-07 10:00:00.0000000 -05:00,2025-06-07 13:00:00.0000000 -05:00,Sisu Youth Services
137292167,7/8/25,Completed,Volunteer,Heartland Volunteer Day ,Group Volunteer,5/9/25,2025-05-09 10:00:00.0000000 -05:00,2025-05-09 13:00:00.0000000 -05:00,Sisu Youth Services
137292176,7/8/25,Completed,Volunteer,Heartland Volunteer Day ,Group Volunteer,5/9/25,2025-05-09 10:00:00.0000000 -05:00,2025-05-09 13:00:00.0000000 -05:00,Sisu Youth Services
137292177,7/8/25,Completed,Volunteer,Heartland Volunteer Day ,Group Volunteer,5/9/25,2025-05-09 10:00:00.0000000 -05:00,2025-05-09 13:00:00.0000000 -05:00,Sisu Youth Services
137292180,7/8/25,Completed,Volunteer,Heartland Volunteer Day ,Group Volunteer,5/9/25,2025-05-09 10:00:00.0000000 -05:00,2025-05-09 13:00:00.0000000 -05:00,Sisu Youth Services
137292185,7/8/25,Completed,Volunteer,Heartland Volunteer Day ,Group Volunteer,5/9/25,2025-05-09 10:00:00.0000000 -05:00,2025-05-09 13:00:00.0000000 -05:00,Sisu Youth Services
137292197,7/8/25,Completed,Volunteer,Heartland Volunteer Day ,Group Volunteer,5/9/25,2025-05-09 10:00:00.0000000 -05:00,2025-05-09 13:00:00.0000000 -05:00,Sisu Youth Services
137293304,7/11/25,Completed,Attendee,Volunteer Orientation,Vol Orientatio,7/19/25,2025-07-19 11:00:00.0000000 -05:00,2025-07-19 12:30:00.0000000 -05:00,Sisu Youth Services
137313997,7/14/25,Completed,Attendee,Volunteer Orientation,Vol Orientatio,7/19/25,2025-07-19 11:00:00.0000000 -05:00,2025-07-19 12:30:00.0000000 -05:00,Sisu Youth Services
137572181,7/31/25,Completed,Volunteer,Meal Train,Meal Train,8/3/25,2025-08-03 16:00:00.0000000 -05:00,2025-08-03 19:00:00.0000000 -05:00,Sisu Youth Services
137582586,8/5/25,Completed,Attendee,Volunteer Orientation,Vol Orientatio,8/16/25,2025-08-16 11:00:00.0000000 -05:00,2025-08-16 12:30:00.0000000 -05:00,Sisu Youth Services
137585749,8/4/25,Completed,Attendee,Volunteer Orientation,Vol Orientatio,8/16/25,2025-08-16 11:00:00.0000000 -05:00,2025-08-16 12:30:00.0000000 -05:00,Sisu Youth Services
137603228,8/5/25,Completed,Attendee,Volunteer Orientation,Vol Orientatio,8/16/25,2025-08-16 11:00:00.0000000 -05:00,2025-08-16 12:30:00.0000000 -05:00,Sisu Youth Services
137612775,8/5/25,Completed,Attendee,Volunteer Orientation,Vol Orientatio,8/16/25,2025-08-16 11:00:00.0000000 -05:00,2025-08-16 12:30:00.0000000 -05:00,Sisu Youth Services
137614251,8/6/25,Completed,Attendee,Volunteer Orientation,Vol Orientatio,8/16/25,2025-08-16 11:00:00.0000000 -05:00,2025-08-16 12:30:00.0000000 -05:00,Sisu Youth Services
137624724,8/10/25,Scheduled,Attendee,Volunteer Orientation,Vol Orientatio,8/16/25,2025-08-16 11:00:00.0000000 -05:00,2025-08-16 12:30:00.0000000 -05:00,Sisu Youth Services
137630115,9/9/25,Completed,Attendee,Volunteer Orientation ,Vol Orientatio,9/20/25,2025-09-20 11:00:00.0000000 -05:00,2025-09-20 12:30:00.0000000 -05:00,Sisu Youth Services
137631334,8/14/25,Completed,Attendee,Volunteer Orientation,Vol Orientatio,8/16/25,2025-08-16 11:00:00.0000000 -05:00,2025-08-16 12:30:00.0000000 -05:00,Sisu Youth Services
137658820,8/14/25,Completed,Attendee,Volunteer Orientation,Vol Orientatio,8/16/25,2025-08-16 11:00:00.0000000 -05:00,2025-08-16 12:30:00.0000000 -05:00,Sisu Youth Services
137658939,8/14/25,Completed,Volunteer,CompSource ,Group Volunteer,8/12/25,2025-08-12 09:00:00.0000000 -05:00,2025-08-12 15:00:00.0000000 -05:00,Sisu Youth Services
137658943,8/14/25,Completed,Volunteer,CompSource ,Group Volunteer,8/12/25,2025-08-12 09:00:00.0000000 -05:00,2025-08-12 15:00:00.0000000 -05:00,Sisu Youth Services
137658945,8/14/25,Completed,Volunteer,CompSource ,Group Volunteer,8/12/25,2025-08-12 09:00:00.0000000 -05:00,2025-08-12 15:00:00.0000000 -05:00,Sisu Youth Services
137658946,8/14/25,Completed,Volunteer,CompSource ,Group Volunteer,8/12/25,2025-08-12 09:00:00.0000000 -05:00,2025-08-12 15:00:00.0000000 -05:00,Sisu Youth Services
137658953,8/14/25,Completed,Volunteer,CompSource ,Group Volunteer,8/12/25,2025-08-12 09:00:00.0000000 -05:00,2025-08-12 15:00:00.0000000 -05:00,Sisu Youth Services
137658957,8/14/25,Completed,Volunteer,CompSource ,Group Volunteer,8/12/25,2025-08-12 09:00:00.0000000 -05:00,2025-08-12 15:00:00.0000000 -05:00,Sisu Youth Services
137658961,8/14/25,Completed,Volunteer,CompSource ,Group Volunteer,8/12/25,2025-08-12 09:00:00.0000000 -05:00,2025-08-12 15:00:00.0000000 -05:00,Sisu Youth Services
137658962,8/14/25,Completed,Volunteer,CompSource ,Group Volunteer,8/12/25,2025-08-12 09:00:00.0000000 -05:00,2025-08-12 15:00:00.0000000 -05:00,Sisu Youth Services
137683760,8/14/25,Completed,Attendee,Volunteer Orientation,Vol Orientatio,8/16/25,2025-08-16 11:00:00.0000000 -05:00,2025-08-16 12:30:00.0000000 -05:00,Sisu Youth Services
137716515,8/15/25,Completed,Attendee,Volunteer Orientation,Vol Orientatio,8/16/25,2025-08-16 11:00:00.0000000 -05:00,2025-08-16 12:30:00.0000000 -05:00,Sisu Youth Services
137722053,8/18/25,Completed,Volunteer,Meal Train,Meal Train,11/16/24,2024-11-16 16:30:00.0000000 -06:00,2024-11-16 19:30:00.0000000 -06:00,Sisu Youth Services
137722509,8/18/25,Completed,Volunteer,Meal Train,Meal Train,7/16/25,2025-07-16 16:00:00.0000000 -05:00,2025-07-16 19:00:00.0000000 -05:00,Sisu Youth Services
137722509,8/18/25,Completed,Volunteer,Meal Train,Meal Train,7/17/25,2025-07-17 16:00:00.0000000 -05:00,2025-07-17 19:00:00.0000000 -05:00,Sisu Youth Services
137746480,8/22/25,Completed,Attendee,Volunteer Orientation,Vol Orientatio,8/16/25,2025-08-16 11:00:00.0000000 -05:00,2025-08-16 12:30:00.0000000 -05:00,Sisu Youth Services
137748637,9/2/25,Completed,Attendee,Volunteer Orientation ,Vol Orientatio,9/20/25,2025-09-20 11:00:00.0000000 -05:00,2025-09-20 12:30:00.0000000 -05:00,Sisu Youth Services
137761627,8/26/25,No Show,Attendee,Volunteer Orientation ,Vol Orientatio,9/20/25,2025-09-20 11:00:00.0000000 -05:00,2025-09-20 12:30:00.0000000 -05:00,Sisu Youth Services
137769029,9/1/25,No Show,Attendee,Volunteer Orientation ,Vol Orientatio,9/20/25,2025-09-20 11:00:00.0000000 -05:00,2025-09-20 12:30:00.0000000 -05:00,Sisu Youth Services
137775464,9/10/25,No Show,Attendee,Volunteer Orientation ,Vol Orientatio,9/20/25,2025-09-20 11:00:00.0000000 -05:00,2025-09-20 12:30:00.0000000 -05:00,Sisu Youth Services
137778108,9/2/25,Sched-Web,Volunteer,Chicken N Pickle ,Group Volunteer,9/2/25,2025-09-02 10:00:00.0000000 -06:00,2025-09-02 12:00:00.0000000 -06:00,Sisu Youth Services
137778111,9/2/25,Sched-Web,Volunteer,Chicken N Pickle ,Group Volunteer,9/2/25,2025-09-02 10:00:00.0000000 -06:00,2025-09-02 12:00:00.0000000 -06:00,Sisu Youth Services
137778127,9/2/25,Sched-Web,Volunteer,Chicken N Pickle ,Group Volunteer,9/2/25,2025-09-02 10:00:00.0000000 -06:00,2025-09-02 12:00:00.0000000 -06:00,Sisu Youth Services
137778133,9/2/25,Sched-Web,Volunteer,Chicken N Pickle ,Group Volunteer,9/2/25,2025-09-02 10:00:00.0000000 -06:00,2025-09-02 12:00:00.0000000 -06:00,Sisu Youth Services
137778142,9/2/25,Sched-Web,Volunteer,Chicken N Pickle ,Group Volunteer,9/2/25,2025-09-02 10:00:00.0000000 -06:00,2025-09-02 12:00:00.0000000 -06:00,Sisu Youth Services
137778182,9/2/25,Sched-Web,Volunteer,Chicken N Pickle ,Group Volunteer,9/2/25,2025-09-02 10:00:00.0000000 -06:00,2025-09-02 12:00:00.0000000 -06:00,Sisu Youth Services
137778189,9/2/25,Sched-Web,Volunteer,Chicken N Pickle ,Group Volunteer,9/2/25,2025-09-02 10:00:00.0000000 -06:00,2025-09-02 12:00:00.0000000 -06:00,Sisu Youth Services
137781191,9/5/25,Completed,Attendee,Volunteer Orientation ,Vol Orientatio,9/20/25,2025-09-20 11:00:00.0000000 -05:00,2025-09-20 12:30:00.0000000 -05:00,Sisu Youth Services
137782660,9/3/25,Completed,Attendee,Volunteer Orientation ,Vol Orientatio,9/20/25,2025-09-20 11:00:00.0000000 -05:00,2025-09-20 12:30:00.0000000 -05:00,Sisu Youth Services
137785072,9/3/25,Completed,Volunteer,Meal Train,Meal Train,9/1/25,2025-09-01 16:00:00.0000000 -05:00,2025-09-01 19:00:00.0000000 -05:00,Sisu Youth Services
137818676,9/10/25,No Show,Attendee,Volunteer Orientation ,Vol Orientatio,9/20/25,2025-09-20 11:00:00.0000000 -05:00,2025-09-20 12:30:00.0000000 -05:00,Sisu Youth Services
138021816,1/27/26,Completed,Volunteer,Shelter Shift ,Shelter Shift,1/10/26,2026-01-10 17:30:00.0000000 -06:00,2026-01-10 20:00:00.0000000 -06:00,Sisu Youth Services
138150600,11/14/25,No Show,Attendee,Volunteer Orientation ,Vol Orientatio,11/29/25,2025-11-29 11:00:00.0000000 -06:00,2025-11-29 12:30:00.0000000 -06:00,Sisu Youth Services
138151036,10/22/25,Sched-Web,Volunteer,Meal Train,Meal Train,11/7/25,2025-11-07 16:00:00.0000000 -06:00,2025-11-07 19:00:00.0000000 -06:00,Sisu Youth Services
138266449,10/23/25,Sched-Web,Volunteer,Meal Train,Meal Train,10/30/25,2025-10-30 16:00:00.0000000 -05:00,2025-10-30 19:00:00.0000000 -05:00,Sisu Youth Services
138347674,10/30/25,Completed,Attendee,Volunteer Orientation ,Vol Orientatio,11/29/25,2025-11-29 11:00:00.0000000 -06:00,2025-11-29 12:30:00.0000000 -06:00,Sisu Youth Services
138368777,11/11/25,No Show,Attendee,Volunteer Orientation ,Vol Orientatio,11/29/25,2025-11-29 11:00:00.0000000 -06:00,2025-11-29 12:30:00.0000000 -06:00,Sisu Youth Services
138374119,1/27/26,Completed,Volunteer,Shelter Shift ,Shelter Shift,1/15/26,2026-01-15 17:30:00.0000000 -06:00,2026-01-15 20:00:00.0000000 -06:00,Sisu Youth Services
138374119,11/20/25,Completed,Volunteer,Shadow Shift ,Shelter Shift,11/12/25,2025-11-12 19:00:00.0000000 -06:00,2025-11-12 22:00:00.0000000 -06:00,Sisu Youth Services
138374119,1/5/26,Completed,Volunteer,Shelter Shift ,Shelter Shift,12/18/25,2025-12-18 09:00:00.0000000 -06:00,2025-12-18 12:00:00.0000000 -06:00,Sisu Youth Services
138374119,11/20/25,Completed,Volunteer,Shelter Shift ,Shelter Shift,11/25/25,2025-11-25 17:30:00.0000000 -06:00,2025-11-25 19:30:00.0000000 -06:00,Sisu Youth Services
138382224,11/6/25,Completed,Attendee,Volunteer Orientation ,Vol Orientatio,11/29/25,2025-11-29 11:00:00.0000000 -06:00,2025-11-29 12:30:00.0000000 -06:00,Sisu Youth Services
138382362,1/5/26,Completed,Volunteer,Shelter Shift ,Shelter Shift,12/18/25,2025-12-18 09:00:00.0000000 -06:00,2025-12-18 12:00:00.0000000 -06:00,Sisu Youth Services
138403158,11/18/25,No Show,Attendee,Volunteer Orientation ,Vol Orientatio,11/29/25,2025-11-29 11:00:00.0000000 -06:00,2025-11-29 12:30:00.0000000 -06:00,Sisu Youth Services
138404338,11/13/25,Completed,Attendee,Volunteer Orientation ,Vol Orientatio,11/29/25,2025-11-29 11:00:00.0000000 -06:00,2025-11-29 12:30:00.0000000 -06:00,Sisu Youth Services
138404352,11/13/25,Completed,Attendee,Volunteer Orientation ,Vol Orientatio,11/29/25,2025-11-29 11:00:00.0000000 -06:00,2025-11-29 12:30:00.0000000 -06:00,Sisu Youth Services
138412823,11/18/25,No Show,Attendee,Volunteer Orientation ,Vol Orientatio,11/29/25,2025-11-29 11:00:00.0000000 -06:00,2025-11-29 12:30:00.0000000 -06:00,Sisu Youth Services
138432545,11/19/25,Sched-Web,Volunteer,Meal Train,Meal Train,11/22/25,2025-11-22 16:00:00.0000000 -06:00,2025-11-22 19:00:00.0000000 -06:00,Sisu Youth Services
138586031,12/1/25,Completed,Attendee,Volunteer Orientation ,Vol Orientatio,11/29/25,2025-11-29 11:00:00.0000000 -06:00,2025-11-29 12:30:00.0000000 -06:00,Sisu Youth Services
138617800,12/3/25,Sched-Web,Volunteer,Progressive Volunteer Group ,Group Volunteer,12/3/25,2025-12-03 12:00:00.0000000 -06:00,2025-12-03 15:30:00.0000000 -06:00,Sisu Youth Services
138618422,12/3/25,Sched-Web,Volunteer,Progressive Volunteer Group ,Group Volunteer,12/3/25,2025-12-03 12:00:00.0000000 -06:00,2025-12-03 15:30:00.0000000 -06:00,Sisu Youth Services
138818615,12/18/25,Completed,Volunteer,Meal Train,Meal Train,12/27/25,2025-12-27 16:00:00.0000000 -06:00,2025-12-27 19:00:00.0000000 -06:00,Sisu Youth Services
138887614,1/5/26,Completed,Volunteer,Heartland Volunteer Day ,Group Volunteer,5/9/25,2025-05-09 10:00:00.0000000 -05:00,2025-05-09 13:00:00.0000000 -05:00,Sisu Youth Services
138918454,1/14/26,Completed,Volunteer,Meal Train 2026,Meal Train,1/8/26,2026-01-08 16:30:00.0000000 -06:00,2026-01-08 18:00:00.0000000 -06:00,Sisu Youth Services
138927312,2/10/26,Completed,Volunteer,Shelter Shift ,Shelter Shift,2/2/26,2026-02-02 17:30:00.0000000 -06:00,2026-02-02 20:30:00.0000000 -06:00,Sisu Youth Services
114820890,10/23/25,Sched-Web,Volunteer,Trunk or Treat 2025 ,Group Volunteer,10/30/25,2025-10-30 18:00:00.0000000 -05:00,2025-10-30 19:30:00.0000000 -05:00,Church of the Open Arms
114821036,9/6/23,Scheduled,Volunteer,Atlas Life Skills Class,PYD,9/20/23,2023-09-20 16:00:00.0000000 -05:00,2023-09-20 19:00:00.0000000 -05:00,Atlas Program Site
114821036,7/28/23,Completed,Volunteer,Atlas Volunteer Shift July ,Shelter Shift,7/26/23,2023-07-26 16:00:00.0000000 -06:00,2023-07-26 19:00:00.0000000 -06:00,Atlas Program Site
114821036,8/4/23,Confirmed,Volunteer,Atlas Volunteer Shift August ,Shelter Shift,8/3/23,2023-08-03 19:00:00.0000000 -06:00,2023-08-03 22:00:00.0000000 -06:00,Atlas Program Site
114821036,12/15/23,Completed,Volunteer,Sisu Wrapping Party,Group Volunteer,12/14/23,2023-12-14 17:30:00.0000000 -05:00,2023-12-14 20:30:00.0000000 -05:00,Ethan Allen Showroom
114821071,1/9/25,No Show,Attendee,January Orientation ,Vol Orientatio,1/9/25,2025-01-09 19:00:00.0000000 -06:00,2025-01-09 20:00:00.0000000 -06:00,Belle Isle Library
115834665,11/14/24,Completed,Data Entry,Volunteer Orientation,Vol Recruitment,12/5/24,2024-12-05 18:30:00.0000000 -06:00,2024-12-05 19:30:00.0000000 -06:00,Belle Isle Library
115834736,10/23/25,Sched-Web,Volunteer,Trunk or Treat 2025 ,Group Volunteer,10/30/25,2025-10-30 18:00:00.0000000 -05:00,2025-10-30 19:30:00.0000000 -05:00,Church of the Open Arms
115834736,3/26/25,Completed,Attendee,Connection and Care,Vol Orientatio,3/25/25,2025-03-25 18:30:00.0000000 -05:00,2025-03-25 20:00:00.0000000 -05:00,Church of the Open Arms
117561645,12/6/24,Completed,Attendee,Volunteer Orientation,Vol Recruitment,12/5/24,2024-12-05 18:30:00.0000000 -06:00,2024-12-05 19:30:00.0000000 -06:00,Belle Isle Library
117561878,12/14/23,Completed,Volunteer,Sisu Wrapping Party,Group Volunteer,12/14/23,2023-12-14 17:30:00.0000000 -05:00,2023-12-14 20:30:00.0000000 -05:00,Ethan Allen Showroom
117561878,9/11/24,No Show,Data Entry,Connection & Care: Enhancing Volunteer Engagement,Vol Recruitment,9/24/24,2024-09-24 18:30:00.0000000 -05:00,2024-09-24 20:00:00.0000000 -05:00,Church of the Open Arms
117561964,12/14/23,Completed,Volunteer,Sisu Wrapping Party,Group Volunteer,12/14/23,2023-12-14 17:30:00.0000000 -05:00,2023-12-14 20:30:00.0000000 -05:00,Ethan Allen Showroom
117561997,10/23/25,Sched-Web,Volunteer,Trunk or Treat 2025 ,Group Volunteer,10/30/25,2025-10-30 18:00:00.0000000 -05:00,2025-10-30 19:30:00.0000000 -05:00,Church of the Open Arms
119185973,11/14/24,Completed,Data Entry,Volunteer Orientation,Vol Recruitment,12/5/24,2024-12-05 18:30:00.0000000 -06:00,2024-12-05 19:30:00.0000000 -06:00,Belle Isle Library
119186096,5/14/24,Completed,Volunteer,Volunteer Orientation ,Group Volunteer,5/14/24,2024-05-14 18:30:00.0000000 -05:00,2024-05-14 20:00:00.0000000 -05:00,Church of the Open Arms
119186132,7/31/24,Sched-Web,Data Entry,August Volunteer Orientation,Vol Recruitment,8/15/24,2024-08-15 18:30:00.0000000 -05:00,2024-08-15 20:00:00.0000000 -05:00,Belle Isle Library
119440314,3/26/25,Completed,Attendee,Connection and Care,Vol Orientatio,3/25/25,2025-03-25 18:30:00.0000000 -05:00,2025-03-25 20:00:00.0000000 -05:00,Church of the Open Arms
119692533,8/4/23,Confirmed,Volunteer,Atlas Volunteer Shift August ,Shelter Shift,8/4/23,2023-08-04 14:30:00.0000000 -06:00,2023-08-04 15:30:00.0000000 -06:00,Atlas Program Site
120871955,3/17/25,Completed,Volunteer,Volunteer Orientation ,Group Volunteer,5/14/24,2024-05-14 18:30:00.0000000 -05:00,2024-05-14 20:00:00.0000000 -05:00,Church of the Open Arms
121649507,10/4/25,No Show,Attendee,Volunteer Orientation ,Vol Orientatio,10/18/25,2025-10-18 11:00:00.0000000 -05:00,2025-10-18 12:30:00.0000000 -05:00,The Village Library
121989676,8/30/24,Completed,Data Entry,August Volunteer Orientation- Rescheduled ,Vol Recruitment,8/29/24,2024-08-29 18:30:00.0000000 -05:00,2024-08-29 20:00:00.0000000 -05:00,Belle Isle Library
122065558,3/26/25,Completed,Attendee,Connection and Care,Vol Orientatio,3/25/25,2025-03-25 18:30:00.0000000 -05:00,2025-03-25 20:00:00.0000000 -05:00,Church of the Open Arms
122068134,12/15/23,Completed,Volunteer,Sisu Wrapping Party,Group Volunteer,12/14/23,2023-12-14 17:30:00.0000000 -05:00,2023-12-14 20:30:00.0000000 -05:00,Ethan Allen Showroom
122116256,8/4/23,Scheduled,Volunteer,Atlas Volunteer Shift August ,Shelter Shift,8/7/23,2023-08-07 19:00:00.0000000 -06:00,2023-08-07 22:00:00.0000000 -06:00,Atlas Program Site
124016647,8/21/23,Completed,Volunteer,Atlas Volunteer Shift August ,Shelter Shift,8/20/23,2023-08-20 16:00:00.0000000 -06:00,2023-08-20 19:00:00.0000000 -06:00,Atlas Program Site
124046088,12/10/24,Completed,Data Entry,Connection and Care,Vol Recruitment,12/10/24,2024-12-10 18:30:00.0000000 -05:00,2024-12-10 20:00:00.0000000 -05:00,Church of the Open Arms
124522681,11/7/24,Completed,Data Entry,Volunteer Orientation ,Vol Recruitment,11/9/24,2024-11-09 14:30:00.0000000 -06:00,2024-11-09 16:00:00.0000000 -06:00,Belle Isle Library
124888875,8/21/23,Completed,Volunteer,Atlas Volunteer Shift August ,Shelter Shift,8/19/23,2023-08-19 16:00:00.0000000 -06:00,2023-08-19 19:00:00.0000000 -06:00,Atlas Program Site
125259269,9/6/23,Completed,Volunteer,Atlas Life Skills Class,PYD,9/12/23,2023-09-12 19:00:00.0000000 -05:00,2023-09-12 22:00:00.0000000 -05:00,Atlas Program Site
126303409,12/14/23,Completed,Volunteer,Sisu Wrapping Party,Group Volunteer,12/14/23,2023-12-14 17:30:00.0000000 -05:00,2023-12-14 20:30:00.0000000 -05:00,Ethan Allen Showroom
126709380,12/14/23,Completed,Volunteer,Sisu Wrapping Party,Group Volunteer,12/14/23,2023-12-14 17:30:00.0000000 -05:00,2023-12-14 20:30:00.0000000 -05:00,Ethan Allen Showroom
127707177,10/10/23,Sched-Web,Volunteer,EXP Birthday Volunteer Day ,Group Volunteer,10/10/23,2023-10-10 10:00:00.0000000 -05:00,2023-10-10 13:00:00.0000000 -05:00,Atlas Program Site
127707188,10/10/23,Sched-Web,Volunteer,EXP Birthday Volunteer Day ,Group Volunteer,10/10/23,2023-10-10 10:00:00.0000000 -05:00,2023-10-10 13:00:00.0000000 -05:00,Atlas Program Site
127707193,10/10/23,Sched-Web,Volunteer,EXP Birthday Volunteer Day ,Group Volunteer,10/10/23,2023-10-10 10:00:00.0000000 -05:00,2023-10-10 13:00:00.0000000 -05:00,Atlas Program Site
127707198,10/10/23,Sched-Web,Volunteer,EXP Birthday Volunteer Day ,Group Volunteer,10/10/23,2023-10-10 10:00:00.0000000 -05:00,2023-10-10 13:00:00.0000000 -05:00,Atlas Program Site
127707199,10/10/23,Sched-Web,Volunteer,EXP Birthday Volunteer Day ,Group Volunteer,10/10/23,2023-10-10 10:00:00.0000000 -05:00,2023-10-10 13:00:00.0000000 -05:00,Atlas Program Site
127707205,10/10/23,Sched-Web,Volunteer,EXP Birthday Volunteer Day ,Group Volunteer,10/10/23,2023-10-10 10:00:00.0000000 -05:00,2023-10-10 13:00:00.0000000 -05:00,Atlas Program Site
127707209,10/10/23,Sched-Web,Volunteer,EXP Birthday Volunteer Day ,Group Volunteer,10/10/23,2023-10-10 10:00:00.0000000 -05:00,2023-10-10 13:00:00.0000000 -05:00,Atlas Program Site
127707213,10/10/23,Sched-Web,Volunteer,EXP Birthday Volunteer Day ,Group Volunteer,10/10/23,2023-10-10 10:00:00.0000000 -05:00,2023-10-10 13:00:00.0000000 -05:00,Atlas Program Site
127707222,10/10/23,Sched-Web,Volunteer,EXP Birthday Volunteer Day ,Group Volunteer,10/10/23,2023-10-10 10:00:00.0000000 -05:00,2023-10-10 13:00:00.0000000 -05:00,Atlas Program Site
127707229,10/10/23,Sched-Web,Volunteer,EXP Birthday Volunteer Day ,Group Volunteer,10/10/23,2023-10-10 10:00:00.0000000 -05:00,2023-10-10 13:00:00.0000000 -05:00,Atlas Program Site
127707240,10/10/23,Sched-Web,Volunteer,EXP Birthday Volunteer Day ,Group Volunteer,10/10/23,2023-10-10 10:00:00.0000000 -05:00,2023-10-10 13:00:00.0000000 -05:00,Atlas Program Site
127707244,10/10/23,Sched-Web,Volunteer,EXP Birthday Volunteer Day ,Group Volunteer,10/10/23,2023-10-10 10:00:00.0000000 -05:00,2023-10-10 13:00:00.0000000 -05:00,Atlas Program Site
127707260,10/10/23,Sched-Web,Volunteer,EXP Birthday Volunteer Day ,Group Volunteer,10/10/23,2023-10-10 10:00:00.0000000 -05:00,2023-10-10 13:00:00.0000000 -05:00,Atlas Program Site
127707271,10/10/23,Sched-Web,Volunteer,EXP Birthday Volunteer Day ,Group Volunteer,10/10/23,2023-10-10 10:00:00.0000000 -05:00,2023-10-10 13:00:00.0000000 -05:00,Atlas Program Site
127707281,10/10/23,Sched-Web,Volunteer,EXP Birthday Volunteer Day ,Group Volunteer,10/10/23,2023-10-10 10:00:00.0000000 -05:00,2023-10-10 13:00:00.0000000 -05:00,Atlas Program Site
127787549,5/13/24,Completed,Volunteer,Volunteer Orientation ,Group Volunteer,5/14/24,2024-05-14 18:30:00.0000000 -05:00,2024-05-14 20:00:00.0000000 -05:00,Church of the Open Arms
128125753,5/14/24,Completed,Volunteer,Volunteer Orientation ,Group Volunteer,5/14/24,2024-05-14 18:30:00.0000000 -05:00,2024-05-14 20:00:00.0000000 -05:00,Church of the Open Arms
128701421,12/6/24,Completed,Attendee,Connection and Care,Vol Recruitment,12/10/24,2024-12-10 18:30:00.0000000 -05:00,2024-12-10 20:00:00.0000000 -05:00,Church of the Open Arms
128701421,11/19/24,Completed,Data Entry,Volunteer Orientation,Vol Recruitment,12/5/24,2024-12-05 18:30:00.0000000 -06:00,2024-12-05 19:30:00.0000000 -06:00,Belle Isle Library
130266644,3/26/25,Completed,Attendee,Connection and Care,Vol Orientatio,3/25/25,2025-03-25 18:30:00.0000000 -05:00,2025-03-25 20:00:00.0000000 -05:00,Church of the Open Arms
130385225,4/10/24,Completed,Data Entry,Volunteer Boundaries Training ,Vol Recruitment,4/22/24,2024-04-22 18:30:00.0000000 -05:00,2024-04-22 20:30:00.0000000 -05:00,Belle Isle Library
130406026,4/10/24,Completed,Data Entry,Volunteer Boundaries Training ,Vol Recruitment,4/22/24,2024-04-22 18:30:00.0000000 -05:00,2024-04-22 20:30:00.0000000 -05:00,Belle Isle Library
130772460,3/26/25,Completed,Attendee,Connection and Care,Vol Orientatio,3/25/25,2025-03-25 18:30:00.0000000 -05:00,2025-03-25 20:00:00.0000000 -05:00,Church of the Open Arms
130858529,4/10/24,Confirmed,Data Entry,Volunteer Boundaries Training ,Vol Recruitment,4/22/24,2024-04-22 18:30:00.0000000 -05:00,2024-04-22 20:30:00.0000000 -05:00,Belle Isle Library
130858604,4/10/24,Completed,Data Entry,Volunteer Boundaries Training ,Vol Recruitment,4/22/24,2024-04-22 18:30:00.0000000 -05:00,2024-04-22 20:30:00.0000000 -05:00,Belle Isle Library
130858604,9/10/24,Completed,Data Entry,Connection & Care: Enhancing Volunteer Engagement,Vol Recruitment,9/24/24,2024-09-24 18:30:00.0000000 -05:00,2024-09-24 20:00:00.0000000 -05:00,Church of the Open Arms
130875622,4/12/24,Completed,Data Entry,Volunteer Boundaries Training ,Vol Recruitment,4/22/24,2024-04-22 18:30:00.0000000 -05:00,2024-04-22 20:30:00.0000000 -05:00,Belle Isle Library
130921714,4/13/24,No Show,Data Entry,Volunteer Boundaries Training ,Vol Recruitment,4/22/24,2024-04-22 18:30:00.0000000 -05:00,2024-04-22 20:30:00.0000000 -05:00,Belle Isle Library
130923717,4/15/24,No Show,Data Entry,Volunteer Boundaries Training ,Vol Recruitment,4/22/24,2024-04-22 18:30:00.0000000 -05:00,2024-04-22 20:30:00.0000000 -05:00,Belle Isle Library
130926108,4/15/24,No Show,Data Entry,Volunteer Boundaries Training ,Vol Recruitment,4/22/24,2024-04-22 18:30:00.0000000 -05:00,2024-04-22 20:30:00.0000000 -05:00,Belle Isle Library
130926108,12/6/24,Completed,Attendee,Volunteer Orientation,Vol Recruitment,12/5/24,2024-12-05 18:30:00.0000000 -06:00,2024-12-05 19:30:00.0000000 -06:00,Belle Isle Library
130926108,2/21/25,Completed,Attendee,Connection and Care,Vol Recruitment,2/25/25,2025-02-25 18:30:00.0000000 -06:00,2025-02-25 20:00:00.0000000 -06:00,Church of the Open Arms
130926162,4/15/24,No Show,Data Entry,Volunteer Boundaries Training ,Vol Recruitment,4/22/24,2024-04-22 18:30:00.0000000 -05:00,2024-04-22 20:30:00.0000000 -05:00,Belle Isle Library
130926723,4/15/24,Declined,Data Entry,Volunteer Boundaries Training ,Vol Recruitment,4/22/24,2024-04-22 18:30:00.0000000 -05:00,2024-04-22 20:30:00.0000000 -05:00,Belle Isle Library
130928349,4/16/24,No Show,Data Entry,Volunteer Boundaries Training ,Vol Recruitment,4/22/24,2024-04-22 18:30:00.0000000 -05:00,2024-04-22 20:30:00.0000000 -05:00,Belle Isle Library
130928694,4/16/24,Completed,Data Entry,Volunteer Boundaries Training ,Vol Recruitment,4/22/24,2024-04-22 18:30:00.0000000 -05:00,2024-04-22 20:30:00.0000000 -05:00,Belle Isle Library
130929280,4/16/24,No Show,Data Entry,Volunteer Boundaries Training ,Vol Recruitment,4/22/24,2024-04-22 18:30:00.0000000 -05:00,2024-04-22 20:30:00.0000000 -05:00,Belle Isle Library
130930872,4/17/24,Completed,Data Entry,Volunteer Boundaries Training ,Vol Recruitment,4/22/24,2024-04-22 18:30:00.0000000 -05:00,2024-04-22 20:30:00.0000000 -05:00,Belle Isle Library
130947595,4/17/24,Completed,Data Entry,Volunteer Boundaries Training ,Vol Recruitment,4/22/24,2024-04-22 18:30:00.0000000 -05:00,2024-04-22 20:30:00.0000000 -05:00,Belle Isle Library
130956879,4/19/24,Completed,Data Entry,Volunteer Boundaries Training ,Vol Recruitment,4/22/24,2024-04-22 18:30:00.0000000 -05:00,2024-04-22 20:30:00.0000000 -05:00,Belle Isle Library
131355921,11/12/24,Completed,Data Entry,Connection and Care,Vol Recruitment,11/19/24,2024-11-19 18:30:00.0000000 -05:00,2024-11-19 19:30:00.0000000 -05:00,Church of the Open Arms
131355921,10/10/24,Sched-Web,Data Entry,Connection and Care,Vol Recruitment,10/30/24,2024-10-30 18:30:00.0000000 -05:00,2024-10-30 20:00:00.0000000 -05:00,Church of the Open Arms
131355921,8/22/24,Completed,Data Entry,September Volunteer Orientation,Vol Recruitment,9/10/24,2024-09-10 18:30:00.0000000 -05:00,2024-09-10 20:00:00.0000000 -05:00,Church of the Open Arms
131500244,5/9/24,Completed,Volunteer,Volunteer Orientation ,Group Volunteer,5/14/24,2024-05-14 18:30:00.0000000 -05:00,2024-05-14 20:00:00.0000000 -05:00,Church of the Open Arms
131500244,9/11/24,Completed,Data Entry,Connection & Care: Enhancing Volunteer Engagement,Vol Recruitment,9/24/24,2024-09-24 18:30:00.0000000 -05:00,2024-09-24 20:00:00.0000000 -05:00,Church of the Open Arms
131522389,5/10/24,Completed,Volunteer,Volunteer Orientation ,Group Volunteer,5/14/24,2024-05-14 18:30:00.0000000 -05:00,2024-05-14 20:00:00.0000000 -05:00,Church of the Open Arms
131644176,5/15/24,Completed,Volunteer,Volunteer Orientation ,Group Volunteer,5/14/24,2024-05-14 18:30:00.0000000 -05:00,2024-05-14 20:00:00.0000000 -05:00,Church of the Open Arms
132013795,5/31/24,Completed,Attendee,Volunteer Orientation,Training,6/24/24,2024-06-24 18:30:00.0000000 -05:00,2024-06-24 20:00:00.0000000 -05:00,Belle Isle Library
132256136,6/10/24,Sched-Web,Attendee,Volunteer Orientation,Training,6/24/24,2024-06-24 18:30:00.0000000 -05:00,2024-06-24 20:00:00.0000000 -05:00,Belle Isle Library
132256471,6/10/24,Completed,Attendee,Volunteer Orientation,Training,6/24/24,2024-06-24 18:30:00.0000000 -05:00,2024-06-24 20:00:00.0000000 -05:00,Belle Isle Library
132393334,6/15/24,Sched-Web,Attendee,Volunteer Orientation,Training,6/24/24,2024-06-24 18:30:00.0000000 -05:00,2024-06-24 20:00:00.0000000 -05:00,Belle Isle Library
132404838,6/26/24,Completed,Attendee,Volunteer Orientation,Training,6/24/24,2024-06-24 18:30:00.0000000 -05:00,2024-06-24 20:00:00.0000000 -05:00,Belle Isle Library
132407235,9/9/24,Completed,Data Entry,September Volunteer Orientation,Vol Recruitment,9/10/24,2024-09-10 18:30:00.0000000 -05:00,2024-09-10 20:00:00.0000000 -05:00,Church of the Open Arms
132407235,9/25/24,Completed,Attendee,Connection & Care: Enhancing Volunteer Engagement,Vol Recruitment,9/24/24,2024-09-24 18:30:00.0000000 -05:00,2024-09-24 20:00:00.0000000 -05:00,Church of the Open Arms
132421786,6/23/24,Completed,Attendee,Volunteer Orientation,Training,6/24/24,2024-06-24 18:30:00.0000000 -05:00,2024-06-24 20:00:00.0000000 -05:00,Belle Isle Library
132422070,6/24/24,Completed,Attendee,Volunteer Orientation,Training,6/24/24,2024-06-24 18:30:00.0000000 -05:00,2024-06-24 20:00:00.0000000 -05:00,Belle Isle Library
132422853,6/24/24,Completed,Attendee,Volunteer Orientation,Training,6/24/24,2024-06-24 18:30:00.0000000 -05:00,2024-06-24 20:00:00.0000000 -05:00,Belle Isle Library
132423435,6/24/24,Completed,Attendee,Volunteer Orientation,Training,6/24/24,2024-06-24 18:30:00.0000000 -05:00,2024-06-24 20:00:00.0000000 -05:00,Belle Isle Library
132424370,6/24/24,Completed,Attendee,Volunteer Orientation,Training,6/24/24,2024-06-24 18:30:00.0000000 -05:00,2024-06-24 20:00:00.0000000 -05:00,Belle Isle Library
132424464,10/14/24,Declined,Data Entry,Volunteer Orientation ,Vol Recruitment,11/9/24,2024-11-09 14:30:00.0000000 -06:00,2024-11-09 16:00:00.0000000 -06:00,Belle Isle Library
132424639,8/13/24,Completed,Data Entry,August Volunteer Orientation,Vol Recruitment,8/15/24,2024-08-15 18:30:00.0000000 -05:00,2024-08-15 20:00:00.0000000 -05:00,Belle Isle Library
132492300,10/23/25,Completed,Volunteer,Trunk or Treat 2025 ,Group Volunteer,10/30/25,2025-10-30 18:00:00.0000000 -05:00,2025-10-30 19:30:00.0000000 -05:00,Church of the Open Arms
132658397,9/11/24,Completed,Data Entry,Connection & Care: Enhancing Volunteer Engagement,Vol Recruitment,9/24/24,2024-09-24 18:30:00.0000000 -05:00,2024-09-24 20:00:00.0000000 -05:00,Church of the Open Arms
132659668,9/18/24,Completed,Data Entry,Connection & Care: Enhancing Volunteer Engagement,Vol Recruitment,9/24/24,2024-09-24 18:30:00.0000000 -05:00,2024-09-24 20:00:00.0000000 -05:00,Church of the Open Arms
132678566,10/9/24,Sched-Web,Data Entry,Connection and Care,Vol Recruitment,10/30/24,2024-10-30 18:30:00.0000000 -05:00,2024-10-30 20:00:00.0000000 -05:00,Church of the Open Arms
132678566,7/22/24,Completed,Attendee,Volunteer Orientation,Training,6/24/24,2024-06-24 18:30:00.0000000 -05:00,2024-06-24 20:00:00.0000000 -05:00,Belle Isle Library
132784465,8/2/24,Sched-Web,Data Entry,August Volunteer Orientation,Vol Recruitment,8/15/24,2024-08-15 18:30:00.0000000 -05:00,2024-08-15 20:00:00.0000000 -05:00,Belle Isle Library
132785398,8/1/24,Sched-Web,Data Entry,August Volunteer Orientation,Vol Recruitment,8/15/24,2024-08-15 18:30:00.0000000 -05:00,2024-08-15 20:00:00.0000000 -05:00,Belle Isle Library
132801185,8/5/24,Declined,Data Entry,August Volunteer Orientation,Vol Recruitment,8/15/24,2024-08-15 18:30:00.0000000 -05:00,2024-08-15 20:00:00.0000000 -05:00,Belle Isle Library
132802054,8/7/24,Completed,Data Entry,August Volunteer Orientation,Vol Recruitment,8/15/24,2024-08-15 18:30:00.0000000 -05:00,2024-08-15 20:00:00.0000000 -05:00,Belle Isle Library
132971304,8/13/24,Completed,Data Entry,September Volunteer Orientation,Vol Recruitment,9/10/24,2024-09-10 18:30:00.0000000 -05:00,2024-09-10 20:00:00.0000000 -05:00,Church of the Open Arms
132973517,8/15/24,Sched-Web,Data Entry,August Volunteer Orientation,Vol Recruitment,8/15/24,2024-08-15 18:30:00.0000000 -05:00,2024-08-15 20:00:00.0000000 -05:00,Belle Isle Library
132974586,8/9/24,No Show,Data Entry,August Volunteer Orientation,Vol Recruitment,8/15/24,2024-08-15 18:30:00.0000000 -05:00,2024-08-15 20:00:00.0000000 -05:00,Belle Isle Library
132974586,8/31/24,Completed,Data Entry,September Volunteer Orientation,Vol Recruitment,9/10/24,2024-09-10 18:30:00.0000000 -05:00,2024-09-10 20:00:00.0000000 -05:00,Church of the Open Arms
132974586,9/25/24,Completed,Attendee,Connection & Care: Enhancing Volunteer Engagement,Vol Recruitment,9/24/24,2024-09-24 18:30:00.0000000 -05:00,2024-09-24 20:00:00.0000000 -05:00,Church of the Open Arms
132986459,8/14/24,Completed,Data Entry,August Volunteer Orientation,Vol Recruitment,8/15/24,2024-08-15 18:30:00.0000000 -05:00,2024-08-15 20:00:00.0000000 -05:00,Belle Isle Library
133026921,8/15/24,Completed,Data Entry,August Volunteer Orientation,Vol Recruitment,8/15/24,2024-08-15 18:30:00.0000000 -05:00,2024-08-15 20:00:00.0000000 -05:00,Belle Isle Library
133175286,8/23/24,Sched-Web,Data Entry,August Volunteer Orientation- Rescheduled ,Vol Recruitment,8/29/24,2024-08-29 18:30:00.0000000 -05:00,2024-08-29 20:00:00.0000000 -05:00,Belle Isle Library
133662751,9/12/24,Completed,Data Entry,August Volunteer Orientation- Rescheduled ,Vol Recruitment,8/29/24,2024-08-29 18:30:00.0000000 -05:00,2024-08-29 20:00:00.0000000 -05:00,Belle Isle Library
133725385,8/24/24,Sched-Web,Data Entry,August Volunteer Orientation- Rescheduled ,Vol Recruitment,8/29/24,2024-08-29 18:30:00.0000000 -05:00,2024-08-29 20:00:00.0000000 -05:00,Belle Isle Library
133736178,8/25/24,Sched-Web,Data Entry,August Volunteer Orientation- Rescheduled ,Vol Recruitment,8/29/24,2024-08-29 18:30:00.0000000 -05:00,2024-08-29 20:00:00.0000000 -05:00,Belle Isle Library
133768833,8/26/24,Sched-Web,Data Entry,August Volunteer Orientation- Rescheduled ,Vol Recruitment,8/29/24,2024-08-29 18:30:00.0000000 -05:00,2024-08-29 20:00:00.0000000 -05:00,Belle Isle Library
133768833,1/28/25,Confirmed,Data Entry,Volunteer Boundaries Training ,Vol Recruitment,4/22/24,2024-04-22 18:30:00.0000000 -05:00,2024-04-22 20:30:00.0000000 -05:00,Belle Isle Library
133913030,5/19/25,No Show,Attendee,Volunteer Orientation,Vol Orientatio,5/20/25,2025-05-20 18:30:00.0000000 -05:00,2025-05-20 20:00:00.0000000 -05:00,The Village Library
133913041,9/10/24,Completed,Data Entry,August Volunteer Orientation- Rescheduled ,Vol Recruitment,8/29/24,2024-08-29 18:30:00.0000000 -05:00,2024-08-29 20:00:00.0000000 -05:00,Belle Isle Library
133913897,9/2/24,Declined,Data Entry,September Volunteer Orientation,Vol Recruitment,9/10/24,2024-09-10 18:30:00.0000000 -05:00,2024-09-10 20:00:00.0000000 -05:00,Church of the Open Arms
134031332,9/6/24,Completed,Data Entry,September Volunteer Orientation,Vol Recruitment,9/10/24,2024-09-10 18:30:00.0000000 -05:00,2024-09-10 20:00:00.0000000 -05:00,Church of the Open Arms
134031332,10/24/24,Sched-Web,Data Entry,Connection and Care,Vol Recruitment,10/30/24,2024-10-30 18:30:00.0000000 -05:00,2024-10-30 20:00:00.0000000 -05:00,Church of the Open Arms
134093099,9/17/24,Completed,Data Entry,September Volunteer Orientation,Vol Recruitment,9/10/24,2024-09-10 18:30:00.0000000 -05:00,2024-09-10 20:00:00.0000000 -05:00,Church of the Open Arms
134143030,10/9/24,Sched-Web,Data Entry,Connection and Care,Vol Recruitment,10/30/24,2024-10-30 18:30:00.0000000 -05:00,2024-10-30 20:00:00.0000000 -05:00,Church of the Open Arms
134143030,9/9/24,No Show,Data Entry,Connection & Care: Enhancing Volunteer Engagement,Vol Recruitment,9/24/24,2024-09-24 18:30:00.0000000 -05:00,2024-09-24 20:00:00.0000000 -05:00,Church of the Open Arms
134143030,12/6/24,Completed,Data Entry,Connection and Care,Vol Recruitment,12/10/24,2024-12-10 18:30:00.0000000 -05:00,2024-12-10 20:00:00.0000000 -05:00,Church of the Open Arms
134143030,7/1/24,Completed,Attendee,Volunteer Orientation,Training,6/24/24,2024-06-24 18:30:00.0000000 -05:00,2024-06-24 20:00:00.0000000 -05:00,Belle Isle Library
134143969,9/9/24,Completed,Data Entry,September Volunteer Orientation,Vol Recruitment,9/10/24,2024-09-10 18:30:00.0000000 -05:00,2024-09-10 20:00:00.0000000 -05:00,Church of the Open Arms
134144865,2/5/25,Completed,Attendee,Connection and Care,Vol Recruitment,2/25/25,2025-02-25 18:30:00.0000000 -06:00,2025-02-25 20:00:00.0000000 -06:00,Church of the Open Arms
134144865,9/10/24,No Show,Data Entry,Volunteer Orientation October ,Vol Recruitment,10/10/24,2024-10-10 18:30:00.0000000 -05:00,2024-10-10 20:00:00.0000000 -05:00,Belle Isle Library
134145046,9/10/24,No Show,Data Entry,Volunteer Orientation October ,Vol Recruitment,10/10/24,2024-10-10 18:30:00.0000000 -05:00,2024-10-10 20:00:00.0000000 -05:00,Belle Isle Library
134145059,9/10/24,No Show,Data Entry,Volunteer Orientation October ,Vol Recruitment,10/10/24,2024-10-10 18:30:00.0000000 -05:00,2024-10-10 20:00:00.0000000 -05:00,Belle Isle Library
134152645,9/10/24,Completed,Data Entry,August Volunteer Orientation- Rescheduled ,Vol Recruitment,8/29/24,2024-08-29 18:30:00.0000000 -05:00,2024-08-29 20:00:00.0000000 -05:00,Belle Isle Library
134154521,9/11/24,Completed,Data Entry,Volunteer Orientation October ,Vol Recruitment,10/10/24,2024-10-10 18:30:00.0000000 -05:00,2024-10-10 20:00:00.0000000 -05:00,Belle Isle Library
134158362,2/4/25,Completed,Attendee,Connection & Care: Enhancing Volunteer Engagement,Vol Recruitment,9/24/24,2024-09-24 18:30:00.0000000 -05:00,2024-09-24 20:00:00.0000000 -05:00,Church of the Open Arms
134362289,9/23/24,Completed,Data Entry,Volunteer Orientation October ,Vol Recruitment,10/10/24,2024-10-10 18:30:00.0000000 -05:00,2024-10-10 20:00:00.0000000 -05:00,Belle Isle Library
134541289,9/26/24,Completed,Data Entry,Volunteer Orientation October ,Vol Recruitment,10/10/24,2024-10-10 18:30:00.0000000 -05:00,2024-10-10 20:00:00.0000000 -05:00,Belle Isle Library
134814703,11/9/24,Completed,Data Entry,Volunteer Orientation ,Vol Recruitment,11/9/24,2024-11-09 14:30:00.0000000 -06:00,2024-11-09 16:00:00.0000000 -06:00,Belle Isle Library
134842900,10/10/24,Completed,Attendee,Volunteer Orientation October ,Vol Recruitment,10/10/24,2024-10-10 18:30:00.0000000 -05:00,2024-10-10 20:00:00.0000000 -05:00,Belle Isle Library
134844359,10/14/24,Completed,Data Entry,Volunteer Orientation ,Vol Recruitment,11/9/24,2024-11-09 14:30:00.0000000 -06:00,2024-11-09 16:00:00.0000000 -06:00,Belle Isle Library
134844359,12/9/24,No Show,Data Entry,Connection and Care,Vol Recruitment,12/10/24,2024-12-10 18:30:00.0000000 -05:00,2024-12-10 20:00:00.0000000 -05:00,Church of the Open Arms
134857793,10/8/24,Completed,Data Entry,Volunteer Orientation October ,Vol Recruitment,10/10/24,2024-10-10 18:30:00.0000000 -05:00,2024-10-10 20:00:00.0000000 -05:00,Belle Isle Library
134857829,9/25/24,Completed,Data Entry,Volunteer Orientation October ,Vol Recruitment,10/10/24,2024-10-10 18:30:00.0000000 -05:00,2024-10-10 20:00:00.0000000 -05:00,Belle Isle Library
134857829,8/13/24,Sched-Web,Data Entry,August Volunteer Orientation,Vol Recruitment,8/15/24,2024-08-15 18:30:00.0000000 -05:00,2024-08-15 20:00:00.0000000 -05:00,Belle Isle Library
134863531,5/28/24,Completed,Attendee,Volunteer Orientation,Training,6/24/24,2024-06-24 18:30:00.0000000 -05:00,2024-06-24 20:00:00.0000000 -05:00,Belle Isle Library
134863531,10/11/24,Sched-Web,Data Entry,Connection and Care,Vol Recruitment,10/30/24,2024-10-30 18:30:00.0000000 -05:00,2024-10-30 20:00:00.0000000 -05:00,Church of the Open Arms
134963831,11/6/24,Completed,Data Entry,Volunteer Orientation ,Vol Recruitment,11/9/24,2024-11-09 14:30:00.0000000 -06:00,2024-11-09 16:00:00.0000000 -06:00,Belle Isle Library
134983814,10/2/24,Declined,Data Entry,Volunteer Orientation October ,Vol Recruitment,10/10/24,2024-10-10 18:30:00.0000000 -05:00,2024-10-10 20:00:00.0000000 -05:00,Belle Isle Library
134983814,10/28/24,Sched-Web,Data Entry,Connection and Care,Vol Recruitment,10/30/24,2024-10-30 18:30:00.0000000 -05:00,2024-10-30 20:00:00.0000000 -05:00,Church of the Open Arms
135043401,11/17/24,Completed,Data Entry,Connection and Care,Vol Recruitment,11/19/24,2024-11-19 18:30:00.0000000 -05:00,2024-11-19 19:30:00.0000000 -05:00,Church of the Open Arms
135043401,11/7/24,Completed,Data Entry,Volunteer Orientation ,Vol Recruitment,11/9/24,2024-11-09 14:30:00.0000000 -06:00,2024-11-09 16:00:00.0000000 -06:00,Belle Isle Library
135062277,11/30/24,Completed,Data Entry,Volunteer Orientation,Vol Recruitment,12/5/24,2024-12-05 18:30:00.0000000 -06:00,2024-12-05 19:30:00.0000000 -06:00,Belle Isle Library
135062336,11/8/24,Completed,Data Entry,Volunteer Orientation ,Vol Recruitment,11/9/24,2024-11-09 14:30:00.0000000 -06:00,2024-11-09 16:00:00.0000000 -06:00,Belle Isle Library
135063323,11/8/24,Completed,Data Entry,Volunteer Orientation ,Vol Recruitment,11/9/24,2024-11-09 14:30:00.0000000 -06:00,2024-11-09 16:00:00.0000000 -06:00,Belle Isle Library
135063323,11/18/24,Completed,Data Entry,Connection and Care,Vol Recruitment,11/19/24,2024-11-19 18:30:00.0000000 -05:00,2024-11-19 19:30:00.0000000 -05:00,Church of the Open Arms
135064298,12/3/24,No Show,Data Entry,Volunteer Orientation,Vol Recruitment,12/5/24,2024-12-05 18:30:00.0000000 -06:00,2024-12-05 19:30:00.0000000 -06:00,Belle Isle Library
135066175,11/11/24,Completed,Attendee,Volunteer Orientation ,Vol Recruitment,11/9/24,2024-11-09 14:30:00.0000000 -06:00,2024-11-09 16:00:00.0000000 -06:00,Belle Isle Library
135117620,2/17/25,Completed,Data Entry,Connection and Care,Vol Recruitment,2/25/25,2025-02-25 18:30:00.0000000 -06:00,2025-02-25 20:00:00.0000000 -06:00,Church of the Open Arms
135132433,12/6/24,Completed,Attendee,Volunteer Orientation,Vol Recruitment,12/5/24,2024-12-05 18:30:00.0000000 -06:00,2024-12-05 19:30:00.0000000 -06:00,Belle Isle Library
135167002,11/19/24,Completed,Data Entry,Volunteer Orientation,Vol Recruitment,12/5/24,2024-12-05 18:30:00.0000000 -06:00,2024-12-05 19:30:00.0000000 -06:00,Belle Isle Library
135167002,12/11/24,Completed,Attendee,Connection and Care,Vol Recruitment,12/10/24,2024-12-10 18:30:00.0000000 -05:00,2024-12-10 20:00:00.0000000 -05:00,Church of the Open Arms
135178237,11/25/24,Completed,Attendee,Volunteer Orientation,Vol Recruitment,12/5/24,2024-12-05 18:30:00.0000000 -06:00,2024-12-05 19:30:00.0000000 -06:00,Belle Isle Library
135178940,3/19/25,Completed,Attendee,Connection and Care,Vol Orientatio,3/25/25,2025-03-25 18:30:00.0000000 -05:00,2025-03-25 20:00:00.0000000 -05:00,Church of the Open Arms
135182073,3/26/25,Completed,Attendee,Connection and Care,Vol Orientatio,3/25/25,2025-03-25 18:30:00.0000000 -05:00,2025-03-25 20:00:00.0000000 -05:00,Church of the Open Arms
135184517,11/25/24,Completed,Data Entry,Volunteer Orientation,Vol Recruitment,12/5/24,2024-12-05 18:30:00.0000000 -06:00,2024-12-05 19:30:00.0000000 -06:00,Belle Isle Library
135185334,11/27/24,No Show,Data Entry,Volunteer Orientation,Vol Recruitment,12/5/24,2024-12-05 18:30:00.0000000 -06:00,2024-12-05 19:30:00.0000000 -06:00,Belle Isle Library
135302318,12/6/24,Completed,Attendee,Volunteer Orientation,Vol Recruitment,12/5/24,2024-12-05 18:30:00.0000000 -06:00,2024-12-05 19:30:00.0000000 -06:00,Belle Isle Library
135302332,10/6/25,No Show,Attendee,Volunteer Orientation ,Vol Orientatio,10/29/25,2025-10-29 18:30:00.0000000 -05:00,2025-10-29 20:00:00.0000000 -05:00,Belle Isle Library
135302332,11/3/25,Sched-Web,Attendee,Connection and Care ,Vol Orientatio,11/5/25,2025-11-05 18:30:00.0000000 -06:00,2025-11-05 20:00:00.0000000 -06:00,Belle Isle Library
135338055,12/8/24,Completed,Data Entry,Connection and Care,Vol Recruitment,12/10/24,2024-12-10 18:30:00.0000000 -05:00,2024-12-10 20:00:00.0000000 -05:00,Church of the Open Arms
135338055,12/2/24,Completed,Data Entry,Volunteer Orientation,Vol Recruitment,12/5/24,2024-12-05 18:30:00.0000000 -06:00,2024-12-05 19:30:00.0000000 -06:00,Belle Isle Library
135349299,12/6/24,Completed,Attendee,Volunteer Orientation,Vol Recruitment,12/5/24,2024-12-05 18:30:00.0000000 -06:00,2024-12-05 19:30:00.0000000 -06:00,Belle Isle Library
135601542,12/24/24,Completed,Attendee,January Orientation ,Vol Orientatio,1/9/25,2025-01-09 19:00:00.0000000 -06:00,2025-01-09 20:00:00.0000000 -06:00,Belle Isle Library
135634760,12/27/24,Completed,Attendee,January Orientation ,Vol Orientatio,1/9/25,2025-01-09 19:00:00.0000000 -06:00,2025-01-09 20:00:00.0000000 -06:00,Belle Isle Library
135647752,1/1/25,Completed,Attendee,January Orientation ,Vol Orientatio,1/9/25,2025-01-09 19:00:00.0000000 -06:00,2025-01-09 20:00:00.0000000 -06:00,Belle Isle Library
135725336,1/27/25,Completed,Organizer,Connection and Care,Training,1/28/25,2025-01-28 18:30:00.0000000 -06:00,2025-01-28 20:00:00.0000000 -06:00,Church of the Open Arms
135727412,1/9/25,Completed,Attendee,January Orientation ,Vol Orientatio,1/9/25,2025-01-09 19:00:00.0000000 -06:00,2025-01-09 20:00:00.0000000 -06:00,Belle Isle Library
135749963,2/24/25,Completed,Attendee,Connection and Care,Vol Recruitment,2/25/25,2025-02-25 18:30:00.0000000 -06:00,2025-02-25 20:00:00.0000000 -06:00,Church of the Open Arms
135800619,3/4/25,Completed,Attendee,Connection and Care,Vol Orientatio,3/25/25,2025-03-25 18:30:00.0000000 -05:00,2025-03-25 20:00:00.0000000 -05:00,Church of the Open Arms
135835240,3/26/25,Completed,Attendee,Connection and Care,Vol Orientatio,3/25/25,2025-03-25 18:30:00.0000000 -05:00,2025-03-25 20:00:00.0000000 -05:00,Church of the Open Arms
135850819,2/1/25,Completed,Data Entry,Connection and Care,Vol Recruitment,2/25/25,2025-02-25 18:30:00.0000000 -06:00,2025-02-25 20:00:00.0000000 -06:00,Church of the Open Arms
135867311,2/23/25,Completed,Data Entry,Connection and Care,Vol Recruitment,2/25/25,2025-02-25 18:30:00.0000000 -06:00,2025-02-25 20:00:00.0000000 -06:00,Church of the Open Arms
135876113,2/27/25,Completed,Attendee,Volunteer Orienation ,Vol Orientatio,3/20/25,2025-03-20 19:00:00.0000000 -04:00,2025-03-20 21:00:00.0000000 -04:00,Belle Isle Library
135899169,3/3/25,Completed,Attendee,Connection and Care,Vol Orientatio,3/25/25,2025-03-25 18:30:00.0000000 -05:00,2025-03-25 20:00:00.0000000 -05:00,Church of the Open Arms
135899426,3/24/25,Completed,Attendee,Connection and Care,Vol Orientatio,3/25/25,2025-03-25 18:30:00.0000000 -05:00,2025-03-25 20:00:00.0000000 -05:00,Church of the Open Arms
135954452,3/24/25,Completed,Attendee,Connection and Care,Vol Orientatio,3/25/25,2025-03-25 18:30:00.0000000 -05:00,2025-03-25 20:00:00.0000000 -05:00,Church of the Open Arms
135956997,3/21/25,Completed,Attendee,Connection and Care,Vol Orientatio,3/25/25,2025-03-25 18:30:00.0000000 -05:00,2025-03-25 20:00:00.0000000 -05:00,Church of the Open Arms
135956997,3/13/25,Completed,Attendee,Volunteer Orienation ,Vol Orientatio,3/20/25,2025-03-20 19:00:00.0000000 -04:00,2025-03-20 21:00:00.0000000 -04:00,Belle Isle Library
135975543,3/19/25,Completed,Attendee,Volunteer Orienation ,Vol Orientatio,3/20/25,2025-03-20 19:00:00.0000000 -04:00,2025-03-20 21:00:00.0000000 -04:00,Belle Isle Library
135975543,3/21/25,Completed,Attendee,Connection and Care,Vol Orientatio,3/25/25,2025-03-25 18:30:00.0000000 -05:00,2025-03-25 20:00:00.0000000 -05:00,Church of the Open Arms
136068617,5/20/25,Sched-Web,Attendee,Connection and Care,Vol Orientatio,5/27/25,2025-05-27 18:30:00.0000000 -05:00,2025-05-27 20:00:00.0000000 -05:00,Church of the Open Arms
136068617,11/7/24,Declined,Data Entry,Volunteer Orientation ,Vol Recruitment,11/9/24,2024-11-09 14:30:00.0000000 -06:00,2024-11-09 16:00:00.0000000 -06:00,Belle Isle Library
136068688,10/20/25,Completed,Attendee,Volunteer Orientation ,Vol Orientatio,10/18/25,2025-10-18 11:00:00.0000000 -05:00,2025-10-18 12:30:00.0000000 -05:00,The Village Library
136169018,9/3/24,Completed,Data Entry,September Volunteer Orientation,Vol Recruitment,9/10/24,2024-09-10 18:30:00.0000000 -05:00,2024-09-10 20:00:00.0000000 -05:00,Church of the Open Arms
136169018,7/29/24,No Show,Data Entry,August Volunteer Orientation,Vol Recruitment,8/15/24,2024-08-15 18:30:00.0000000 -05:00,2024-08-15 20:00:00.0000000 -05:00,Belle Isle Library
136185801,3/5/25,Completed,Attendee,Volunteer Orienation ,Vol Orientatio,3/20/25,2025-03-20 19:00:00.0000000 -04:00,2025-03-20 21:00:00.0000000 -04:00,Belle Isle Library
136186139,5/27/25,Scheduled,Attendee,Connection and Care,Vol Orientatio,5/27/25,2025-05-27 18:30:00.0000000 -05:00,2025-05-27 20:00:00.0000000 -05:00,Church of the Open Arms
136189519,3/26/25,Completed,Attendee,Connection and Care,Vol Orientatio,3/25/25,2025-03-25 18:30:00.0000000 -05:00,2025-03-25 20:00:00.0000000 -05:00,Church of the Open Arms
136196901,3/7/25,No Show,Attendee,Volunteer Orienation ,Vol Orientatio,3/20/25,2025-03-20 19:00:00.0000000 -04:00,2025-03-20 21:00:00.0000000 -04:00,Belle Isle Library
136223379,3/7/25,Completed,Attendee,Volunteer Orienation ,Vol Orientatio,3/20/25,2025-03-20 19:00:00.0000000 -04:00,2025-03-20 21:00:00.0000000 -04:00,Belle Isle Library
136227468,10/23/25,Sched-Web,Volunteer,Trunk or Treat 2025 ,Group Volunteer,10/30/25,2025-10-30 18:00:00.0000000 -05:00,2025-10-30 19:30:00.0000000 -05:00,Church of the Open Arms
136246065,3/24/25,Completed,Attendee,Connection and Care,Vol Orientatio,3/25/25,2025-03-25 18:30:00.0000000 -05:00,2025-03-25 20:00:00.0000000 -05:00,Church of the Open Arms
136246065,3/11/25,No Show,Attendee,Volunteer Orienation ,Vol Orientatio,3/20/25,2025-03-20 19:00:00.0000000 -04:00,2025-03-20 21:00:00.0000000 -04:00,Belle Isle Library
136264525,3/14/25,No Show,Attendee,Volunteer Orienation ,Vol Orientatio,3/20/25,2025-03-20 19:00:00.0000000 -04:00,2025-03-20 21:00:00.0000000 -04:00,Belle Isle Library
136264558,3/13/25,No Show,Attendee,Volunteer Orienation ,Vol Orientatio,3/20/25,2025-03-20 19:00:00.0000000 -04:00,2025-03-20 21:00:00.0000000 -04:00,Belle Isle Library
136266367,3/18/25,Completed,Attendee,Volunteer Orienation ,Vol Orientatio,3/20/25,2025-03-20 19:00:00.0000000 -04:00,2025-03-20 21:00:00.0000000 -04:00,Belle Isle Library
136370491,3/26/25,Completed,Attendee,Connection and Care,Vol Orientatio,3/25/25,2025-03-25 18:30:00.0000000 -05:00,2025-03-25 20:00:00.0000000 -05:00,Church of the Open Arms
136370501,3/26/25,Completed,Attendee,Connection and Care,Vol Orientatio,3/25/25,2025-03-25 18:30:00.0000000 -05:00,2025-03-25 20:00:00.0000000 -05:00,Church of the Open Arms
136397219,5/8/25,Completed,Attendee,Volunteer Orientation,Vol Orientatio,5/20/25,2025-05-20 18:30:00.0000000 -05:00,2025-05-20 20:00:00.0000000 -05:00,The Village Library
136452483,2/21/25,Completed,Attendee,Connection and Care,Vol Recruitment,2/25/25,2025-02-25 18:30:00.0000000 -06:00,2025-02-25 20:00:00.0000000 -06:00,Church of the Open Arms
136452836,1/9/26,Completed,Attendee,Volunteer Orientation ,Vol Orientatio,1/14/26,2026-01-14 18:30:00.0000000 -06:00,2026-01-14 20:00:00.0000000 -06:00,Belle Isle Library
136453486,6/6/24,Completed,Attendee,Volunteer Orientation,Training,6/24/24,2024-06-24 18:30:00.0000000 -05:00,2024-06-24 20:00:00.0000000 -05:00,Belle Isle Library
136483628,9/26/24,Completed,Data Entry,Volunteer Orientation October ,Vol Recruitment,10/10/24,2024-10-10 18:30:00.0000000 -05:00,2024-10-10 20:00:00.0000000 -05:00,Belle Isle Library
136483628,10/29/24,Sched-Web,Data Entry,Connection and Care,Vol Recruitment,10/30/24,2024-10-30 18:30:00.0000000 -05:00,2024-10-30 20:00:00.0000000 -05:00,Church of the Open Arms
136483628,11/13/24,Completed,Data Entry,Connection and Care,Vol Recruitment,11/19/24,2024-11-19 18:30:00.0000000 -05:00,2024-11-19 19:30:00.0000000 -05:00,Church of the Open Arms
136487937,10/5/25,Completed,Attendee,Volunteer Orientation ,Vol Orientatio,10/18/25,2025-10-18 11:00:00.0000000 -05:00,2025-10-18 12:30:00.0000000 -05:00,The Village Library
136489758,5/17/25,Completed,Attendee,Volunteer Orientation,Vol Orientatio,5/20/25,2025-05-20 18:30:00.0000000 -05:00,2025-05-20 20:00:00.0000000 -05:00,The Village Library
136491315,5/20/25,Completed,Attendee,Volunteer Orientation,Vol Orientatio,5/20/25,2025-05-20 18:30:00.0000000 -05:00,2025-05-20 20:00:00.0000000 -05:00,The Village Library
136491315,5/27/25,Scheduled,Attendee,Connection and Care,Vol Orientatio,5/27/25,2025-05-27 18:30:00.0000000 -05:00,2025-05-27 20:00:00.0000000 -05:00,Church of the Open Arms
136526550,2/24/25,Completed,Attendee,Volunteer Orienation ,Vol Orientatio,3/20/25,2025-03-20 19:00:00.0000000 -04:00,2025-03-20 21:00:00.0000000 -04:00,Belle Isle Library
136662969,5/23/25,Completed,Attendee,Connection and Care,Vol Orientatio,5/27/25,2025-05-27 18:30:00.0000000 -05:00,2025-05-27 20:00:00.0000000 -05:00,Church of the Open Arms
136663581,8/22/25,Completed,Attendee,August Volunteer Orientation,Vol Orientatio,8/26/25,2025-08-26 19:00:00.0000000 -05:00,2025-08-26 20:30:00.0000000 -05:00,The Village Library
136663581,6/18/25,No Show,Attendee,Volunteer Orientation,Vol Orientatio,6/18/25,2025-06-18 18:30:00.0000000 -05:00,2025-06-18 20:00:00.0000000 -05:00,Belle Isle Library
136663934,1/9/25,Completed,Attendee,January Orientation ,Vol Orientatio,1/9/25,2025-01-09 19:00:00.0000000 -06:00,2025-01-09 20:00:00.0000000 -06:00,Belle Isle Library
136715330,5/8/25,Sched-Web,Attendee,Volunteer Orientation,Vol Orientatio,5/20/25,2025-05-20 18:30:00.0000000 -05:00,2025-05-20 20:00:00.0000000 -05:00,The Village Library
136845536,5/21/25,Completed,Attendee,Volunteer Orientation,Vol Orientatio,5/20/25,2025-05-20 18:30:00.0000000 -05:00,2025-05-20 20:00:00.0000000 -05:00,The Village Library
136845536,6/30/25,Sched-Web,Attendee,Connection and Care,Vol Orientatio,7/2/25,2025-07-02 18:30:00.0000000 -05:00,2025-07-02 20:30:00.0000000 -05:00,Belle Isle Library
136893034,5/26/25,Completed,Attendee,Volunteer Orientation,Vol Orientatio,6/18/25,2025-06-18 18:30:00.0000000 -05:00,2025-06-18 20:00:00.0000000 -05:00,Belle Isle Library
136893034,6/30/25,Completed,Attendee,Connection and Care,Vol Orientatio,7/2/25,2025-07-02 18:30:00.0000000 -05:00,2025-07-02 20:30:00.0000000 -05:00,Belle Isle Library
136899467,6/17/25,Completed,Attendee,Volunteer Orientation,Vol Orientatio,6/18/25,2025-06-18 18:30:00.0000000 -05:00,2025-06-18 20:00:00.0000000 -05:00,Belle Isle Library
136899467,6/30/25,Sched-Web,Attendee,Connection and Care,Vol Orientatio,7/2/25,2025-07-02 18:30:00.0000000 -05:00,2025-07-02 20:30:00.0000000 -05:00,Belle Isle Library
136900999,6/27/25,Sched-Web,Attendee,Connection and Care,Vol Orientatio,7/2/25,2025-07-02 18:30:00.0000000 -05:00,2025-07-02 20:30:00.0000000 -05:00,Belle Isle Library
136900999,6/1/25,Completed,Attendee,Volunteer Orientation,Vol Orientatio,6/18/25,2025-06-18 18:30:00.0000000 -05:00,2025-06-18 20:00:00.0000000 -05:00,Belle Isle Library
136924651,6/18/25,Completed,Attendee,Volunteer Orientation,Vol Orientatio,6/18/25,2025-06-18 18:30:00.0000000 -05:00,2025-06-18 20:00:00.0000000 -05:00,Belle Isle Library
136924651,7/1/25,Sched-Web,Attendee,Connection and Care,Vol Orientatio,7/2/25,2025-07-02 18:30:00.0000000 -05:00,2025-07-02 20:30:00.0000000 -05:00,Belle Isle Library
136925970,6/9/25,Completed,Attendee,Volunteer Orientation,Vol Orientatio,6/18/25,2025-06-18 18:30:00.0000000 -05:00,2025-06-18 20:00:00.0000000 -05:00,Belle Isle Library
137045709,6/11/25,No Show,Attendee,Volunteer Orientation,Vol Orientatio,6/18/25,2025-06-18 18:30:00.0000000 -05:00,2025-06-18 20:00:00.0000000 -05:00,Belle Isle Library
137048042,6/12/25,Completed,Attendee,Volunteer Orientation,Vol Orientatio,6/18/25,2025-06-18 18:30:00.0000000 -05:00,2025-06-18 20:00:00.0000000 -05:00,Belle Isle Library
137048042,7/2/25,Sched-Web,Attendee,Connection and Care,Vol Orientatio,7/2/25,2025-07-02 18:30:00.0000000 -05:00,2025-07-02 20:30:00.0000000 -05:00,Belle Isle Library
137061421,6/17/25,No Show,Attendee,Volunteer Orientation,Vol Orientatio,6/18/25,2025-06-18 18:30:00.0000000 -05:00,2025-06-18 20:00:00.0000000 -05:00,Belle Isle Library
137306105,7/15/25,Sched-Web,Attendee,August Volunteer Orientation,Vol Orientatio,8/26/25,2025-08-26 19:00:00.0000000 -05:00,2025-08-26 20:30:00.0000000 -05:00,The Village Library
137534992,7/29/25,Sched-Web,Attendee,August Volunteer Orientation,Vol Orientatio,8/26/25,2025-08-26 19:00:00.0000000 -05:00,2025-08-26 20:30:00.0000000 -05:00,The Village Library
137585749,8/19/25,Sched-Web,Attendee,Connection and Care ,Vol Orientatio,9/10/25,2025-09-10 18:30:00.0000000 -05:00,2025-09-10 20:00:00.0000000 -05:00,The Village Library
137624724,8/18/25,Sched-Web,Attendee,August Volunteer Orientation,Vol Orientatio,8/26/25,2025-08-26 19:00:00.0000000 -05:00,2025-08-26 20:30:00.0000000 -05:00,The Village Library
137766923,10/6/25,Completed,Attendee,Volunteer Orientation ,Vol Orientatio,10/29/25,2025-10-29 18:30:00.0000000 -05:00,2025-10-29 20:00:00.0000000 -05:00,Belle Isle Library
137767442,10/6/25,Scheduled,Attendee,Volunteer Orientation ,Vol Orientatio,10/29/25,2025-10-29 18:30:00.0000000 -05:00,2025-10-29 20:00:00.0000000 -05:00,Belle Isle Library
137775464,10/17/25,Sched-Web,Attendee,Volunteer Orientation ,Vol Orientatio,10/29/25,2025-10-29 18:30:00.0000000 -05:00,2025-10-29 20:00:00.0000000 -05:00,Belle Isle Library
137785120,9/3/25,Sched-Web,Attendee,Volunteer Orientation ,Vol Orientatio,9/20/25,2025-09-20 11:00:00.0000000 -05:00,2025-09-20 12:30:00.0000000 -05:00,Belle Isle Library
138021690,10/17/25,Completed,Attendee,Volunteer Orientation ,Vol Orientatio,10/18/25,2025-10-18 11:00:00.0000000 -05:00,2025-10-18 12:30:00.0000000 -05:00,The Village Library
138021816,11/3/25,Completed,Attendee,Volunteer Orientation ,Vol Orientatio,10/18/25,2025-10-18 11:00:00.0000000 -05:00,2025-10-18 12:30:00.0000000 -05:00,The Village Library
138023727,10/15/25,Completed,Attendee,Volunteer Orientation ,Vol Orientatio,10/18/25,2025-10-18 11:00:00.0000000 -05:00,2025-10-18 12:30:00.0000000 -05:00,The Village Library
138023727,10/31/25,Sched-Web,Attendee,Connection and Care ,Vol Orientatio,11/5/25,2025-11-05 18:30:00.0000000 -06:00,2025-11-05 20:00:00.0000000 -06:00,Belle Isle Library
138023727,11/13/24,Declined,Data Entry,Volunteer Orientation,Vol Recruitment,12/5/24,2024-12-05 18:30:00.0000000 -06:00,2024-12-05 19:30:00.0000000 -06:00,Belle Isle Library
138044656,10/2/25,Completed,Attendee,Volunteer Orientation ,Vol Orientatio,10/29/25,2025-10-29 18:30:00.0000000 -05:00,2025-10-29 20:00:00.0000000 -05:00,Belle Isle Library
138044656,10/30/25,Completed,Attendee,Connection and Care ,Vol Orientatio,11/5/25,2025-11-05 18:30:00.0000000 -06:00,2025-11-05 20:00:00.0000000 -06:00,Belle Isle Library
138048090,10/13/25,Completed,Attendee,Volunteer Orientation ,Vol Orientatio,10/18/25,2025-10-18 11:00:00.0000000 -05:00,2025-10-18 12:30:00.0000000 -05:00,The Village Library
138081434,10/4/25,No Show,Attendee,Volunteer Orientation ,Vol Orientatio,10/18/25,2025-10-18 11:00:00.0000000 -05:00,2025-10-18 12:30:00.0000000 -05:00,The Village Library
138082084,10/4/25,Sched-Web,Attendee,Volunteer Orientation ,Vol Orientatio,10/18/25,2025-10-18 11:00:00.0000000 -05:00,2025-10-18 12:30:00.0000000 -05:00,The Village Library
138133213,10/15/25,No Show,Attendee,Volunteer Orientation ,Vol Orientatio,10/18/25,2025-10-18 11:00:00.0000000 -05:00,2025-10-18 12:30:00.0000000 -05:00,The Village Library
138137772,10/16/25,Completed,Attendee,Volunteer Orientation ,Vol Orientatio,10/18/25,2025-10-18 11:00:00.0000000 -05:00,2025-10-18 12:30:00.0000000 -05:00,The Village Library
138137777,10/16/25,Completed,Attendee,Volunteer Orientation ,Vol Orientatio,10/18/25,2025-10-18 11:00:00.0000000 -05:00,2025-10-18 12:30:00.0000000 -05:00,The Village Library
138143995,10/27/25,Completed,Attendee,Volunteer Orientation ,Vol Orientatio,10/29/25,2025-10-29 18:30:00.0000000 -05:00,2025-10-29 20:00:00.0000000 -05:00,Belle Isle Library
138143995,11/3/25,Sched-Web,Attendee,Connection and Care ,Vol Orientatio,11/5/25,2025-11-05 18:30:00.0000000 -06:00,2025-11-05 20:00:00.0000000 -06:00,Belle Isle Library
138281518,10/23/25,Sched-Web,Volunteer,Trunk or Treat 2025 ,Group Volunteer,10/30/25,2025-10-30 18:00:00.0000000 -05:00,2025-10-30 19:30:00.0000000 -05:00,Church of the Open Arms
138283068,10/23/25,Sched-Web,Volunteer,Trunk or Treat 2025 ,Group Volunteer,10/30/25,2025-10-30 18:00:00.0000000 -05:00,2025-10-30 19:30:00.0000000 -05:00,Church of the Open Arms
138284398,10/23/25,Sched-Web,Volunteer,Trunk or Treat 2025 ,Group Volunteer,10/30/25,2025-10-30 18:00:00.0000000 -05:00,2025-10-30 19:30:00.0000000 -05:00,Church of the Open Arms
138285246,10/23/25,Sched-Web,Volunteer,Trunk or Treat 2025 ,Group Volunteer,10/30/25,2025-10-30 18:00:00.0000000 -05:00,2025-10-30 19:30:00.0000000 -05:00,Church of the Open Arms
138329499,10/24/25,Completed,Attendee,Volunteer Orientation ,Vol Orientatio,10/29/25,2025-10-29 18:30:00.0000000 -05:00,2025-10-29 20:00:00.0000000 -05:00,Belle Isle Library
138329499,11/3/25,Completed,Attendee,Connection and Care ,Vol Orientatio,11/5/25,2025-11-05 18:30:00.0000000 -06:00,2025-11-05 20:00:00.0000000 -06:00,Belle Isle Library
138330429,10/24/25,Completed,Attendee,Connection and Care ,Vol Orientatio,11/5/25,2025-11-05 18:30:00.0000000 -06:00,2025-11-05 20:00:00.0000000 -06:00,Belle Isle Library
138330429,10/24/25,Completed,Attendee,Volunteer Orientation ,Vol Orientatio,10/18/25,2025-10-18 11:00:00.0000000 -05:00,2025-10-18 12:30:00.0000000 -05:00,The Village Library
138330434,10/24/25,Completed,Attendee,Volunteer Orientation ,Vol Orientatio,10/18/25,2025-10-18 11:00:00.0000000 -05:00,2025-10-18 12:30:00.0000000 -05:00,The Village Library
138330434,11/3/25,Completed,Attendee,Connection and Care ,Vol Orientatio,11/5/25,2025-11-05 18:30:00.0000000 -06:00,2025-11-05 20:00:00.0000000 -06:00,Belle Isle Library
138343795,11/3/25,Sched-Web,Attendee,Connection and Care ,Vol Orientatio,11/5/25,2025-11-05 18:30:00.0000000 -06:00,2025-11-05 20:00:00.0000000 -06:00,Belle Isle Library
138343795,11/3/25,Completed,Attendee,Volunteer Orientation ,Vol Orientatio,10/29/25,2025-10-29 18:30:00.0000000 -05:00,2025-10-29 20:00:00.0000000 -05:00,Belle Isle Library
138368777,1/9/26,Completed,Attendee,Volunteer Orientation ,Vol Orientatio,1/14/26,2026-01-14 18:30:00.0000000 -06:00,2026-01-14 20:00:00.0000000 -06:00,Belle Isle Library
138374119,11/20/25,Completed,Attendee,Connection and Care ,Vol Orientatio,11/5/25,2025-11-05 18:30:00.0000000 -06:00,2025-11-05 20:00:00.0000000 -06:00,Belle Isle Library
138382362,11/20/25,Completed,Attendee,Connection and Care ,Vol Orientatio,11/5/25,2025-11-05 18:30:00.0000000 -06:00,2025-11-05 20:00:00.0000000 -06:00,Belle Isle Library
138403158,1/19/26,Sched-Web,Attendee,Volunteer Orientation ,Vol Orientatio,2/11/26,2026-02-11 18:30:00.0000000 -06:00,2026-02-11 20:00:00.0000000 -06:00,Belle Isle Library
138411753,11/24/25,Completed,Volunteer,Trunk or Treat 2025 ,Group Volunteer,10/30/25,2025-10-30 18:00:00.0000000 -05:00,2025-10-30 19:30:00.0000000 -05:00,Church of the Open Arms
138416287,12/2/25,Sched-Web,Attendee,Volunteer Orientation ,Vol Orientatio,12/27/25,2025-12-27 11:00:00.0000000 -06:00,2025-12-27 13:30:00.0000000 -06:00,Sisu Youth Services Services
138422445,11/20/25,Sched-Web,Attendee,Volunteer Orientation  ,Vol Orientatio,12/11/25,2025-12-11 18:30:00.0000000 -06:00,2025-12-11 20:00:00.0000000 -06:00,Belle Isle Library
138490664,12/1/25,Scheduled,Attendee,Volunteer Orientation ,Vol Orientatio,12/27/25,2025-12-27 11:00:00.0000000 -06:00,2025-12-27 13:30:00.0000000 -06:00,Sisu Youth Services Services
138584809,12/16/25,Completed,Attendee,Volunteer Orientation ,Vol Orientatio,12/27/25,2025-12-27 11:00:00.0000000 -06:00,2025-12-27 13:30:00.0000000 -06:00,Sisu Youth Services Services
138588410,1/19/26,Completed,Attendee,Volunteer Orientation ,Vol Orientatio,1/14/26,2026-01-14 18:30:00.0000000 -06:00,2026-01-14 20:00:00.0000000 -06:00,Belle Isle Library
138611700,1/14/26,Sched-Web,Attendee,Volunteer Orientation,Vol Orientatio,1/31/26,2026-01-31 14:00:00.0000000 -06:00,2026-01-31 15:30:00.0000000 -06:00,Sisu Youth Services Services
138611700,2/9/26,Sched-Web,Attendee,Volunteer Orientation ,Vol Orientatio,2/21/26,2026-02-21 14:00:00.0000000 -06:00,2026-02-21 15:30:00.0000000 -06:00,Sisu Youth Services Services
138724471,12/25/25,Completed,Attendee,Volunteer Orientation ,Vol Orientatio,12/27/25,2025-12-27 11:00:00.0000000 -06:00,2025-12-27 13:30:00.0000000 -06:00,Sisu Youth Services Services
138795971,12/18/25,Completed,Attendee,Volunteer Orientation ,Vol Orientatio,12/27/25,2025-12-27 11:00:00.0000000 -06:00,2025-12-27 13:30:00.0000000 -06:00,Sisu Youth Services Services
138796451,2/2/26,Sched-Web,Attendee,Volunteer Orientation ,Vol Orientatio,2/11/26,2026-02-11 18:30:00.0000000 -06:00,2026-02-11 20:00:00.0000000 -06:00,Belle Isle Library
138812613,12/25/25,Completed,Attendee,Volunteer Orientation ,Vol Orientatio,12/27/25,2025-12-27 11:00:00.0000000 -06:00,2025-12-27 13:30:00.0000000 -06:00,Sisu Youth Services Services
138832695,1/6/26,Completed,Attendee,Volunteer Orientation ,Vol Orientatio,1/14/26,2026-01-14 18:30:00.0000000 -06:00,2026-01-14 20:00:00.0000000 -06:00,Belle Isle Library
138834283,1/6/26,Completed,Attendee,Volunteer Orientation ,Vol Orientatio,1/14/26,2026-01-14 18:30:00.0000000 -06:00,2026-01-14 20:00:00.0000000 -06:00,Belle Isle Library
138839271,1/9/26,Completed,Attendee,Volunteer Orientation ,Vol Orientatio,1/14/26,2026-01-14 18:30:00.0000000 -06:00,2026-01-14 20:00:00.0000000 -06:00,Belle Isle Library
138845298,1/9/26,Completed,Attendee,Volunteer Orientation ,Vol Orientatio,1/14/26,2026-01-14 18:30:00.0000000 -06:00,2026-01-14 20:00:00.0000000 -06:00,Belle Isle Library
138845591,1/20/26,Sched-Web,Attendee,Volunteer Orientation ,Vol Orientatio,2/11/26,2026-02-11 18:30:00.0000000 -06:00,2026-02-11 20:00:00.0000000 -06:00,Belle Isle Library
138845591,1/2/26,Sched-Web,Attendee,Volunteer Orientation,Vol Orientatio,1/31/26,2026-01-31 14:00:00.0000000 -06:00,2026-01-31 15:30:00.0000000 -06:00,Sisu Youth Services Services
138846631,1/9/26,Completed,Attendee,Volunteer Orientation,Vol Orientatio,1/31/26,2026-01-31 14:00:00.0000000 -06:00,2026-01-31 15:30:00.0000000 -06:00,Sisu Youth Services Services
138913585,1/7/26,Sched-Web,Attendee,Volunteer Orientation,Vol Orientatio,1/31/26,2026-01-31 14:00:00.0000000 -06:00,2026-01-31 15:30:00.0000000 -06:00,Sisu Youth Services Services
138913585,1/7/26,Sched-Web,Attendee,Volunteer Orientation ,Vol Orientatio,1/14/26,2026-01-14 18:30:00.0000000 -06:00,2026-01-14 20:00:00.0000000 -06:00,Belle Isle Library
138914318,2/3/26,Sched-Web,Attendee,Volunteer Orientation ,Vol Orientatio,2/11/26,2026-02-11 18:30:00.0000000 -06:00,2026-02-11 20:00:00.0000000 -06:00,Belle Isle Library
138914318,1/14/26,Sched-Web,Attendee,Volunteer Orientation,Vol Orientatio,1/31/26,2026-01-31 14:00:00.0000000 -06:00,2026-01-31 15:30:00.0000000 -06:00,Sisu Youth Services Services
138914318,1/20/26,Sched-Web,Attendee,Volunteer Orientation ,Vol Orientatio,2/21/26,2026-02-21 14:00:00.0000000 -06:00,2026-02-21 15:30:00.0000000 -06:00,Sisu Youth Services Services
138923952,1/9/26,Completed,Attendee,Volunteer Orientation ,Vol Orientatio,1/14/26,2026-01-14 18:30:00.0000000 -06:00,2026-01-14 20:00:00.0000000 -06:00,Belle Isle Library
138924094,1/9/26,Completed,Attendee,Volunteer Orientation ,Vol Orientatio,1/14/26,2026-01-14 18:30:00.0000000 -06:00,2026-01-14 20:00:00.0000000 -06:00,Belle Isle Library
138924633,1/10/26,Sched-Web,Attendee,Volunteer Orientation ,Vol Orientatio,1/14/26,2026-01-14 18:30:00.0000000 -06:00,2026-01-14 20:00:00.0000000 -06:00,Belle Isle Library
138925440,1/14/26,Sched-Web,Attendee,Volunteer Orientation,Vol Orientatio,1/31/26,2026-01-31 14:00:00.0000000 -06:00,2026-01-31 15:30:00.0000000 -06:00,Sisu Youth Services Services
138927312,1/12/26,Completed,Attendee,Volunteer Orientation ,Vol Orientatio,1/14/26,2026-01-14 18:30:00.0000000 -06:00,2026-01-14 20:00:00.0000000 -06:00,Belle Isle Library
138930832,1/14/26,Sched-Web,Attendee,Volunteer Orientation ,Vol Orientatio,1/14/26,2026-01-14 18:30:00.0000000 -06:00,2026-01-14 20:00:00.0000000 -06:00,Belle Isle Library
138932113,1/14/26,Sched-Web,Attendee,Volunteer Orientation,Vol Orientatio,1/31/26,2026-01-31 14:00:00.0000000 -06:00,2026-01-31 15:30:00.0000000 -06:00,Sisu Youth Services Services
138960024,1/22/26,Sched-Web,Attendee,Volunteer Orientation ,Vol Orientatio,2/21/26,2026-02-21 14:00:00.0000000 -06:00,2026-02-21 15:30:00.0000000 -06:00,Sisu Youth Services Services
138961752,1/19/26,Sched-Web,Attendee,Volunteer Orientation,Vol Orientatio,1/31/26,2026-01-31 14:00:00.0000000 -06:00,2026-01-31 15:30:00.0000000 -06:00,Sisu Youth Services Services
138961752,1/22/26,Sched-Web,Attendee,Volunteer Orientation ,Vol Orientatio,2/11/26,2026-02-11 18:30:00.0000000 -06:00,2026-02-11 20:00:00.0000000 -06:00,Belle Isle Library
138967821,1/21/26,Sched-Web,Attendee,Volunteer Orientation ,Vol Orientatio,2/11/26,2026-02-11 18:30:00.0000000 -06:00,2026-02-11 20:00:00.0000000 -06:00,Belle Isle Library
139078092,1/25/26,Sched-Web,Attendee,Volunteer Orientation,Vol Orientatio,1/31/26,2026-01-31 14:00:00.0000000 -06:00,2026-01-31 15:30:00.0000000 -06:00,Sisu Youth Services Services
139104999,1/31/26,Sched-Web,Attendee,Volunteer Orientation,Vol Orientatio,1/31/26,2026-01-31 14:00:00.0000000 -06:00,2026-01-31 15:30:00.0000000 -06:00,Sisu Youth Services Services
139163505,2/4/26,Sched-Web,Attendee,Volunteer Orientation ,Vol Orientatio,2/21/26,2026-02-21 14:00:00.0000000 -06:00,2026-02-21 15:30:00.0000000 -06:00,Sisu Youth Services Services
139343924,2/10/26,Sched-Web,Attendee,Volunteer Orientation ,Vol Orientatio,2/11/26,2026-02-11 18:30:00.0000000 -06:00,2026-02-11 20:00:00.0000000 -06:00,Belle Isle Library